project_id,language,high_file_id,high_h_median,control_file_id,control_h_median,distance
novo_sgp,CSharp,71261a9d39d697cd,0.9993687593251463,3aeabfa17e2c88e2,0.15425882086443832,10.000144352121135
novo_sgp,CSharp,473acad15c891997,0.9978932584269663,eeac3d9734b33a0d,0.3893701208426906,22.208621618018846
novo_sgp,CSharp,541e5385f3719f66,0.9975728155339806,c0d9c58300d8c393,0.15656079563683029,29.829912656556186
novo_sgp,CSharp,ba2b2d921c70fc42,0.9970985057304512,27866094e055cca0,0.3848319673420385,35.145577179321776
novo_sgp,CSharp,d9bcd6c021fb4304,0.9968398876404494,096b91a80020a7ea,0.15487984653450393,16.74030091893977
novo_sgp,CSharp,3a15a4cb4e05585e,0.9958293230670516,cc7d09828fb36171,0.15656079563683029,24.96368679315851
novo_sgp,CSharp,7aa4e3d525774c8e,0.9958108573396075,8d2051485cae0b00,0.15656079563683029,16.348266539423037
novo_sgp,CSharp,7bd64ebe741bfcf5,0.9952125344552445,5d8b4e0700b60802,0.43848272695971535,26.97272915865837
novo_sgp,CSharp,d73b0225ba203d56,0.9949880002228406,48df9011c50d9f3a,0.43848272695971535,15.362311857873733
novo_sgp,CSharp,774df2de9b2c1489,0.9944333721157566,8e9d0dd4a0500896,0.38524590163934425,6.222056429885968
novo_sgp,CSharp,a7cffc9fc9b7da42,0.993254025823299,e10c8f5c996b872f,0.29231039325842695,14.256502264470164
novo_sgp,CSharp,d776a12ee45490f3,0.9926577669902913,ebe39b5310dd4c92,0.43848272695971535,13.8855653307064
novo_sgp,CSharp,dd7535d191a504e2,0.9907935923402689,90b48913651ac141,0.43848272695971535,9.062550434449626
novo_sgp,CSharp,60981f1d3514d0e0,0.9905560456875738,6c10e67e5d24605e,0.43848272695971535,11.60579581328727
novo_sgp,CSharp,4b8f66f46d96b480,0.9884552932821826,52aa1518551d77cf,0.16028355735591973,3.991691288397284
novo_sgp,CSharp,26ff43edaf121971,0.9884129213483146,4a84746ea19a23e3,0.43848272695971535,28.69210631618241
novo_sgp,CSharp,84d1b96efd942deb,0.9884101941747573,ecba9d56ac8375ee,0.43848272695971535,2.507425021389224
novo_sgp,CSharp,8ab4df1f902d2ac8,0.9882157981955441,771ca5d4bbce6d60,0.43848272695971535,6.6625864854056545
novo_sgp,CSharp,ae23ec03867c0d3f,0.9881038734948498,bd66045df3f205f0,0.43848272695971535,7.952119353548685
novo_sgp,CSharp,4d83b7f70cc7f6dc,0.9876820388349514,1f017ab240f7d243,0.15487984653450393,8.54914715034773
novo_sgp,CSharp,c1e0ad8e6afbcca4,0.9873872215061683,2dedb23f46979458,0.29231039325842695,5.981999693885721
novo_sgp,CSharp,78fc3672ce13bd85,0.986204683991017,7531fb6caf6317d1,0.38524590163934425,12.787867609085046
novo_sgp,CSharp,b1b8fa1b5136e9a7,0.9858257775737403,591c3721b6a0a8c4,0.43848272695971535,8.417784000378111
novo_sgp,CSharp,87b96dbf595de688,0.9857101407224721,af83d0c846fa40dc,0.43848272695971535,15.205784991863109
novo_sgp,CSharp,4b9b994cc48a0a99,0.9838042378780941,a46f57a1b9f87575,0.15319889743217757,15.863376775606659
novo_sgp,CSharp,7c03ac8de91440ee,0.9834614826635717,3c822a6f9c5c8b67,0.43848272695971535,14.277963709644126
novo_sgp,CSharp,a756525155aee189,0.9829681458294973,cd18642bb18cbbbf,0.43848272695971535,4.799927898087944
novo_sgp,CSharp,c47c1e56f6f833ee,0.9827669902912621,62fa745774494a3a,0.15656079563683029,8.417784000378113
novo_sgp,CSharp,bbf8ed5ddf35b620,0.9823734223124909,076e6d62ac9ed141,0.15656079563683029,7.164071489683498
novo_sgp,CSharp,0ed453248e253b7b,0.9823008849557522,50853db9e2437788,0.15425882086443832,13.745994811264154
novo_sgp,CSharp,b305e198e6244375,0.9820926966292135,494daec49613a07e,0.43848272695971535,4.656646468294275
novo_sgp,CSharp,5f02cbe34b757066,0.9812148876404494,8038f1f4efc0e5df,0.38029381384138644,10.323988494457861
novo_sgp,CSharp,5a7ae8fec2e9032c,0.9804149136805455,27854392d0c83072,0.15319889743217757,42.10830845235608
novo_sgp,CSharp,4a4648b1001b98a9,0.9800970873786408,e8a43e77f407f489,0.15425882086443832,7.763525880491903
novo_sgp,CSharp,926ebc3ffce59a94,0.9800970873786408,0d599669b23a3556,0.43848272695971535,9.743137225969559
novo_sgp,CSharp,e7fc3e4e002058b6,0.9789641665457711,cb3e36a5a7b26175,0.15656079563683029,8.668526502517036
novo_sgp,CSharp,ef37190708228f04,0.9785088824153587,cf8aa277ea4c4e61,0.15487984653450393,23.228846568385077
novo_sgp,CSharp,9d9bd257b39c7093,0.9783980582524272,06c6c3612f14a0e3,0.3893701208426906,38.04121961021938
novo_sgp,CSharp,3262600322bfa5b3,0.9769628195204445,ed13048982f42050,0.38524590163934425,8.013444594856146
novo_sgp,CSharp,64c7b71048e06172,0.9742492383577542,8a95317452d541f3,0.15319889743217757,2.113401089456632
novo_sgp,CSharp,7861c8a7df73f533,0.9716019417475729,784eb1577a70fbf7,0.3848319673420385,8.013444594856148
novo_sgp,CSharp,176a3648d728073b,0.9716019417475729,381ab32917466871,0.29231039325842695,19.307172664697028
novo_sgp,CSharp,839a0ac8ff40e443,0.9699873751865029,550bf0a3b5e30c51,0.43848272695971535,14.937089055990095
novo_sgp,CSharp,f2fc682d9e199a92,0.9699873751865029,460dba0726cdcf97,0.15319889743217757,10.961029379215756
novo_sgp,CSharp,36d29b4e5cf73275,0.9699873751865029,19b5e24c602fc43c,0.15319889743217757,8.16704149823919
novo_sgp,CSharp,0dd05a066562d598,0.9699873751865029,c9cd501bfea03af2,0.15656079563683029,6.877508630096159
novo_sgp,CSharp,8f4242484de53001,0.966306370650247,89e57b8ffff40db7,0.38524590163934425,8.156277992365606
novo_sgp,CSharp,e56d1a0ea3d44876,0.9646027162870281,51b3fd99f65dbf5a,0.3848319673420385,9.656830141709486
novo_sgp,CSharp,c46b049b012c4e1a,0.9646027162870281,99da2eba2726168b,0.15319889743217757,5.623796119401547
novo_sgp,CSharp,efdd646c923418bb,0.9646027162870281,9f6c85878b2eee0b,0.43848272695971535,11.999819745219861
novo_sgp,CSharp,57980df40a48c74f,0.9643116204845495,b99ab3da2ba6b3dc,0.15319889743217757,2.7581675235281473
novo_sgp,CSharp,c8ae22b18371faf1,0.9617002756419556,9e66b29fcfd63302,0.3848319673420385,6.58618118709583
novo_sgp,CSharp,a623f3f5ef2fed1f,0.961376404494382,b01df6d8cfd33ff1,0.15656079563683029,12.250562247358785
novo_sgp,CSharp,e522ccb49b186a5e,0.9611489596759345,c0c28d2deabaa323,0.43848272695971535,6.877508630096158
novo_sgp,CSharp,9be1433d96371b51,0.9611489596759345,e4b24af62afb2e16,0.3893701208426906,2.256682519250302
novo_sgp,CSharp,aa533ab878d5e2c3,0.9609933870132032,2357f7e7cae15a92,0.1566104228961982,6.229763536582083
novo_sgp,CSharp,b85b1776d47bded2,0.958939421837599,58c3a63a756dc523,0.43848272695971535,13.540095115501813
novo_sgp,CSharp,48a9438e23123f79,0.9583871694566284,803ddde5ba22f245,0.43848272695971535,8.78134574681179
novo_sgp,CSharp,951b3aa0526176b5,0.9577832583780647,ab2840c16f0335e5,0.3848319673420385,8.084859311686099
novo_sgp,CSharp,2b317112e6df966b,0.9577832583780647,3314c6fdc67071c9,0.3848319673420385,4.806748808402946
novo_sgp,CSharp,e1061b22b4231370,0.9574205715943711,17ed707f6a8841e3,0.43848272695971535,15.546035132613191
novo_sgp,CSharp,1e1fe7b347ea8b09,0.9574205715943711,718db09f762961a8,0.43848272695971535,13.719196902743901
novo_sgp,CSharp,5ef5112769aabf88,0.955995828152574,896c247efbe7638a,0.29231039325842695,5.516335047056294
novo_sgp,CSharp,af81fb2ee3c5f9d8,0.9552977077629411,450073f5f1506e1c,0.15425882086443832,11.426694026045181
novo_sgp,CSharp,f86df6a7bc5bb0b4,0.954611650485437,917814b988b2bc84,0.3848319673420385,7.87062748433429
novo_sgp,CSharp,b2d0e8edcbb338ea,0.954611650485437,a7b1ab1bfded5d88,0.1036959104154469,1.7910178724208745
novo_sgp,CSharp,21ef1de227b9f675,0.954611650485437,1d2f39216e08dcb5,0.29231039325842695,17.83853800931191
novo_sgp,CSharp,50b5632d16658502,0.9545294943820225,7de3bed5d6845d36,0.3893701208426906,4.513365038500604
novo_sgp,CSharp,c3cd30ccc5a6df52,0.9539679617013441,ce06213d29faa30b,0.15656079563683029,4.1551614640164285
novo_sgp,CSharp,12a86260028299a7,0.9508426966292135,57304822b8bd7a16,0.2749891193964892,1.7193771575240395
novo_sgp,CSharp,e255e53bfe14cccc,0.9493023176862896,4556a5935030339f,0.15425882086443832,7.14616131095929
novo_sgp,CSharp,69d65101e3597836,0.9493023176862896,b4374311f7154e98,0.43848272695971535,3.744395840764937
novo_sgp,CSharp,5629f0d563d92b2c,0.9492208598913843,c21bccb82dabf819,0.15656079563683029,8.477708421912636
novo_sgp,CSharp,c3e84e1721ebe2d0,0.9487688508672483,5259628e704b5b51,0.38730801124101744,1.2358023319704032
novo_sgp,CSharp,d7a6e4e744c2d217,0.9487622348148455,dbcfafc726020314,0.3848319673420385,2.328323234147137
novo_sgp,CSharp,9754b95fe76a6405,0.9471202669374728,ef0589f35866699d,0.43848272695971535,15.86841834964895
novo_sgp,CSharp,f3f28565ad93c660,0.9471202669374728,3c77840ce90fd573,0.43848272695971535,2.5074250213892246
novo_sgp,CSharp,badf7e72bcdd2851,0.9462780898876404,627fc3f7ff17a5cc,0.43848272695971535,6.9491493449929935
novo_sgp,CSharp,2fd3c7c2e1f00021,0.9462780898876404,69f49825567d0615,0.43848272695971535,10.531185089834743
novo_sgp,CSharp,f4e4d3b984d5e18d,0.944726534165095,9b77d7f11a485d86,0.43848272695971535,9.613497616805894
novo_sgp,CSharp,d46455b72268428a,0.9419549919063361,a25daa4fcc507b1d,0.43848272695971535,2.709193544318511
novo_sgp,CSharp,0313e08031bc9b2b,0.941815503590499,465ed8224865ec00,0.43848272695971535,1.3253532255914473
novo_sgp,CSharp,5a9ff4c9819a4972,0.9406855881634086,639ebcdb922fa523,0.43848272695971535,3.4447785751564646
novo_sgp,CSharp,029836b52a270895,0.9406855881634086,b91b00e488e29f18,0.2749891193964892,5.339765183009006
novo_sgp,CSharp,d313bbb6c7468ba4,0.9404615427143974,233c6cfe40a24c91,0.15319889743217757,6.996287004927922
novo_sgp,CSharp,ad8601a4443661f1,0.9383495145631068,fb0fbace3dc08f1f,0.15319889743217757,3.7611375320838363
novo_sgp,CSharp,27669fd6535f2f6e,0.93827707669498,5bf59afcce328062,0.38524590163934425,2.9359735519571863
novo_sgp,CSharp,3d7f73d07c0d2828,0.9378687635617746,cedc388f2b8c6876,0.38029381384138644,4.948795808621946
novo_sgp,CSharp,0a69eae301ea9b96,0.9372141594275083,e4f4b0e56b96acfa,0.29231039325842695,3.4271806845610318
novo_sgp,CSharp,8421d2b216d55bf0,0.9360169465556991,03c64b9aac2a384a,0.43848272695971535,10.78295805060199
novo_sgp,CSharp,aa327a843fc11cc6,0.9354630823052845,715878f32cb54b7f,0.43848272695971535,2.0775807320082147
novo_sgp,CSharp,3ccaf7ac86b9d823,0.9354630823052845,76ee03caf55e84f5,0.29231039325842695,6.232742196024644
novo_sgp,CSharp,88f46404ae0cc5d6,0.9348665254742768,bc1e905bd014a09f,0.43848272695971535,8.370556802870938
novo_sgp,CSharp,c046b5b529364c6f,0.9334833873745916,f0ec99c5b0f4cc7f,0.43848272695971535,4.753500286369542
novo_sgp,CSharp,7765eaa5006604d2,0.9334107065138546,4801b7df2c18b4f2,0.3893701208426906,3.9044189618775063
novo_sgp,CSharp,9681b69cc4ad7e59,0.9322712547817169,f7ab87fbacae7767,0.15487984653450393,2.399963949043972
novo_sgp,CSharp,60391d6ee79433e6,0.9318744429848642,55cc2aa2a8cc0f74,0.3848319673420385,2.543245378837642
novo_sgp,CSharp,d2c8814c4d1467c8,0.9286172601860764,683552ed2030c968,0.38952370781717216,27.038753683504186
novo_sgp,CSharp,7e83e3e32a258c70,0.9286172601860764,6e77e6ece76e7a2b,0.43848272695971535,21.744705878922208
novo_sgp,CSharp,d341da31bf7f7c3a,0.9286172601860764,6fc0785ca01fad43,0.43848272695971535,11.640308666093544
novo_sgp,CSharp,f83e9ea656b73269,0.9286172601860764,faa07a74dcfbbbaa,0.15319889743217757,3.5462153873933318
novo_sgp,CSharp,14cea1b29f7bc46e,0.9286172601860764,faa427c670e66061,0.3893701208426906,6.841688272647741
novo_sgp,CSharp,98d0371646b16f28,0.9286172601860764,01bb6b4ae58f1341,0.43848272695971535,6.9491493449929935
novo_sgp,CSharp,a3617cb8e9a59735,0.9286172601860764,8043401bba91b457,0.43848272695971535,12.71622689418821
novo_sgp,CSharp,d7d4d406dc7a7936,0.9286172601860764,c8a5c10b1c0626a2,0.43848272695971535,9.456574366382219
novo_sgp,CSharp,830e673cd83ee837,0.9286172601860764,fbe75125da34c346,0.43848272695971535,1.755197514972457
novo_sgp,CSharp,fecbec4d90b577e1,0.9286172601860764,e822eab06fa54830,0.15425882086443832,4.913277337920504
novo_sgp,CSharp,aee25c3cb93f988e,0.9286172601860764,06ce1ae5ca5221be,0.43848272695971535,4.119341106568012
novo_sgp,CSharp,0c17ebacd629e717,0.9286172601860764,1cdafea940729150,0.29231039325842695,6.376023625818314
novo_sgp,CSharp,d4879e5355d7408c,0.9286172601860764,1e0fc1028caad088,0.43848272695971535,19.880298383871708
novo_sgp,CSharp,b64b90b277145110,0.928360665354147,31716838c7cbb826,0.43848272695971535,3.2689523191296614
novo_sgp,CSharp,fed88a7573c16092,0.9259639421902579,16842e533685867c,0.15487984653450393,1.6119160851787873
novo_sgp,CSharp,b360e3b590c6f14f,0.9259129213483146,3bdcabf6d11f5d3e,0.43848272695971535,0.9671496511072724
novo_sgp,CSharp,97c4de484e2219e5,0.9258668214130277,59888d97448b4475,0.15319889743217757,3.0089100256670696
novo_sgp,CSharp,a686dc1cfd0b0332,0.9258668214130277,80296424ee8fcb6b,0.38029381384138644,1.6477364426272045
novo_sgp,CSharp,56c7fede53e7ad50,0.9258668214130277,7cba8c14e6b7d944,0.43848272695971535,4.585005753397439
novo_sgp,CSharp,90f7490447243ccb,0.9258668214130277,ddb200ca16e4874d,0.15319889743217757,2.0059400171113797
novo_sgp,CSharp,450c8b03e2ef5b9f,0.924328414218827,8296fec5ea165967,0.43848272695971535,4.735753198700333
novo_sgp,CSharp,05e30930df0983ac,0.924328414218827,bdca6c1b5c4e7ed6,0.43848272695971535,6.443590358958159
novo_sgp,CSharp,d4c0885da2c12a60,0.9230197514060188,2c95dfb29c542ca3,0.38524590163934425,11.623364827278762
novo_sgp,CSharp,6b48fcd0de0e4511,0.9230197514060188,cf942ff785339427,0.43848272695971535,3.8856534249509407
novo_sgp,CSharp,d857665a649330da,0.9199963174369361,eae051f2d717ad00,0.29231039325842695,1.4686346553851173
novo_sgp,CSharp,d47cc6a7632e7adc,0.9199963174369361,50cf42bfa59ba3ce,0.29231039325842695,1.755197514972457
novo_sgp,CSharp,ef6e2876413776e4,0.9199963174369361,573ce82527103f5f,0.43848272695971535,1.970119659662962
novo_sgp,CSharp,bb6f9a0ec1aa0f6b,0.9199963174369361,5c2ca131abc81505,0.3893701208426906,4.692466825742692
novo_sgp,CSharp,f6778e4148000cde,0.9197394553357566,a950916a53ed26a9,0.3848319673420385,2.113401089456632
novo_sgp,CSharp,6bcaceb8085631f9,0.9194304499242077,6ea9429987016e97,0.39318454168691575,2.5790657362860596
novo_sgp,CSharp,5d55000a46be3499,0.918250398955462,6324b4d98cd31d4a,0.43848272695971535,2.7939878809765646
novo_sgp,CSharp,ea832fe829a98a96,0.9174857663181941,d1d3559ff6cd92b5,0.29231039325842695,3.111028214942983
novo_sgp,CSharp,77075aee5076b635,0.9174222426259612,e9169025bb83186a,0.43848272695971535,4.871568612984779
novo_sgp,CSharp,784d22554b0c47ec,0.9174222426259612,eaeb6f37bdcd5e68,0.43848272695971535,2.829808238424982
novo_sgp,CSharp,0581c413b6478064,0.9174222426259612,270a13dd38268b98,0.29231039325842695,4.047700391671176
novo_sgp,CSharp,f7ff32a4d96b76df,0.9174222426259612,27e9882d460951ba,0.1036959104154469,3.5820357448417495
novo_sgp,CSharp,d5af9bf8ef18708b,0.9174222426259612,3fb8ac088420b3ff,0.43848272695971535,8.417784000378111
novo_sgp,CSharp,d50a778b2ac81afe,0.9174222426259612,414eb5c2c93233b6,0.1036959104154469,8.131221140790771
novo_sgp,CSharp,edd5bfe285d0afae,0.9174222426259612,57d7f74071ebd4d3,0.15319889743217757,3.904418961877507
novo_sgp,CSharp,930af35aee987f51,0.9174222426259612,a5c5911a1c557362,0.38524590163934425,3.0447303831154873
novo_sgp,CSharp,68053b826c9608ba,0.9174222426259612,432c380a6aad98c1,0.43848272695971535,3.510395029944914
novo_sgp,CSharp,af6ab7c40873765a,0.9174222426259612,ae4b1597a64525a4,0.38524590163934425,3.904418961877507
novo_sgp,CSharp,64206744306513b4,0.9174222426259612,6301b92c590ef071,0.18258426966292135,2.9014489533218173
novo_sgp,CSharp,6eac8b0bd58c3f05,0.9174222426259612,6c690ffd0b1406ad,0.29231039325842695,4.155161464016429
novo_sgp,CSharp,d9b8866a92776f37,0.9174222426259612,74b1edc38d925a14,0.38029381384138644,5.516335047056294
novo_sgp,CSharp,b8dfe578e761751e,0.9174222426259612,55adc4e93faba071,0.38730801124101744,10.800836821601733
novo_sgp,CSharp,4bd2e00bf95ddf2c,0.9174222426259612,b76f02269cad03ed,0.15319889743217757,4.9790296853300315
novo_sgp,CSharp,9651e81e208abab1,0.9174222426259612,9e128f894d43c1c9,0.42132810784775665,4.913277337920504
novo_sgp,CSharp,60cbf4b7eea1f8be,0.9174222426259612,a2febcdbf7b1785f,0.3848319673420385,4.416530787325473
novo_sgp,CSharp,fc50439288311859,0.9174222426259612,7c49ea1fdeb6a3df,0.43848272695971535,3.2954728852544095
novo_sgp,CSharp,3ab3a07eae0e35c3,0.9174222426259612,7ef64831d1553396,0.29231039325842695,6.125281123679391
novo_sgp,CSharp,3e75eebf63cac2e7,0.9174222426259612,9d2bd48c8ea875cb,0.43848272695971535,8.775987574862286
novo_sgp,CSharp,2b9b9521af33cc12,0.9174222426259612,a7fc15611a3fd5d1,0.43848272695971535,4.943209327881614
novo_sgp,CSharp,0cdbb465f7d82a3e,0.9174222426259612,2f6bd056b107536c,0.15319889743217757,2.758167523528147
novo_sgp,CSharp,bd2a95d702fc67a1,0.9174222426259612,d88a379813816817,0.3848319673420385,5.41089813453217
novo_sgp,CSharp,bfff1bca35346705,0.9174222426259612,7a8fafba2b7507fe,0.3848319673420385,3.3216634462775936
novo_sgp,CSharp,ffe0186906b93086,0.9174222426259612,c09d200329725c08,0.3848319673420385,5.339765183009006
novo_sgp,CSharp,fa0161c824f18d68,0.9157303370786517,b1da281dacc60afd,0.29231039325842695,9.528215081279054
novo_sgp,CSharp,c6583de867f851b6,0.9157303370786517,c0d7810f11a8bb18,0.29231039325842695,1.1104310809009423
novo_sgp,CSharp,d4e1415e0d2223da,0.9157303370786517,d3f8da8133f67b4e,0.43848272695971535,6.590945770508818
novo_sgp,CSharp,9d6914a3a177bab5,0.9149004417013301,49db57e75ef4bf66,0.3848319673420385,2.1492214469050497
novo_sgp,CSharp,fc24cc538c41c3fd,0.914141946555699,f46915a40fa9f878,0.38730801124101744,2.0417603745597974
novo_sgp,CSharp,58dfab54ba33a83d,0.913175294943624,d93a790876ec06ee,0.43848272695971535,4.522888437616328
novo_sgp,CSharp,d39f0c79864de5d9,0.9118882575381365,f11d0c9ac7fbb4f1,0.29231039325842695,2.483533854211672
novo_sgp,CSharp,b18189a8b530a4a8,0.9108616504854369,1498afd9c6086ace,0.38524590163934425,2.4716046639408074
novo_sgp,CSharp,9fd55f7ce99772a3,0.9108616504854369,1c6149fc59cb1734,0.29231039325842695,11.99981974521986
novo_sgp,CSharp,b53f9ea28f154ddc,0.9108616504854369,1ece8debd5ff95f5,0.43848272695971535,2.1492214469050497
novo_sgp,CSharp,b336c21a48b93a6a,0.9086079614678744,71658ca3725dc669,0.3380561505654882,0.9671496511072724
novo_sgp,CSharp,2ec4ead2d3da3d5e,0.9079089313015791,3972b54d12620fac,0.38029381384138644,4.047700391671177
novo_sgp,CSharp,a26bad9e952385ff,0.9063542724503119,3f138f77d92800d2,0.29231039325842695,4.549185395949022
novo_sgp,CSharp,66e750a19cb89a08,0.9063542724503119,6eea9db608dd0801,0.43848272695971535,7.916298996100266
novo_sgp,CSharp,96256ae6718f74a9,0.9063542724503119,52c3816da6468b1e,0.3894469143299314,5.41089813453217
novo_sgp,CSharp,f44e4898d9b86059,0.9063542724503119,8114633d1212faf8,0.43848272695971535,1.826838229869292
novo_sgp,CSharp,93284b0c65c103d1,0.9063542724503119,90a71dfc7ed19ab0,0.28537621359223303,9.134191149346464
novo_sgp,CSharp,ec04e971b1d28c3f,0.9059022328924364,ceb82f1e26b536c7,0.38730801124101744,0.8238682213136024
novo_sgp,CSharp,ff3bb88b332f0d87,0.9041432584269663,ad2cba82a44be1b2,0.43848272695971535,1.1462514383493598
novo_sgp,CSharp,ffc7fae5d38f7346,0.9041432584269663,c8ecba8bdf594412,0.3893701208426906,6.304382910921479
novo_sgp,CSharp,8c98bc7eb78a6608,0.898876404494382,cb84633d1f0e79bd,0.29231039325842695,3.761137532083837
novo_sgp,CSharp,b18abfdc93452da6,0.8979009390535813,cf7c71b60ebf68f9,0.15319889743217757,7.450634349270838
novo_sgp,CSharp,924d95a6ce25c8b9,0.8979009390535813,e7da81a280285664,0.3893701208426906,6.877508630096159
novo_sgp,CSharp,3a9d0dee3f91b298,0.8979009390535813,063d94e9c1c82e10,0.43848272695971535,6.519305055611984
novo_sgp,CSharp,a960323427c4e48c,0.8979009390535813,0b4987206d6480f0,0.43848272695971535,4.405903966155352
novo_sgp,CSharp,e7ac10e54d17d47f,0.8979009390535813,0d48344a5c12b9d4,0.43848272695971535,3.940239319325925
novo_sgp,CSharp,16613bb5d747aa2e,0.8979009390535813,33c9485ec18ab50e,0.43848272695971535,4.799927898087945
novo_sgp,CSharp,95b043fa952b861c,0.8945306833019004,c9342118355fa283,0.38029381384138644,1.4686346553851173
novo_sgp,CSharp,f37fdc50a508130a,0.8945306833019004,dd843f41521db387,0.38730801124101744,3.1811762398256516
novo_sgp,CSharp,8ced0166bf67acbd,0.894007799102042,39de38e99b48ba2b,0.29231039325842695,4.097803302873351
novo_sgp,CSharp,0b9747f784b6a6eb,0.8907275030317798,47444c32293f1c64,0.43848272695971535,3.3919947106654313
novo_sgp,CSharp,6a634a19fe3db8f1,0.8904494382022472,5079bdbc0d1d155d,0.43848272695971535,2.0775807320082142
novo_sgp,CSharp,7fc057ca1fcb3137,0.8904494382022472,52f168157ad52758,0.29231039325842695,1.1462514383493598
novo_sgp,CSharp,461b9709fbb5c95d,0.89014088202267,67b84ad10b163c91,0.43848272695971535,3.479983915670611
novo_sgp,CSharp,a7d93c1ee0a9a5bc,0.8880217744563419,3088627d050d43c9,0.15487984653450393,1.7910178724208747
novo_sgp,CSharp,ccecc99e00edae4e,0.8853581460674157,6a4ad08fdc11402b,0.43848272695971535,3.8685986044290894
novo_sgp,CSharp,e56d5c5a56b2d5b1,0.8845697054881809,6ec7c08b20e89658,0.43848272695971535,2.6570083779298668
novo_sgp,CSharp,2bd768f4ac235915,0.8810257781649038,cd22c7dad5b14f16,0.15487984653450393,1.8089280511450831
novo_sgp,CSharp,e950d03a72ab1cc1,0.8779921659654722,d6e7c9c8eda28f2b,0.15319889743217757,2.829808238424982
novo_sgp,CSharp,036be12ac86fd807,0.8779921659654722,00f19ab167984e78,0.38524590163934425,1.2178921532461948
novo_sgp,CSharp,59e92e7593466121,0.8766904857397191,715b76f7ce69c13c,0.43848272695971535,1.7672432862134462
novo_sgp,CSharp,f0b122e53cc26b11,0.8718188308794532,73592902d4cfd6ce,0.38524590163934425,2.7962989005052874
novo_sgp,CSharp,94f4dfcc6a3f7a7e,0.8705933555781228,7a02b5ca1c0cb11e,0.43848272695971535,4.083520749119595
novo_sgp,CSharp,31a85452af39246a,0.8705933555781228,7ef25537b3a1f7d8,0.43848272695971535,2.7581675235281473
novo_sgp,CSharp,c81a6bee6a998284,0.8705933555781228,a4ef1ed4802bfcb0,0.29231039325842695,4.083520749119595
novo_sgp,CSharp,759a23950e47f0ed,0.8705933555781228,4aab19ca6efc374c,0.38524590163934425,1.1462514383493598
novo_sgp,CSharp,994ad12bb1da11bf,0.8704535106285776,061f24703c3ea0fe,0.3848319673420385,0.0
novo_sgp,CSharp,4a104e7682c8f1c9,0.8697479287817331,2bd55295bed1ee7b,0.3848319673420385,1.3969939404882823
novo_sgp,CSharp,c30a02a554d96066,0.8690308988764045,d022766081036be3,0.29231039325842695,2.7581675235281473
novo_sgp,CSharp,fb9a95f56d5ea2c6,0.8690308988764045,d8fd61ffdfd0930f,0.43848272695971535,0.32238321703575745
novo_sgp,CSharp,f65df314b3de5e74,0.8690308988764045,e0691ba1b6e64b22,0.22220012389859295,3.259652527805992
novo_sgp,CSharp,08bbafdd5ec2a83f,0.8690308988764045,1aff8d02bb073bd0,0.29231039325842695,4.226802178913264
novo_sgp,CSharp,df87d57d735d0ffb,0.8612594365678512,1cc4f1c1c98bb3eb,0.43848272695971535,8.668526502517034
novo_sgp,CSharp,19d72bf53fffe96a,0.8612594365678512,20576e0845a1ae3a,0.3893701208426906,5.444694332159459
novo_sgp,CSharp,16ea2ae30124bdf7,0.8598501670175644,33c3ff7e30dad60c,0.38730801124101744,0.7164071489683499
novo_sgp,CSharp,c0a1345a0423d37b,0.8588100273036245,c66fa9bf1004e1e6,0.3848319673420385,1.1462514383493598
novo_sgp,CSharp,f37385d548efe3cd,0.8581771496687162,6658e31771fa9b5c,0.43848272695971535,2.970945889281226
novo_sgp,CSharp,e0585122c8d7b600,0.8574543785148628,908d8cefcf7c4bd0,0.15656079563683029,0.0
novo_sgp,CSharp,8d9c7601e39a8581,0.8573422330097087,6f23235346f0bda4,0.29231039325842695,2.614886093734477
novo_sgp,CSharp,505fc33b42389ec9,0.8541430677984887,ed5a30fabfe63622,0.3848319673420385,1.343263404315656
novo_sgp,CSharp,25b6e35dcc157003,0.8541430677984887,7d19f69ba8fd421f,0.43848272695971535,2.105209918405656
novo_sgp,CSharp,51c94911726e5019,0.8541430677984887,fb7a46fb4a6ce3c0,0.38730801124101744,1.128341259625151
novo_sgp,CSharp,4b0deb7e4b0bc995,0.8496873574479331,7d636754464dddf4,0.3848319673420385,0.5552155404504711
novo_sgp,CSharp,c0590e63f828f571,0.8491069784570061,7d91591cf6d0c452,0.3893701208426906,0.9313292936588549
novo_sgp,CSharp,850ab604f7032eda,0.8480668387430661,a96712e0dd4db30c,0.3848319673420385,0.6805867915199324
novo_sgp,CSharp,718d1c51b6b86d12,0.8470266990291262,8a0157905f549b4d,0.43848272695971535,2.829808238424982
novo_sgp,CSharp,7418fb95e560c920,0.8470266990291262,830813b78ba14ccb,0.15319889743217757,0.10746107234525243
novo_sgp,CSharp,f5e67aea16332c3b,0.8470266990291262,8c63514efcd6f3d3,0.3848319673420385,2.105209918405656
novo_sgp,CSharp,179fb916504ef68d,0.8470266990291262,0d394f319ec54722,0.38524590163934425,0.4656646468294274
novo_sgp,CSharp,8b73d2d8e7db31b7,0.8470266990291262,72cd08052adccc69,0.38524590163934425,1.5402753702819523
novo_sgp,CSharp,81a279ed795003cd,0.8470266990291262,8e9d7188a8c15dbf,0.29231039325842695,0.8596885787620199
novo_sgp,CSharp,9f6b9f811bf19bff,0.8470266990291262,91c4db101e395725,0.28537621359223303,2.2925028766987197
novo_sgp,CSharp,2ce9f007515e060b,0.8470266990291262,aece960a8ead8951,0.38524590163934425,1.2178921532461948
novo_sgp,CSharp,fb62663fdbfd181a,0.8470266990291262,583f6d2374dcd988,0.3848319673420385,3.8503250074748214
novo_sgp,CSharp,4b49a803b8c9ca6a,0.8470266990291262,b679e5c399844cf4,0.38524590163934425,0.2507425021389224
novo_sgp,CSharp,19d393dcde010428,0.8470266990291262,c3f7c53f04f47451,0.15319889743217757,2.0059400171113793
novo_sgp,CSharp,29af680eac4bbd61,0.8470266990291262,e49b3670fcce74b2,0.15319889743217757,0.4298442893810099
novo_sgp,CSharp,78ab2f205174a35b,0.8470266990291262,31d29d9da2f12211,0.15319889743217757,1.826838229869292
novo_sgp,CSharp,1c14a7da9e07a9f5,0.8470266990291262,c5c67819547d35a7,0.3848319673420385,2.761437984420343
novo_sgp,CSharp,885f4f4e1fd3c8bf,0.8470266990291262,94ed029a0c50ab11,0.38524590163934425,2.543245378837642
novo_sgp,CSharp,5a12b348b3bacb4d,0.8470266990291262,ac803d63be88cbe8,0.3893701208426906,3.2954728852544095
novo_sgp,CSharp,94ad0b51fb8334ee,0.8470266990291262,b74a484acd2c1658,0.2749891193964892,0.5373053617262624
novo_sgp,CSharp,f7fe3d8caeffc804,0.8470266990291262,b9c88c4d9067b738,0.43848272695971535,1.970119659662962
novo_sgp,CSharp,526a4fe1f182c7ad,0.8441461858577166,bb2f9b6bc8df8823,0.43848272695971535,0.3761137532083837
novo_sgp,CSharp,47c87c307d0f813a,0.8407571420179938,e7ed21d138a08451,0.38730801124101744,0.9313292936588549
novo_sgp,CSharp,a009c984a3d6d7c1,0.8407571420179938,fa5c655d2976bd29,0.15487984653450393,0.7164071489683499
novo_sgp,CSharp,23dd3d9e9e647d69,0.835498595505618,e15fd0aee8e644b1,0.29231039325842695,1.755197514972457
novo_sgp,CSharp,f71530e230d439f1,0.835498595505618,f4b2776fbc278c9a,0.43848272695971535,3.331293242702827
novo_sgp,CSharp,0a7046f9e3b98b2c,0.835498595505618,045c0c155b0d3766,0.29231039325842695,1.1104310809009423
novo_sgp,CSharp,5c793ad9a9d2d596,0.835498595505618,04f8003f1839bc94,0.29231039325842695,2.507425021389224
novo_sgp,CSharp,98488c1fe0d0b8d1,0.835498595505618,0c8856dcf497c632,0.43848272695971535,2.973089668218652
novo_sgp,CSharp,bcc5795a9c4b5d99,0.835498595505618,355f09b6dd2310f2,0.43848272695971535,2.364143591595554
novo_sgp,CSharp,c279cafdafbf1f20,0.835498595505618,3a0b235350922865,0.43848272695971535,3.4745746724964963
novo_sgp,CSharp,08654a9c41a5e00f,0.835498595505618,3d38fe4861d41d13,0.43848272695971535,2.256682519250302
novo_sgp,CSharp,fae45af605017c5d,0.8340824964646887,2f91665daf8d115c,0.3848319673420385,0.8775987574862285
novo_sgp,CSharp,d14a3eb4a94ee03f,0.8302671276192677,3ee05935c154f5a4,0.43848272695971535,3.286519026407298
novo_sgp,CSharp,46765c0c59eebe52,0.8283248385258162,4637435cb8a6d444,0.29231039325842695,0.5910358978988886
novo_sgp,CSharp,9af6750d82a77bbf,0.8269661276953262,811f36e7c4d318f8,0.3848319673420385,0.6447664340715149
novo_sgp,CSharp,d7c5c97e48e261f4,0.8269661276953262,4e7325bb8472a7e2,0.15656079563683029,2.813738396521019
novo_sgp,CSharp,63b7841ec0e0b237,0.8269661276953262,8bf7c9e0463a9559,0.15656079563683029,1.5687798636764123
novo_sgp,CSharp,75bf2a27df8f6950,0.8193567961165048,9857f7c887d91d6a,0.43848272695971535,3.1880118129091572
novo_sgp,CSharp,4d632a347d50af4b,0.8191527467326469,cb26f7089bdba58f,0.3893701208426906,1.9861148839171334
novo_sgp,CSharp,e6b4db2914a7d167,0.8191439426306729,b47fccfd4c667461,0.43848272695971535,2.6222529445657536
novo_sgp,CSharp,b53380b9a1df8378,0.8168431742347309,bf4159cb3181e6de,0.29231039325842695,1.2895328681430298
novo_sgp,CSharp,30a820a00c1bdd76,0.8168431742347309,598b164ec7f52107,0.15319889743217757,0.3223832170357574
novo_sgp,CSharp,964aa6b4f1803291,0.8168431742347309,000d2e9cdde11217,0.43848272695971535,0.0
novo_sgp,CSharp,a0895d558f8ee50f,0.8168431742347309,6d5d63ac652cf098,0.38524590163934425,0.14328142979366992
novo_sgp,CSharp,1f6c1b2fb4e5d2c7,0.8168431742347309,8149744bf3f584b0,0.15319889743217757,1.0029700085556899
novo_sgp,CSharp,be659685187aca58,0.8072697951415819,da0faf23a78f6ab7,0.43848272695971535,1.6344718822741173
novo_sgp,CSharp,76e0a83d1019e6a2,0.8069055563615262,81c529c15ddfdd92,0.38524590163934425,0.7522275064167674
novo_sgp,CSharp,74625b8c5b3fd5a9,0.8069055563615262,de5f32ffc9d5e92d,0.29231039325842695,3.7611375320838363
novo_sgp,CSharp,8c900cef917cfdba,0.8069055563615262,dfd2100e118cd642,0.43848272695971535,1.7551975149724572
novo_sgp,CSharp,7211fe4eb23c7f8a,0.8069055563615262,e0cc0e8b2c97740d,0.43848272695971535,1.8268382298692922
novo_sgp,CSharp,a3c6dab85e4458f3,0.8069055563615262,e8941a5fb2a6da27,0.43848272695971535,12.32220296225562
novo_sgp,CSharp,bec30a99917d6073,0.8069055563615262,0c5f67e8eb9d02f0,0.15319889743217757,0.0
novo_sgp,CSharp,c940b3c17fc06001,0.8069055563615262,04b24ac1180bdba3,0.15656079563683029,0.5373053617262624
novo_sgp,CSharp,414037f4ef7c260e,0.8069055563615262,0609bfb3c0b66bef,0.29231039325842695,1.1462514383493598
novo_sgp,CSharp,2a384a3d18e04327,0.8069055563615262,32226118ff310f2b,0.15656079563683029,0.39402393193259244
novo_sgp,CSharp,bf91bce868e79213,0.8069055563615262,45da19b0a8853af5,0.29231039325842695,2.399963949043972
novo_sgp,CSharp,14e7808b7b1fc625,0.8069055563615262,46b26670edc0103d,0.38029381384138644,4.656646468294274
novo_sgp,CSharp,3666431f75eff6ff,0.8069055563615262,46e2d3e35c191d4e,0.29231039325842695,18.411663728486587
novo_sgp,CSharp,e3ccd89c2d8b8afe,0.8069055563615262,c9f1b54de1722819,0.38029381384138644,0.17910178724208742
novo_sgp,CSharp,6f554baf09920069,0.8056530898876404,471c5782b9436ed3,0.43848272695971535,4.119341106568012
novo_sgp,CSharp,504826fcdff7d8a6,0.8029188065364987,767df4ddc5aa0ca2,0.3893701208426906,2.276515129551526
novo_sgp,CSharp,8f243c2ae2f650c3,0.8016722863615242,85ee7d74bfa513ab,0.29231039325842695,2.6917917325660055
novo_sgp,CSharp,2befa3a471841bea,0.7989320567114712,8cca2cd061341cba,0.29231039325842695,0.8596885787620199
novo_sgp,CSharp,a5a66649db741fee,0.7989320567114712,0482f806a7ee93bb,0.29231039325842695,0.0
novo_sgp,CSharp,11d12180a6e71270,0.7989320567114712,8f136cca99ba45ec,0.43848272695971535,0.39402393193259244
novo_sgp,CSharp,91085c6f3306dfd7,0.7989320567114712,8fd4b711f057b669,0.43848272695971535,0.5373053617262624
novo_sgp,CSharp,c9bbaa26ef5e5c95,0.7989320567114712,db67d2ece6bcc0f0,0.43848272695971535,8.023760068445519
novo_sgp,CSharp,e3396e72c0ec34c8,0.7962980688442651,30548a50a73da367,0.38730801124101744,0.8596885787620199
novo_sgp,CSharp,a2c5fb3db62c4c3c,0.7961383012736996,ef0b17de1feee2bd,0.29231039325842695,1.9184196992640308
novo_sgp,CSharp,fe5798380c54661d,0.7940443798267026,199cfff40a39417b,0.43848272695971535,2.3798493414450945
novo_sgp,CSharp,0c72c72e410afbb8,0.7870151979124294,246fd2921c8f3a4d,0.43848272695971535,2.6222529445657536
novo_sgp,CSharp,04ff6884c308fc40,0.784936797752809,31529811865a44a1,0.29231039325842695,2.7581675235281473
novo_sgp,CSharp,8f95de80505e6f80,0.784936797752809,3606d0628df28751,0.43848272695971535,4.011880034222759
novo_sgp,CSharp,34db4bdd7d0a5f45,0.784936797752809,436a4680eba3f8ae,0.43848272695971535,0.5373053617262624
novo_sgp,CSharp,cf131cae5acd023d,0.784936797752809,4eb00162fe82e034,0.43848272695971535,0.32238321703575745
novo_sgp,CSharp,66e04ddc1d6e3d3b,0.784936797752809,5241284ed4a258da,0.43848272695971535,4.119341106568012
novo_sgp,CSharp,686849cbf751a4df,0.7847435591722669,5b14bec3466f58c5,0.3848319673420385,0.5731257191746799
novo_sgp,CSharp,cdd1d48eb2bb1021,0.7707304166355596,7fd46b4c4143a714,0.3848319673420385,0.2507425021389224
novo_sgp,CSharp,dee63e6c1f488ba9,0.7643805931161098,7b72ffc196008867,0.3848319673420385,0.5373053617262624
novo_sgp,CSharp,6354d3639f8fc5a3,0.7518174261140118,bfe099f99cad8318,0.3380561505654882,0.2507425021389224
novo_sgp,CSharp,079c54a36c0eeeb6,0.7518174261140118,57b3086332dea20a,0.15319889743217757,2.310918040525904
novo_sgp,CSharp,d16f6a7f4ba8829f,0.7464139432293068,c369940bbf267f1a,0.15487984653450393,0.3223832170357574
novo_sgp,CSharp,20af795c5e61bbc8,0.7443200217823098,dfa92e5e3d80f510,0.15487984653450393,1.2537125106946123
novo_sgp,CSharp,3be6328359175828,0.7424271934042792,ebacefc99d2256f0,0.38730801124101744,0.26865268086313115
novo_sgp,CSharp,5b91e42504b65149,0.7417463934382037,dac4b1c2b313e417,0.3893701208426906,8.227700533672788
novo_sgp,CSharp,f4783d08bafd256d,0.7405904666280292,9917b3c26e41241a,0.3894469143299314,10.17298151535057
novo_sgp,CSharp,e1d63a8bb9da5422,0.7405904666280292,c15901c1006195de,0.15658560926651424,5.2655925449173715
novo_sgp,CSharp,09b0041235137156,0.740532801205194,9661bd1bcabe36aa,0.3848319673420385,4.334263251258516
novo_sgp,CSharp,55bae2c54203f95c,0.7399755591315048,796c2b15941e24dc,0.3893701208426906,4.984318600125853
novo_sgp,CSharp,f40678aac8f5ca8e,0.739494327177703,9cbfa243ca79366e,0.15656079563683029,3.9916912883972837
novo_sgp,CSharp,488ee8cb02d9ce7e,0.7388526845726341,07c2a39d1a43dd78,0.3894469143299314,4.656646468294275
novo_sgp,CSharp,14858007fff4328d,0.7388526845726341,91c130bbd95f5fca,0.15658560926651424,4.692466825742692
novo_sgp,CSharp,9143705be9299984,0.7383447175102879,2c50c73ab81ec395,0.15656079563683029,4.522888437616329
novo_sgp,CSharp,9a7ae0164bcc4b4a,0.7379169557735752,3c673fc4fd106746,0.15656079563683029,6.229763536582083
novo_sgp,CSharp,a6d6ea0ffdd72453,0.737462458928318,8a7f6c27b0fd87c7,0.15656079563683029,3.146093818291751
novo_sgp,CSharp,7cbbde4402653f6c,0.737462458928318,2ab4dc567ad4d514,0.3894469143299314,1.3611735830398648
novo_sgp,CSharp,5a286ac540ce0b56,0.7370125401811912,5a8009133f5a4916,0.43848272695971535,6.90711505661748
novo_sgp,CSharp,43c4c6ab8c3edf51,0.7364249288244616,6ce5badb99614f57,0.43848272695971535,2.691791732566006
novo_sgp,CSharp,24775412724d3db2,0.73617917371818,4de59a9aa50ff801,0.15658560926651424,3.8685986044290894
novo_sgp,CSharp,757699029c7a04db,0.7355107960045665,571ba1f0744374a3,0.3894469143299314,3.761137532083837
novo_sgp,CSharp,0264db83163b9e9a,0.7353653912744625,fa81c63381bf2ece,0.3848319673420385,0.5373053617262624
novo_sgp,CSharp,e67fe632a90b6e0a,0.7326768744988452,a9a3637d6782153a,0.3893701208426906,3.6385565167561613
novo_sgp,CSharp,e2a993c203510fb9,0.7314203243972518,2e3737292f3e51a0,0.3894469143299314,4.513365038500605
novo_sgp,CSharp,1a7b998186dfc7f3,0.7314203243972518,44eaf54cff443010,0.15658560926651424,2.1492214469050492
novo_sgp,CSharp,7e1dea91235b24df,0.7313133839630737,669f3c70b94a82d7,0.3894469143299314,2.041760374559797
novo_sgp,CSharp,1827a32fa63a3463,0.7295221316905894,04861f72627a8ab8,0.3848319673420385,5.001691212394258
novo_sgp,CSharp,9f82ead6608785b7,0.7295221316905894,70a2e0cb7e26a631,0.15658560926651424,2.185041804353467
novo_sgp,CSharp,bbe699b2e9beec30,0.7277701049551843,7bce03d964b95c86,0.29231039325842695,1.618001542682166
novo_sgp,CSharp,78f683d2dd8e8a6d,0.7275437336582934,16ce0bdc33f45644,0.3893701208426906,2.970945889281226
novo_sgp,CSharp,ef11fb18887e796e,0.7275437336582934,3c3b46c65a71ae8f,0.3893701208426906,2.970945889281226
novo_sgp,CSharp,414a375d2557f0ba,0.7264247914964562,aafc2e72f2d2cab0,0.3848319673420385,6.590945770508819
novo_sgp,CSharp,e6bf2d97728235b7,0.7257547026496332,2d01233e0aba35b6,0.15658560926651424,0.0
novo_sgp,CSharp,f043224df8bbe770,0.7256188058430865,f0f7c98c9aa0bb57,0.15658560926651424,1.898478944766127
novo_sgp,CSharp,21242bef004193b7,0.7256188058430865,674c4e3dc36e9991,0.3893701208426906,2.0711071729138624
novo_sgp,CSharp,8b1f04fa27c8ddc4,0.7256188058430865,8cf2fd7c4860cc24,0.15656079563683029,2.7962989005052874
novo_sgp,CSharp,ffed50bd46a6c559,0.725274370415034,8b3a1ffd335c72eb,0.15656079563683029,2.483533854211672
novo_sgp,CSharp,31558daaa4f1c2ac,0.7238077702080649,05baed743e3421fe,0.29231039325842695,0.0
novo_sgp,CSharp,aa93f1f7cd2e7955,0.7237927578735087,1495a550c145ec73,0.3848319673420385,0.19701196596629617
novo_sgp,CSharp,182f3a8ebdb15c9b,0.7237777455389526,92058d343d6c03f3,0.4215579747781273,1.6835568000756223
novo_sgp,CSharp,eed82208e63d1751,0.7237777455389526,98f6eae43fa4be3c,0.43848272695971535,0.28656285958733996
novo_sgp,CSharp,1beaefdbb808d347,0.7237777455389526,d2b8604c8a124118,0.38524590163934425,0.3940239319325924
novo_sgp,CSharp,8e1eca6cc2d95df3,0.7237473482449686,8e4aa515bd639fb8,0.15656079563683029,2.9359735519571863
novo_sgp,CSharp,9cd28a242fe119f2,0.7237473482449686,4dc4f8e782a574c4,0.3893701208426906,3.6385565167561613
novo_sgp,CSharp,a7a9eff951dab434,0.723314606741573,9ace3e920c0d8b66,0.29231039325842695,2.686526808631312
novo_sgp,CSharp,37c9d510973ed87f,0.723314606741573,ad1e0ae8b90f03da,0.15656079563683029,2.5790657362860596
novo_sgp,CSharp,0c37efc0d743b828,0.7231449407306414,2b2b83337baf44a8,0.3848319673420385,0.5014850042778449
novo_sgp,CSharp,fa4c1f3d7e224ab9,0.7230874128556795,2ec7069a6f28fe47,0.15425882086443832,1.0029700085556899
novo_sgp,CSharp,cbcff2d438dd10ba,0.7230874128556795,3117770877b8e28e,0.3848319673420385,0.8596885787620199
novo_sgp,CSharp,39e522145b1d0086,0.7225121359223301,07f950a4f336bb8c,0.38029381384138644,0.035820357448417495
novo_sgp,CSharp,b4c1540e483c7de2,0.7225121359223301,bbc8659c4c04db44,0.43848272695971535,0.0
novo_sgp,CSharp,43551f1437acce20,0.7219814208820878,d57eed936be74b63,0.43848272695971535,0.8238682213136024
novo_sgp,CSharp,0d7ee999578a7112,0.7214507058418456,a56f7ca26c723355,0.3893701208426906,1.0029700085556899
novo_sgp,CSharp,443416d256c59bb0,0.7214507058418456,161fd21eff497c9c,0.38524590163934425,0.0
novo_sgp,CSharp,9bad138b3e78c4ba,0.7212342480417818,38eb55c8f76b9408,0.3894469143299314,1.6477364426272048
novo_sgp,CSharp,c180ae2543d7edd7,0.7182937235352911,e0cfa99f3b023f50,0.15656079563683029,7.40659574328428
novo_sgp,CSharp,fc71e3382b133be0,0.7180260350164369,6f42c61499aac078,0.3894469143299314,2.113401089456632
novo_sgp,CSharp,ba1af5bf69279e76,0.7180260350164369,75d160164af80e1a,0.3894469143299314,2.901448953321817
novo_sgp,CSharp,264112db5c308e1e,0.7147362591595843,fe5966c57d7cc359,0.3893701208426906,3.286519026407298
novo_sgp,CSharp,62074ed3458ffb2e,0.7142563847116566,7cce6ae4c5e3c15e,0.15658560926651424,1.2895328681430298
novo_sgp,CSharp,c3fb5c257677d442,0.7142563847116566,906962d18887b6eb,0.3894469143299314,1.3253532255914473
novo_sgp,CSharp,c9b6a52b1635734a,0.7142563847116566,908316aff93befe1,0.3894469143299314,1.8626585873177095
novo_sgp,CSharp,6f8459a5383e6dad,0.7134275963467759,b646d3e1d1d6548d,0.15425882086443832,5.732183432985605
novo_sgp,CSharp,0e656adcad0ca027,0.7134275963467759,227a40120738491e,0.3848319673420385,1.2895328681430298
novo_sgp,CSharp,1c7d69d01ed16cd1,0.7134275963467759,2d08f04b8f4b81a4,0.15425882086443832,5.014850042778448
novo_sgp,CSharp,fdb4d377ea94dce0,0.7134275963467759,2f47e8079b3bad4f,0.3848319673420385,2.829808238424982
novo_sgp,CSharp,c2e9cd37cb908675,0.7134275963467759,a2cf223032a4f484,0.15425882086443832,8.620455750319293
novo_sgp,CSharp,0794d4d42060cc1f,0.7134275963467759,c54188aef7d52088,0.15425882086443832,5.337233259814206
novo_sgp,CSharp,4a32059c30c4b97d,0.7134275963467759,9f9d8b42f9d66a2a,0.3894469143299314,0.5373053617262624
novo_sgp,CSharp,c64fc70ef7f5493a,0.7134275963467759,cdb620c0964be968,0.15425882086443832,1.0746107234525248
novo_sgp,CSharp,1befe8ae98ed4925,0.7134275963467759,197c51e44af4892f,0.15425882086443832,1.3074430468672384
novo_sgp,CSharp,7c5c914d10cffadc,0.7134275963467759,390a5634c682ef8f,0.38524590163934425,10.97963016227485
novo_sgp,CSharp,1babc9d4c10b9d1f,0.7106204099495991,c8634f44bb6f1084,0.3894469143299314,2.579065736286059
novo_sgp,CSharp,81779e0edc8e0f6c,0.7106204099495991,da2e2ff5650482ee,0.3894469143299314,1.3253532255914473
novo_sgp,CSharp,c4e44c579323d7a7,0.7106204099495991,dc788dd538023523,0.15658560926651424,0.5731257191746799
novo_sgp,CSharp,fdb5e33908f56d72,0.7103230337078652,0011b9caa1e9e954,0.29231039325842695,0.2865628595873399
novo_sgp,CSharp,43116b8f1d5ae239,0.7103230337078652,04f2e1b6d0f7ad09,0.29231039325842695,1.0746107234525248
novo_sgp,CSharp,92f43cf5737660df,0.7103230337078652,08a605e4c5e4b230,0.38524590163934425,1.5044550128335348
novo_sgp,CSharp,f92a50f2fd4ad693,0.7103230337078652,11fb48de09a26d36,0.43848272695971535,0.3223832170357574
novo_sgp,CSharp,746d1b3cebce1524,0.7096165390692717,2bf2b07f4c463f23,0.3848319673420385,2.256682519250302
novo_sgp,CSharp,97ecef494072c4eb,0.7096165390692717,a10cd886772807fc,0.38524590163934425,3.1285588789937306
novo_sgp,CSharp,28c032624d30e70f,0.7091171249722058,3225b71f2c56b3f9,0.38730801124101744,1.3253532255914473
novo_sgp,CSharp,4fddd2105e8b54d9,0.7078300875667183,78156f6f442b39f5,0.3848319673420385,0.8596885787620199
novo_sgp,CSharp,7c3f76459c5bb55a,0.7078300875667183,a5b6a1db36f6be85,0.38524590163934425,7.40659574328428
novo_sgp,CSharp,9ebdbf021e3ed297,0.7078300875667183,0128f5885a0fbe5d,0.38524590163934425,5.126451177590676
novo_sgp,CSharp,c98279d42b896da4,0.7078300875667183,3245eb295e0af7b0,0.3848319673420385,0.8238682213136024
novo_sgp,CSharp,660d133a5523a7d1,0.7078300875667183,b8ade74da475fef1,0.15425882086443832,1.898478944766127
novo_sgp,CSharp,e79d646687dbc942,0.7078300875667183,06d4e63ebb88f3cf,0.38524590163934425,4.274806440994804
novo_sgp,CSharp,61b1365fa6a1785c,0.7078300875667183,168eba2b4a031afb,0.29231039325842695,2.105209918405656
novo_sgp,CSharp,0be5d93570063053,0.7066313949040783,2418c463bc41c40f,0.43848272695971535,4.877763282410054
novo_sgp,CSharp,ea977e9300770db2,0.7062893223653836,062add2cb69f6c13,0.15658560926651424,2.6507064511828946
novo_sgp,CSharp,0025b960058fdceb,0.7062893223653836,0783141a903b21d0,0.15658560926651424,1.7193771575240397
novo_sgp,CSharp,f1ff31460b81a968,0.7062893223653836,09314f9a9e3c26f0,0.15658560926651424,1.1820717957977773
novo_sgp,CSharp,1a3699492b93c544,0.7062893223653836,2a2de316c6ed5d74,0.15658560926651424,1.7193771575240397
novo_sgp,CSharp,5f0dc82f7bbc7711,0.7062893223653836,2a4cfc0912cb6428,0.3894469143299314,1.0387903660041073
novo_sgp,CSharp,efbf6b8b1c3f97da,0.7062893223653836,3710995772508a60,0.3894469143299314,2.8656285958733996
novo_sgp,CSharp,6b3efd805fb1ccaf,0.7062893223653836,529f10b8acdab987,0.3894469143299314,2.328323234147137
novo_sgp,CSharp,ae9e05075e0465a5,0.7062893223653836,53790bbf289a0671,0.15658560926651424,2.041760374559797
novo_sgp,CSharp,5d0a6299ab17c54e,0.7062893223653836,cfd5611721621371,0.3894469143299314,1.7551975149724572
novo_sgp,CSharp,b00402881e5dae1b,0.7062893223653836,dafce64a994be733,0.3894469143299314,1.0387903660041073
novo_sgp,CSharp,125bd9362b315fcb,0.7053082866420872,c6e91ffc1ddf3e9d,0.3848319673420385,2.6507064511828946
novo_sgp,CSharp,05186cf1df85ab14,0.7045497914964561,247f42bf6be04eca,0.3893701208426906,2.6570083779298668
novo_sgp,CSharp,2427b9ffce454b24,0.7045497914964561,e5897009a0b91e26,0.3848319673420385,0.5731257191746799
novo_sgp,CSharp,183c73ab68f9555c,0.7045497914964561,f306575dd9f9ac7e,0.3848319673420385,0.7880478638651849
novo_sgp,CSharp,16e0e43ddb9f5286,0.7022961024788936,3a1367840d44229a,0.43848272695971535,2.9359735519571863
novo_sgp,CSharp,d98061faeab4a1fa,0.7022961024788936,474291ae512b41f2,0.43848272695971535,2.4489361710724666
novo_sgp,CSharp,fdd08ae909f63a5b,0.6997926909890602,e7146e20d0287b62,0.3894469143299314,1.4328142979366998
novo_sgp,CSharp,7184a8e746c53b62,0.6997926909890602,09c058671fabcff0,0.15658560926651424,1.5402753702819523
novo_sgp,CSharp,1a922152883a798f,0.6997926909890602,0cb5be998714fa78,0.3894469143299314,1.4328142979366998
novo_sgp,CSharp,86268555d02fee69,0.6997926909890602,1537753ee21a7aac,0.3894469143299314,1.1104310809009423
novo_sgp,CSharp,fcabeb8bd63c35bd,0.6997926909890602,2d85a8db8b71e2c4,0.3894469143299314,1.4686346553851173
novo_sgp,CSharp,5200055144176311,0.6997926909890602,07373ced9c00f5b4,0.3893701208426906,2.3109180405259044
novo_sgp,CSharp,679bb59723d6a29a,0.6997926909890602,3049c0697331088d,0.15658560926651424,0.035820357448417495
novo_sgp,CSharp,9b49663f2f16e1b6,0.6997926909890602,0da13de63aec081f,0.3893701208426906,2.173581180061268
novo_sgp,CSharp,9cea76789e1c05ea,0.6997926909890602,48b4eb8802a502cf,0.15658560926651424,1.1820717957977773
novo_sgp,CSharp,8b93821c6ff81379,0.6992403254770387,4992ac8659ad1afb,0.3848319673420385,0.5014850042778449
novo_sgp,CSharp,ca3a3fe80cabecfb,0.6953535455209077,40077995dac84411,0.3848319673420385,0.8238682213136024
novo_sgp,CSharp,aadeb280eae07ac7,0.692261455124452,056348000e572101,0.29231039325842695,0.017910178724208747
novo_sgp,CSharp,be92fba8a3a6d388,0.6911572509291735,4b73ca6f69fed87a,0.3894469143299314,0.8238682213136023
novo_sgp,CSharp,9cb65cece610e9ae,0.6911572509291735,5497457d880f0e11,0.15658560926651424,1.6835568000756223
novo_sgp,CSharp,1b9cc22f18f52c2e,0.6911572509291735,5f6c23eb6a0258fa,0.15658560926651424,0.6805867915199323
novo_sgp,CSharp,208343b964879ca2,0.6911572509291735,6868e773960e2ded,0.3894469143299314,0.6805867915199323
novo_sgp,CSharp,1ac01007a4d7ce6b,0.6911572509291735,6bfa36b0373d65da,0.3894469143299314,1.1462514383493598
novo_sgp,CSharp,364bd61a8da88f4c,0.6911572509291735,7d2c9f828a74e177,0.3894469143299314,1.2178921532461948
novo_sgp,CSharp,e7736ef8eeb8f326,0.6911572509291735,7efc0195ddde41ff,0.3894469143299314,0.6447664340715148
novo_sgp,CSharp,890109c728223359,0.6911572509291735,8714b5f141c83154,0.15658560926651424,0.7164071489683498
novo_sgp,CSharp,b1fc9031da774a92,0.6911572509291735,8cdf8f66b74c1d66,0.15658560926651424,0.0
novo_sgp,CSharp,8e0e61674c4dd2b8,0.6911572509291735,986cf6612db1d029,0.3894469143299314,0.8596885787620198
novo_sgp,CSharp,030d5b3c6ec8bca3,0.6911572509291735,9b321e79bb12ef25,0.15658560926651424,1.3969939404882823
novo_sgp,CSharp,ab6d6abae5658fe5,0.6911572509291735,9fe237f25e70eae3,0.15658560926651424,0.5373053617262623
novo_sgp,CSharp,60867401128309bf,0.6907451798459707,70054a85071baa0b,0.15425882086443832,0.2865628595873399
novo_sgp,CSharp,8bc730c32c30271a,0.6907451798459707,a17d484c77f633fa,0.3848319673420385,1.0746107234525248
novo_sgp,CSharp,6a84d5bfca472d84,0.6907451798459707,32369c8fc78ffec1,0.3848319673420385,0.3223832170357574
novo_sgp,CSharp,fcebed33c50fe867,0.6907451798459707,3df871cd2caea979,0.3848319673420385,0.8955089362104374
novo_sgp,CSharp,f20fab92dcad089e,0.6907451798459707,40df37bd98243fd1,0.3848319673420385,0.3223832170357574
novo_sgp,CSharp,538c17931c9dcc71,0.6907451798459707,12ec89d5e6620e89,0.15319889743217757,1.6344718822741178
novo_sgp,CSharp,c4c0c3335bdc8e06,0.6907451798459707,661a2810b9b15c83,0.3848319673420385,0.3223832170357574
novo_sgp,CSharp,c25840cacc80da71,0.6907451798459707,8140ac30843f737c,0.3848319673420385,0.3223832170357574
novo_sgp,CSharp,b61fc40173698edc,0.6907451798459707,933d72da26d2ee5b,0.3848319673420385,0.3223832170357574
novo_sgp,CSharp,9a1de7c04b86baf5,0.6907451798459707,b0356545344062c1,0.3848319673420385,0.3223832170357574
novo_sgp,CSharp,adb803bc686d7f78,0.6907451798459707,b67dfd6c1de1448b,0.15425882086443832,0.28656285958733996
novo_sgp,CSharp,07b03f0fe47fcd7f,0.6902079617034811,46d0e61ae3dfa141,0.15487984653450393,0.10746107234525248
novo_sgp,CSharp,b6a94ea3a19ce366,0.6902079617034811,47617a2148ec6e06,0.29231039325842695,1.8678414720929166
novo_sgp,CSharp,45888246d9e51f02,0.6902079617034811,4f7382a4e21b7cda,0.3848319673420385,0.3940239319325924
novo_sgp,CSharp,bdfaa5b19c3eaf1e,0.6859223300970874,2e9cec858d86c1b0,0.38524590163934425,1.5044550128335348
novo_sgp,CSharp,7903f6f65862d996,0.6859223300970874,5f8ed0c88aa77fb0,0.43848272695971535,3.2954728852544095
novo_sgp,CSharp,f536fa71b4923294,0.6859223300970874,685da41d26dc5c28,0.29231039325842695,5.2655925449173715
novo_sgp,CSharp,06c5f75d2da92d1f,0.6859223300970874,70f3a476101f8516,0.43848272695971535,0.5731257191746799
novo_sgp,CSharp,735f7715545b8817,0.6859223300970874,47dc760e2aebd630,0.15319889743217757,2.758167523528147
novo_sgp,CSharp,2a6adc89b7de73a1,0.6859223300970874,738c393fdd8331fc,0.43848272695971535,0.9671496511072724
novo_sgp,CSharp,6c87d4be487fdfe3,0.6859223300970874,7728f6acc1a1eae8,0.15319889743217757,1.7910178724208747
novo_sgp,CSharp,569f421b5ba85717,0.6859223300970874,574522eafbbcf165,0.38524590163934425,2.5074250213892246
novo_sgp,CSharp,5564b4e2c63345b3,0.6859223300970874,6cb9637a68dd4c70,0.15319889743217757,0.6089460766230974
novo_sgp,CSharp,61b53e783368c790,0.6859223300970874,7281df7d09d4c2d5,0.38524590163934425,0.6089460766230974
novo_sgp,CSharp,60fa7a261f8d642d,0.6859223300970874,8559ab60d48b0609,0.43848272695971535,0.2149221446905049
novo_sgp,CSharp,6116a68c8bc25688,0.6859223300970874,7b908c23abe495aa,0.43848272695971535,1.6119160851787873
novo_sgp,CSharp,64fde7f63e001292,0.6859223300970874,997d08297fad4030,0.43848272695971535,3.259652527805992
novo_sgp,CSharp,4d87a4bd91cbf8fb,0.6859223300970874,916e9c7822eae63d,0.38524590163934425,1.5402753702819523
novo_sgp,CSharp,4ecd3ba0c3bfa2b0,0.6859223300970874,9c4a2cc092144d30,0.38029381384138644,2.3641435915955546
novo_sgp,CSharp,662e8fd66ea43e5e,0.6859223300970874,a7c4de319afd3471,0.38524590163934425,1.3611735830398648
novo_sgp,CSharp,013b1b4d6d92fbd0,0.6859223300970874,9d5b276fd363ae80,0.29231039325842695,4.047700391671176
novo_sgp,CSharp,73c259f98cf8d9bd,0.6859223300970874,abdf903cea10c841,0.38524590163934425,2.0059400171113797
novo_sgp,CSharp,0788ab07f23fd26c,0.6859223300970874,9f8572b6cfdff2eb,0.29231039325842695,3.0089100256670696
novo_sgp,CSharp,2b8ce36fc131887c,0.6859223300970874,a397b06d68d15219,0.15319889743217757,0.12537125106946118
novo_sgp,CSharp,2968b09f01e305b2,0.6859223300970874,abf105b12c882031,0.29231039325842695,0.7880478638651849
novo_sgp,CSharp,59dc3bb229240ffd,0.6859223300970874,21dd507df96acc97,0.2749891193964892,0.0
novo_sgp,CSharp,cd88b7106bb89a3c,0.6859223300970874,d1d548ccd624e78e,0.15319889743217757,0.10746107234525248
novo_sgp,CSharp,a04ac811e82731e5,0.6859223300970874,bfa9f69670a18294,0.43848272695971535,3.259652527805992
novo_sgp,CSharp,2d286c1c8cc057b3,0.6859223300970874,cc5abedb131bdd65,0.43848272695971535,0.2149221446905049
novo_sgp,CSharp,3c5a8bea99d2dfbf,0.6859223300970874,ce885de8a9ead387,0.29231039325842695,1.826838229869292
novo_sgp,CSharp,2a30b658ee76bf2c,0.6859223300970874,dafa46136e1cb463,0.43848272695971535,0.6805867915199324
novo_sgp,CSharp,d4d78be426a9b37f,0.6859223300970874,e5b81d0a9c556e93,0.29231039325842695,5.1223111151237015
novo_sgp,CSharp,d5e448cd66e60eff,0.6859223300970874,60dd0a5a4f07e5ac,0.38524590163934425,0.8596885787620199
novo_sgp,CSharp,0e4eab913d84a5a2,0.6859223300970874,e6c6c8b317894635,0.43848272695971535,2.399963949043972
novo_sgp,CSharp,9349c8f9cd16a2fd,0.6859223300970874,fcb4b8b0a5d57762,0.43848272695971535,0.5731257191746799
novo_sgp,CSharp,a8fb8c8010a5f58b,0.6859223300970874,25828700b602ca70,0.43848272695971535,2.614886093734477
novo_sgp,CSharp,ea80c6739dd2c6e0,0.6859223300970874,8cc1b8cd7689eba6,0.15319889743217757,0.6447664340715149
novo_sgp,CSharp,fc5f863b2d600856,0.6859223300970874,260cd674d7f8243c,0.29231039325842695,0.7522275064167674
novo_sgp,CSharp,fcf2bcd6c71a2908,0.6859223300970874,b96eeef7bad1f3b4,0.38524590163934425,0.7164071489683499
novo_sgp,CSharp,2310183c709631fd,0.6859223300970874,2b39229731801649,0.43848272695971535,1.1104310809009423
novo_sgp,CSharp,2574d66c27424b53,0.6859223300970874,3041cffe74b4db28,0.29231039325842695,2.829808238424982
novo_sgp,CSharp,1c1c8930fa9114c7,0.6859223300970874,422c12e766f4f735,0.43848272695971535,1.3611735830398648
novo_sgp,CSharp,0245e0c47ee1a0d0,0.6859223300970874,c4bc43c3b333f954,0.38524590163934425,0.3223832170357574
novo_sgp,CSharp,5618ece50ff9542b,0.6856272612957538,c0ca9a69585d53ce,0.3848319673420385,0.4656646468294274
novo_sgp,CSharp,8415c9c0b78fa9fa,0.6844156440427991,43437957f0e2366f,0.43848272695971535,5.659964332122653
novo_sgp,CSharp,f181d6a16e9a4e8c,0.6844156440427991,65f087ed4e35fa39,0.3848319673420385,1.3253532255914473
novo_sgp,CSharp,27df3b4210307a52,0.6844156440427991,455064b27ebefa46,0.29231039325842695,3.2513893595743153
novo_sgp,CSharp,7e928f4522aefba0,0.6844156440427991,73579b97bed45bc8,0.38730801124101744,1.0746107234525248
novo_sgp,CSharp,828e6e7b286af666,0.6838284086500903,7e62a28c50c67495,0.38730801124101744,0.07164071489683499
novo_sgp,CSharp,dfe08d169366f621,0.6838284086500903,8b0b9fe145dc8a49,0.3848319673420385,0.41193411065680113
novo_sgp,CSharp,454fd2d83bc817d2,0.6817344872030934,51789a9c844a27de,0.3893701208426906,1.0029700085556899
novo_sgp,CSharp,45829464f6db73d1,0.6817344872030934,58cd2c33daa56883,0.43848272695971535,2.0775807320082142
novo_sgp,CSharp,ec3eff1a5071ecb8,0.6817344872030934,5abd6f2d09190c1a,0.15319889743217757,3.940239319325924
novo_sgp,CSharp,71c884720f25479e,0.6817344872030934,0128c97d38656791,0.29231039325842695,0.0
novo_sgp,CSharp,48f92f3ce2f44d4a,0.6817344872030934,5ce22d0b01698a3b,0.29231039325842695,0.5373053617262624
novo_sgp,CSharp,4955ddec98a7ab38,0.6817344872030934,6c956b996286aa73,0.29231039325842695,0.14328142979366992
novo_sgp,CSharp,f4484d5b6b96e3f2,0.6817344872030934,70f7e6f4cbb6f113,0.43848272695971535,1.1462514383493598
novo_sgp,CSharp,c47f2d739bfb8308,0.6817344872030934,7cc78f54167d3fe2,0.28537621359223303,8.489424715274946
novo_sgp,CSharp,1613057fcaa75b3b,0.6817344872030934,7da4c070d456e2f5,0.43848272695971535,0.5373053617262624
novo_sgp,CSharp,22ae59f4ce71b98c,0.6817344872030934,8128c65fd16cc4a9,0.43848272695971535,2.041760374559797
novo_sgp,CSharp,449f76a550e6c73b,0.6817344872030934,814111e63fb12e54,0.15656079563683029,3.044730383115487
novo_sgp,CSharp,a9faafa8da96c9af,0.6817344872030934,822fa646c4ba7c4a,0.43848272695971535,1.4328142979366998
novo_sgp,CSharp,b728702bd0c460ff,0.6817344872030934,85c9f126949fb1c0,0.29231039325842695,0.5731257191746799
novo_sgp,CSharp,c103d49154f681a5,0.6817344872030934,87ca761ebe35b86c,0.38029381384138644,1.9701196596629622
novo_sgp,CSharp,642825dd3e1f82fd,0.6797486845376634,8a7c80cc2a4dc7f5,0.43848272695971535,2.483533854211672
novo_sgp,CSharp,c5e0d45718721e9b,0.6797486845376634,a0267f8b6c637aee,0.15487984653450393,0.8596885787620199
novo_sgp,CSharp,2f5fd66bd63a7f6f,0.6797486845376634,abc0f422aaffe191,0.3848319673420385,1.683556800075622
novo_sgp,CSharp,02d952f7dbbb9d2d,0.6797486845376634,b9ee8c8f3b384180,0.3848319673420385,0.7880478638651849
novo_sgp,CSharp,d2eb79de440d9efd,0.6783511339363385,c6854191fe4db170,0.15658560926651424,0.8238682213136023
novo_sgp,CSharp,e1d26c2a54461a1a,0.6783511339363385,ea4b88c2ba31508d,0.3894469143299314,0.8596885787620198
novo_sgp,CSharp,8211a1c699f463a0,0.6783511339363385,fa10c0994f1eda02,0.3894469143299314,0.7880478638651848
novo_sgp,CSharp,c2942c7de298a720,0.6783511339363385,011c01962d9179e7,0.15658560926651424,0.4656646468294274
novo_sgp,CSharp,415ad5638b153a24,0.6783511339363385,0ee85517b5e52166,0.3894469143299314,0.5731257191746798
novo_sgp,CSharp,3e81c2761765e545,0.6783511339363385,3b19457f29ad32f3,0.15658560926651424,0.5373053617262623
novo_sgp,CSharp,4118038e9aaf3cce,0.6783511339363385,7bf881c043d52ccf,0.15658560926651424,1.1462514383493598
novo_sgp,CSharp,ae7a7bd47f406d34,0.6783511339363385,7c03fbe1f2cf0fb9,0.15658560926651424,0.7880478638651848
novo_sgp,CSharp,c93fd60d8dbcfb5a,0.6783511339363385,a76866aa82555ac1,0.15658560926651424,0.32238321703575745
novo_sgp,CSharp,38cf2e52b1ac5a67,0.6783511339363385,2ff6530b73986539,0.3893701208426906,2.3453633920982555
novo_sgp,CSharp,171cc5bffb1741cd,0.6783511339363385,ad48b03f27821590,0.15658560926651424,0.25074250213892246
novo_sgp,CSharp,ffa529c0637a6b3b,0.6783511339363385,bbe96ea9ad88b7f7,0.15658560926651424,0.9671496511072722
novo_sgp,CSharp,3375f8affc785476,0.6783511339363385,d7e0bcada157431f,0.3894469143299314,0.8238682213136023
novo_sgp,CSharp,d88cea705275e99e,0.6783511339363385,4e062032beaec8c2,0.15656079563683029,2.483533854211672
novo_sgp,CSharp,0f779d18326a63af,0.6783511339363385,da4dee8387331146,0.3894469143299314,0.7880478638651848
novo_sgp,CSharp,a465f261fb12c56b,0.6777900827585921,cd6fbcede598fe80,0.15319889743217757,2.1393688030415206
novo_sgp,CSharp,1995960e44c0f915,0.6777900827585921,ede30b08cdd87d85,0.3848319673420385,1.826838229869292
novo_sgp,CSharp,6682d2840ecfed07,0.6777900827585921,f838e42e8dda7189,0.15425882086443832,0.28656285958733996
novo_sgp,CSharp,5fe0959839e96d63,0.6777900827585921,dd13e4f0e4eca292,0.38524590163934425,2.310918040525904
novo_sgp,CSharp,d972ff242df276d1,0.6777900827585921,0e4f2c04f5e1bad6,0.3848319673420385,0.6447664340715149
novo_sgp,CSharp,ef359aeee36983b7,0.6777900827585921,bbf2ccc38ed9a49b,0.38730801124101744,0.8596885787620199
novo_sgp,CSharp,c6a3f217c84d33dc,0.6755660865206752,8abebeeddf99a03f,0.43848272695971535,2.657008377929866
novo_sgp,CSharp,8d2eb1261156a666,0.6755660865206752,c57ae29c2611303a,0.3848319673420385,0.7522275064167674
novo_sgp,CSharp,4d1b0a013b0804d9,0.6736724554822408,c801540fc8c7db70,0.3848319673420385,0.2865628595873399
novo_sgp,CSharp,40623c5f0e6f1a7b,0.6736724554822408,f5e1c41891cb8c3d,0.15487984653450393,0.6089460766230974
novo_sgp,CSharp,82e6217a0bd85f2d,0.6726323157683008,920378346be1b3b8,0.3893701208426906,2.7266019398965002
novo_sgp,CSharp,bb0dce9b8e243655,0.6726323157683008,1ed94cb5f33a6a20,0.3848319673420385,1.0029700085556899
novo_sgp,CSharp,1e526bfc3388f6c4,0.6726323157683008,e068adac03523810,0.38524590163934425,2.1735811800612677
novo_sgp,CSharp,d5f6cdf1f89e5fbd,0.6726323157683008,924bb82a71892484,0.43848272695971535,2.5875265575822595
novo_sgp,CSharp,e162f9f9811ae10c,0.6726323157683008,11a06783b9aa3f99,0.15487984653450393,0.14328142979366998
novo_sgp,CSharp,d209413f3e58f4b2,0.6726323157683008,09f82ef22fa1823e,0.15319889743217757,2.8311837694063833
novo_sgp,CSharp,65aebd3815302269,0.6726323157683008,24f69c0f0aa2a8df,0.3848319673420385,1.3253532255914473
novo_sgp,CSharp,b95d84d3dcd06f9e,0.6726323157683008,9cf876d8d54602c0,0.38524590163934425,1.8678414720929168
novo_sgp,CSharp,00b7048e9b583a09,0.6726323157683008,2e85ed53f121925b,0.15425882086443832,0.8955089362104374
novo_sgp,CSharp,f168725cdc3491db,0.6726323157683008,25883326314dad25,0.364294412395722,1.0029700085556899
novo_sgp,CSharp,f59dca8f3f954940,0.6726323157683008,27f959ad1c6ec261,0.3848319673420385,0.8955089362104374
novo_sgp,CSharp,43df41761f71330d,0.6726323157683008,ac61e64b75e8d0d0,0.29231039325842695,2.657008377929866
novo_sgp,CSharp,a052703f6535ac1b,0.6726323157683008,e8476b63da71b208,0.38524590163934425,7.049794785194287
novo_sgp,CSharp,c0c80c588abeb1cd,0.6726323157683008,f17715d4fd490af8,0.29231039325842695,9.406651534477481
novo_sgp,CSharp,aca5815fe259650f,0.6726323157683008,f2d733f9b82dc4f7,0.29231039325842695,1.6675016235680105
novo_sgp,CSharp,2ba44a830bff1cee,0.6726323157683008,2c6ae5a50d567946,0.3848319673420385,1.3074430468672384
novo_sgp,CSharp,2dcd183dc91ca52b,0.6726323157683008,573ec33a8b17c269,0.38524590163934425,2.0711071729138624
novo_sgp,CSharp,3dd24bdf3c7f116a,0.6726323157683008,3f37c19bca1f4a6a,0.15425882086443832,0.3582035744841749
novo_sgp,CSharp,1e3454657cec5d17,0.6726323157683008,467065cd6aa5e74e,0.15425882086443832,1.6835568000756223
novo_sgp,CSharp,eaf550615d76dec0,0.6726323157683008,2eff6f704cc4c1ad,0.3848319673420385,0.8955089362104374
novo_sgp,CSharp,b60226205e642af8,0.6726323157683008,027d13cca3dbaa3b,0.3893701208426906,3.9209907689888084
novo_sgp,CSharp,e8732b7ac85ba2c8,0.6726323157683008,628ac12aa6d2a0af,0.3848319673420385,0.8238682213136024
novo_sgp,CSharp,7a11e2603eceb250,0.6726323157683008,4a8350587e9d69fd,0.3848319673420385,0.8596885787620199
novo_sgp,CSharp,6a7a7982434a6f44,0.6726323157683008,606bea8d2d22ba2a,0.3848319673420385,1.0746107234525248
novo_sgp,CSharp,17bf137b6e7b8483,0.6726323157683008,731fa4c08a3f92c1,0.15425882086443832,0.14328142979366998
novo_sgp,CSharp,14e576c20aa2d57b,0.6726323157683008,08123f0eb1d3cde6,0.38524590163934425,6.194133103918581
novo_sgp,CSharp,2967d67f8833c522,0.6726323157683008,6591ed32dd5ed0f9,0.3848319673420385,1.2537125106946123
novo_sgp,CSharp,72401abb7d332697,0.6726323157683008,af75de3b3b32f2f1,0.3848319673420385,1.4328142979366998
novo_sgp,CSharp,7fa33ae0842b1819,0.6726323157683008,95b13c308004541b,0.15487984653450393,1.7193771575240395
novo_sgp,CSharp,8773c9955608a41b,0.6712652416479924,9b6f179175ddbe21,0.3848319673420385,1.5402753702819523
novo_sgp,CSharp,170512a3e8a7dbf8,0.6691713202009955,a72c6365475d1a7c,0.15487984653450393,0.6447664340715149
novo_sgp,CSharp,d53039a5d83b5bc1,0.6691713202009955,000ac8a80b81c331,0.3619294702759742,0.0
novo_sgp,CSharp,e4616c72c18dc685,0.6691713202009955,b27ba06c2b399d97,0.15487984653450393,1.558185549006161
novo_sgp,CSharp,883f9e052e2706c2,0.6669229732970774,b707803e2053f8ed,0.15425882086443832,1.2537125106946123
novo_sgp,CSharp,fed260a79358136a,0.6594226770868037,f45ab490084cd3ac,0.15658560926651424,0.6089460766230973
novo_sgp,CSharp,1afe7fd3b8e2e3b8,0.6594226770868037,f76e9c8c6f79306e,0.3894469143299314,0.6805867915199323
novo_sgp,CSharp,2773c9459665e79e,0.6594226770868037,fc75747f195d84f2,0.3894469143299314,1.1104310809009423
novo_sgp,CSharp,397f9af00ed4d510,0.6594226770868037,1cd6620a4eb4d821,0.15658560926651424,1.1462514383493598
novo_sgp,CSharp,a9544486f6c1e05a,0.6594226770868037,71b7b33c8a0c3e3e,0.15656079563683029,3.603298075664846
novo_sgp,CSharp,3046fe930fd75514,0.6594226770868037,bb6e5f86a9ebc4bb,0.15656079563683029,1.5361333008777995
novo_sgp,CSharp,d7cdf519fec9f8e4,0.6594226770868037,2dcf667a64ac2d7f,0.15658560926651424,1.0746107234525248
novo_sgp,CSharp,ca078fe126211ecf,0.6594226770868037,3b1c28e22fa065bc,0.15658560926651424,0.8238682213136023
novo_sgp,CSharp,2f03e5245078ab6b,0.6594226770868037,c458b28307e88c21,0.3893701208426906,2.276515129551526
novo_sgp,CSharp,8478cf935da2fff2,0.6594226770868037,3dab5d99fb561008,0.3894469143299314,0.5731257191746798
novo_sgp,CSharp,6e59a98310df161c,0.6594226770868037,4a5743635e4a7472,0.3894469143299314,0.28656285958733996
novo_sgp,CSharp,cce6f00cb78be390,0.6594226770868037,5d0a92e725a4c1e1,0.3894469143299314,0.28656285958733996
novo_sgp,CSharp,6d81bab24d7c8cc0,0.6594226770868037,667ab79fab842cff,0.15658560926651424,0.7164071489683498
novo_sgp,CSharp,df2bb3055c730f18,0.6594226770868037,7074aa5da98853cc,0.3894469143299314,0.21492214469050497
novo_sgp,CSharp,da29a706bf101444,0.6594226770868037,7d446a27aeb73f80,0.3894469143299314,1.0746107234525248
novo_sgp,CSharp,89bd829a9cd07b80,0.6594226770868037,a5b7d13b5ee4916d,0.3894469143299314,0.5373053617262623
novo_sgp,CSharp,dddc6c6d80d09893,0.6594226770868037,a93b675c75a89276,0.15658560926651424,1.1104310809009423
novo_sgp,CSharp,55fb82fac68e3e91,0.6594226770868037,cf4c69cff6419ef2,0.3893701208426906,1.8006879094905965
novo_sgp,CSharp,4ae1287773b63ab7,0.6594226770868037,b8af27a33a97c9a2,0.3894469143299314,0.25074250213892246
novo_sgp,CSharp,fff43f39d81e8c47,0.6594226770868037,c4fce9a59bf71c69,0.15658560926651424,0.32238321703575745
novo_sgp,CSharp,03d87d0e2792d300,0.6594226770868037,c57f1effef25696d,0.3894469143299314,0.5373053617262623
novo_sgp,CSharp,05c92c302c54f0c5,0.6594226770868037,2688990346866e00,0.3894469143299314,1.1104310809009423
novo_sgp,CSharp,b462f5bbe441040f,0.6594226770868037,2cf666898ccf5632,0.15658560926651424,0.32238321703575745
novo_sgp,CSharp,d1a53ae50b34a712,0.6594226770868037,2ea325a8701d9e2f,0.15658560926651424,0.39402393193259244
novo_sgp,CSharp,303e10a7a87ee822,0.6587973643119901,d2589ae01ef317f1,0.15425882086443832,1.3611735830398648
novo_sgp,CSharp,5d0710bcfce51682,0.6587973643119901,e4835d7ecab05c0e,0.3848319673420385,0.5014850042778449
novo_sgp,CSharp,e7e5594ac8344b84,0.6587973643119901,19536cad69601fe4,0.15425882086443832,0.4656646468294274
novo_sgp,CSharp,b57eec13a65aa047,0.6587973643119901,2e0b02e395585d28,0.3848319673420385,0.7164071489683498
novo_sgp,CSharp,813f035bd12d3a5a,0.6587973643119901,55ee2abb11a6565f,0.3848319673420385,0.5731257191746798
novo_sgp,CSharp,411a7945a0c0f7de,0.6587973643119901,59ef8872294f86e3,0.15425882086443832,0.9671496511072722
novo_sgp,CSharp,89c0e186ac8f7861,0.6587973643119901,84c1b1208d97ce50,0.3848319673420385,0.21492214469050497
novo_sgp,CSharp,663940e83d30837c,0.6587973643119901,c299efcffde5751b,0.15487984653450393,0.2865628595873399
novo_sgp,CSharp,019fe7a237be60e9,0.6587973643119901,d3ea32140e085de2,0.3848319673420385,0.5014850042778449
novo_sgp,CSharp,dc387c1db0eef486,0.6585933149281323,8f7bb6b28c4520db,0.3848319673420385,0.35820357448417495
novo_sgp,CSharp,ab6124daf9153090,0.6585933149281323,cbfae7be973c4fdb,0.38524590163934425,2.3453633920982555
novo_sgp,CSharp,a739f5104ca14ef5,0.6585933149281323,aeabdc11de32b05c,0.3848319673420385,1.0029700085556899
novo_sgp,CSharp,1845dc01f16e1df2,0.6585933149281323,dc9d1634369550df,0.3848319673420385,0.6805867915199323
novo_sgp,CSharp,94ce4d6a084d8be3,0.6585933149281323,f0342cfdda0257f8,0.15425882086443832,0.6805867915199323
novo_sgp,CSharp,98b96ab516812509,0.6566081531988974,1d5a3ec91012f178,0.43848272695971535,1.1820717957977773
novo_sgp,CSharp,e3053fae9a06aca4,0.6566081531988974,1e9e25193925fb2d,0.15319889743217757,0.25074250213892246
novo_sgp,CSharp,4aec1dab96349454,0.6566081531988974,216a298e6ee65482,0.29231039325842695,0.5731257191746799
novo_sgp,CSharp,790a536911bbe868,0.6566081531988974,2f0ed2f8774737f9,0.43848272695971535,1.5044550128335348
novo_sgp,CSharp,87cbe87c3551fe9b,0.6566081531988974,22138b5e5526bd38,0.38524590163934425,0.3582035744841749
novo_sgp,CSharp,7ec3b82a7956fa2e,0.6566081531988974,335550b0d92ce89d,0.15319889743217757,0.25074250213892246
novo_sgp,CSharp,73fbd44861d006f3,0.6566081531988974,30db01dc832b3ea9,0.29231039325842695,4.298442893810099
novo_sgp,CSharp,7dce5849c49cba28,0.6566081531988974,410be1ad4e8d9765,0.29231039325842695,0.7880478638651849
novo_sgp,CSharp,7c94dbdd817b1fc4,0.6566081531988974,558db04c29d6be1d,0.2749891193964892,0.2507425021389224
novo_sgp,CSharp,686a140467bf5cb7,0.6566081531988974,066e53969160ce98,0.29231039325842695,0.0
novo_sgp,CSharp,235bcf9ff4dc8297,0.6566081531988974,5942788f34bb9dae,0.43848272695971535,1.9342993022145447
novo_sgp,CSharp,2ac59c17809ba6d4,0.6566081531988974,670f571466f0f417,0.38524590163934425,1.0029700085556899
novo_sgp,CSharp,320ffff708bb25d6,0.6566081531988974,5f3882c4d9500657,0.3893701208426906,2.113401089456632
novo_sgp,CSharp,b2e093937a4e6623,0.6566081531988974,6339c17a2da2851c,0.43848272695971535,1.2537125106946123
novo_sgp,CSharp,14f79c3250fdf98c,0.6566081531988974,650387bf43a764fc,0.43848272695971535,3.7253171746354194
novo_sgp,CSharp,13fca6678376ee59,0.6566081531988974,747964ada5c9f52d,0.15656079563683029,1.1820717957977773
novo_sgp,CSharp,2594522180916896,0.6566081531988974,8392a8a9a765e3f4,0.38524590163934425,2.901448953321817
novo_sgp,CSharp,fe87706d4f9cf455,0.6566081531988974,0da0d8f6ef3146bd,0.29231039325842695,0.0
novo_sgp,CSharp,babaada8bb4b4d0e,0.6566081531988974,962438850786ace3,0.29231039325842695,0.9671496511072724
novo_sgp,CSharp,84278aec75ca4663,0.6566081531988974,77f53fc57370751e,0.38524590163934425,1.0029700085556899
novo_sgp,CSharp,55c8c03aab423ad9,0.6566081531988974,9b650d33c7051c6a,0.15656079563683029,0.9671496511072724
novo_sgp,CSharp,e4751ea45eb6a349,0.6566081531988974,9f13358ac2be6252,0.43848272695971535,0.2149221446905049
novo_sgp,CSharp,47f23bba01714ea1,0.6566081531988974,a36b6fc87226f213,0.3893701208426906,0.4298442893810099
novo_sgp,CSharp,ca0eb543ba397411,0.6566081531988974,a71edf6f21514450,0.22220012389859295,5.516335047056294
novo_sgp,CSharp,ce715d52756da6ba,0.6566081531988974,aa4b897e831e88a6,0.15656079563683029,3.4387543150480795
novo_sgp,CSharp,4d58e50387ae966c,0.6566081531988974,7bc0b2f471ebb5e3,0.38029381384138644,1.6119160851787873
novo_sgp,CSharp,c4c76c3cabe00669,0.6566081531988974,b15bc1c936ec6ee4,0.15656079563683029,1.4686346553851173
novo_sgp,CSharp,a600e572072933db,0.6566081531988974,84c474a706bc1a86,0.15319889743217757,1.8626585873177095
novo_sgp,CSharp,c4b53a52a4f7ec3d,0.6566081531988974,b264bfceb7115cb3,0.29231039325842695,3.5462153873933318
novo_sgp,CSharp,9d9d390d99d841b1,0.6566081531988974,bf4205ac79ada82e,0.43848272695971535,2.041760374559797
novo_sgp,CSharp,a222f53f47301f49,0.6566081531988974,dc20d52552707015,0.15656079563683029,0.2865628595873399
novo_sgp,CSharp,ab410c9c05322dcd,0.6566081531988974,e34117d56b8a042a,0.29231039325842695,0.6089460766230974
novo_sgp,CSharp,a80f59624667b768,0.6566081531988974,e4b8609ca111f2a2,0.43848272695971535,1.2895328681430298
novo_sgp,CSharp,3ee9de6d610737c2,0.6566081531988974,1608195ce2f0a068,0.29231039325842695,0.4298442893810099
novo_sgp,CSharp,385abb6ecf4474bc,0.6566081531988974,216fc9a3574a7a99,0.43848272695971535,0.9671496511072724
novo_sgp,CSharp,6f4e7cd890b39e50,0.6566081531988974,8c35e93206780269,0.15319889743217757,2.041760374559797
novo_sgp,CSharp,bbc9a462380fdd61,0.6566081531988974,d4190394fcf1bc72,0.38524590163934425,0.5373053617262624
novo_sgp,CSharp,f8963941a0217b3b,0.6566081531988974,f5546a4a9804db3f,0.15319889743217757,1.8268382298692922
novo_sgp,CSharp,e1c4b94d819546d0,0.6566081531988974,247c71f26ccce690,0.29231039325842695,2.829808238424982
novo_sgp,CSharp,9af0e638ee657c36,0.6566081531988974,28509e6d2432dda0,0.43848272695971535,0.7880478638651849
novo_sgp,CSharp,5f7817a633bbf5c2,0.6566081531988974,29e8302ed0121aeb,0.3612450677188177,0.4656646468294274
novo_sgp,CSharp,98f4d22f4aa6580e,0.6566081531988974,f8fe7963e2862fa6,0.38524590163934425,0.6805867915199324
novo_sgp,CSharp,e03695944fced6c4,0.6566081531988974,2bb71a45d5ef72f8,0.29231039325842695,0.3940239319325924
novo_sgp,CSharp,0a2c7b885ec397e3,0.6566081531988974,331c89b6fd9e7e7b,0.29231039325842695,2.328323234147137
novo_sgp,CSharp,68676b6384fbdec6,0.6566081531988974,3473c31d95551204,0.43848272695971535,0.5731257191746799
novo_sgp,CSharp,6399f6da6d7104bd,0.6566081531988974,42ad524fe6f6f5dc,0.38524590163934425,1.7193771575240395
novo_sgp,CSharp,04cce093483dd1ad,0.6566081531988974,fc14ebfd5cfd27da,0.15319889743217757,2.686526808631312
novo_sgp,CSharp,32c3cfe51296e662,0.6561802809287516,48b6ff616db09d63,0.43848272695971535,4.13318946538808
novo_sgp,CSharp,29a434e96cdc5898,0.6561802809287516,d867d92fad7cab15,0.15487984653450393,0.5014850042778449
novo_sgp,CSharp,83147f68f2c5ba0e,0.6561802809287516,efeb83a01f5ba487,0.3848319673420385,0.9671496511072724
novo_sgp,CSharp,67b585872a99f63a,0.6525717444345008,4e75bf5a310d0ea1,0.15656079563683029,3.5328151102285106
novo_sgp,CSharp,868c558c4ce3332d,0.6525717444345008,f066569efc222bcf,0.3848319673420385,0.8238682213136024
novo_sgp,CSharp,2b4ad79f04f2ae7a,0.6525717444345008,fe97878ee1c33d1e,0.3848319673420385,2.328323234147137
novo_sgp,CSharp,0ffc050f41c809f3,0.6525717444345008,548d3b9f677c7d6b,0.38524590163934425,3.956336800396722
novo_sgp,CSharp,23d0e65aa1aad020,0.6525717444345008,0de70c4bee697b07,0.15487984653450393,1.7193771575240397
novo_sgp,CSharp,3e73c2ca42eb1044,0.6525717444345008,2abb5292f5da4548,0.38730801124101744,0.6447664340715149
novo_sgp,CSharp,c3c8593740cd82bb,0.6525717444345008,69b75e3b608f440c,0.15487984653450393,1.0746107234525248
novo_sgp,CSharp,a40fcdfe9c519c65,0.6525717444345008,590e14793d69504c,0.29231039325842695,3.8150057645506172
novo_sgp,CSharp,43c34728e40a3289,0.6525717444345008,6bf48d6829e241b1,0.15487984653450393,1.1820717957977773
novo_sgp,CSharp,7e070998c1748979,0.6525717444345008,6d91a4d0cf4fcef9,0.3827698577403653,0.3940239319325924
novo_sgp,CSharp,700c9f10332192fa,0.6525717444345008,5ad92212ef101660,0.29231039325842695,2.379849341445094
novo_sgp,CSharp,679b0df15154d410,0.6525717444345008,746d9c0b006ff0ca,0.3848319673420385,1.1820717957977773
novo_sgp,CSharp,b903ecd227000a48,0.6525717444345008,847e6da87aafac8b,0.3848319673420385,1.0746107234525248
novo_sgp,CSharp,de33a50e89c5d716,0.6525717444345008,864802becb0d5cc0,0.3848319673420385,0.8955089362104374
novo_sgp,CSharp,d9941393fa2d4985,0.6525717444345008,949aba0b7ab84993,0.3848319673420385,0.44775446810521863
novo_sgp,CSharp,b43c1e3a30f4bc9a,0.6485849946094733,e35f15b9581e4fce,0.15487984653450393,1.0029700085556899
novo_sgp,CSharp,a3493737418f76ca,0.6485849946094733,e91ecd13e5a3cb1d,0.15487984653450393,0.17910178724208747
novo_sgp,CSharp,bf5e4387e7233fd9,0.6485849946094733,fb21b8d9257d5687,0.3848319673420385,1.2178921532461948
novo_sgp,CSharp,c73c1e128e538d01,0.6485849946094733,038808a247710a04,0.38730801124101744,1.1462514383493598
novo_sgp,CSharp,c821c0838c50c381,0.6485849946094733,09d298823c40f02e,0.3848319673420385,0.5014850042778449
novo_sgp,CSharp,b2882b3f9a2bc6d8,0.6485849946094733,0b2bcc7172954257,0.15487984653450393,0.25074250213892246
novo_sgp,CSharp,13f1de060a904f8b,0.6485849946094733,0d2a76b07ac39e4c,0.3848319673420385,0.7880478638651849
novo_sgp,CSharp,7b0ce14271e23e26,0.6485849946094733,0d3ae9a756350448,0.3848319673420385,1.2537125106946123
novo_sgp,CSharp,5db0ae85e55865a4,0.6445491504502865,5de45b2a4372aa2f,0.43848272695971535,3.367113600151244
novo_sgp,CSharp,ac7fd53569eab901,0.6395952209029335,1056e3cd7eeeb777,0.15487984653450393,1.0387903660041073
novo_sgp,CSharp,eb5a176d653d9e43,0.6302526308782406,18f1e3254595741c,0.38730801124101744,1.1462514383493598
novo_sgp,CSharp,a99ab977820fae4f,0.611967859420244,2f5b9cf968ef4d9f,0.3894469143299314,0.32238321703575745
novo_sgp,CSharp,49f065dbb46a2aa1,0.611967859420244,32bc1d34d685e985,0.15658560926651424,0.25074250213892246
novo_sgp,CSharp,e9c20d3a54476f5d,0.611967859420244,4262d050c908675d,0.3894469143299314,0.9313292936588548
novo_sgp,CSharp,d15bd41fa9b3774e,0.611967859420244,458877db6f752376,0.3894469143299314,0.28656285958733996
novo_sgp,CSharp,cde59bda3a80d20f,0.611967859420244,560c7a311b2e7874,0.15658560926651424,0.8955089362104373
novo_sgp,CSharp,8dd31fb333f59eba,0.611967859420244,57ae9ccdd4d420c2,0.3894469143299314,0.21492214469050497
novo_sgp,CSharp,5022f0d6850a600e,0.611967859420244,664b8528c5bc365d,0.15658560926651424,0.8955089362104373
novo_sgp,CSharp,ebca838d516a28f9,0.611967859420244,739c8973e89c15b2,0.15658560926651424,0.7880478638651848
novo_sgp,CSharp,b4dcc44c176661ee,0.611967859420244,82f74fb0c08a3318,0.3894469143299314,0.5373053617262623
novo_sgp,CSharp,1ae51706fd2cfac5,0.611967859420244,88673ca5114ddf36,0.15658560926651424,0.35820357448417495
novo_sgp,CSharp,18663d78e86a3ab6,0.611967859420244,f0211d102a86c062,0.3893701208426906,1.3122521892619277
novo_sgp,CSharp,fba9e250d21a2e98,0.611967859420244,ac5df7b7b7434574,0.3894469143299314,0.28656285958733996
novo_sgp,CSharp,fa950c2506e6dd7f,0.611967859420244,b0d89d58b9d59192,0.15658560926651424,0.6089460766230973
novo_sgp,CSharp,0d02112fbd1222c5,0.611967859420244,e4ef0da74493276b,0.15658560926651424,0.8596885787620198
novo_sgp,CSharp,e1a5f5649f961f57,0.611967859420244,fc4a86fe3d1656ff,0.15658560926651424,0.6089460766230973
novo_sgp,CSharp,97b58d8ee825b629,0.611967859420244,01814ba8ff5f2cf5,0.3894469143299314,0.35820357448417495
novo_sgp,CSharp,616efadefa6713d1,0.611967859420244,037f8fa018043c84,0.3894469143299314,0.21492214469050497
novo_sgp,CSharp,d7979e807657c92e,0.611967859420244,0b606d1cdf45df5a,0.3894469143299314,0.21492214469050497
novo_sgp,CSharp,d6ecc09891b42964,0.611967859420244,2205939223047ac9,0.3894469143299314,0.21492214469050497
novo_sgp,CSharp,fa1b931d0ef1a13b,0.611967859420244,2d7197e57326f9e6,0.3894469143299314,0.6447664340715148
novo_sgp,CSharp,bb4a0404ee3d5548,0.611967859420244,2d9ea30a2c61f4d4,0.15658560926651424,0.25074250213892246
novo_sgp,CSharp,f000fd95c88bb151,0.611967859420244,3516450e2909fb31,0.3894469143299314,1.0029700085556899
novo_sgp,CSharp,5af8532063e3a90f,0.611967859420244,35b4cce5eb21d490,0.3893701208426906,1.4070922172256282
novo_sgp,CSharp,348eb4e96b800b39,0.611967859420244,3f4eacff5dad51d2,0.3894469143299314,0.9671496511072722
novo_sgp,CSharp,223962871a617f35,0.611967859420244,4e694a97c09b513b,0.15658560926651424,0.21492214469050497
novo_sgp,CSharp,1de01109ef673f77,0.611967859420244,53863480ba99422e,0.3894469143299314,1.2178921532461948
novo_sgp,CSharp,c4e7a5c24406de6a,0.611967859420244,5496909c2f091739,0.3894469143299314,0.28656285958733996
novo_sgp,CSharp,225ff9928e98e337,0.611967859420244,62967a5e6e2c409e,0.3894469143299314,0.32238321703575745
novo_sgp,CSharp,c56c76276f111bd8,0.611967859420244,6a3520e0b39b873a,0.3894469143299314,0.9671496511072722
novo_sgp,CSharp,2d93e140ae34522c,0.611967859420244,6e65079e7b839fb8,0.15658560926651424,0.7164071489683498
novo_sgp,CSharp,a5c6b396c517e51d,0.611967859420244,7b45e6c76ae528c6,0.3894469143299314,0.32238321703575745
novo_sgp,CSharp,a72a0be51ff6c968,0.611967859420244,7cfa93d5feb6cc67,0.3894469143299314,0.28656285958733996
novo_sgp,CSharp,329ffa0edee78571,0.611967859420244,7d2d201bafe7dc0c,0.3894469143299314,0.25074250213892246
novo_sgp,CSharp,a0d6cd5bdb269138,0.611967859420244,92e1cdd7068f743e,0.15658560926651424,0.39402393193259244
novo_sgp,CSharp,36d0af070567de40,0.611967859420244,96326e22c0dac73f,0.3894469143299314,0.28656285958733996
novo_sgp,CSharp,9d6e3014348c5392,0.611967859420244,ac9d9ff70b276fc0,0.3894469143299314,0.21492214469050497
novo_sgp,CSharp,398b1359c1084d35,0.611967859420244,aca54bd1b3a50971,0.3894469143299314,0.35820357448417495
novo_sgp,CSharp,2b435b8b356b341f,0.611967859420244,3c4f5e4262079e0d,0.15656079563683029,1.5036312618026832
novo_sgp,CSharp,300bcdc5561f31c1,0.611967859420244,ad063a1c107a4e5f,0.3894469143299314,0.32238321703575745
novo_sgp,CSharp,439b093f7d39e83f,0.611967859420244,b274f0cdbe363003,0.15658560926651424,0.28656285958733996
novo_sgp,CSharp,24d592711a3e7c9f,0.611967859420244,b833551ab1e1ceab,0.3894469143299314,0.14328142979366998
novo_sgp,CSharp,c1524be7a6afb034,0.611967859420244,ba8ef51cd27b9543,0.3894469143299314,0.9671496511072722
novo_sgp,CSharp,0ffd5edb1191c39d,0.611967859420244,bed9b3e55b0693ae,0.15658560926651424,0.21492214469050497
novo_sgp,CSharp,25cb4f456de8723a,0.611967859420244,ccbb5fe37d2b422f,0.3894469143299314,0.28656285958733996
novo_sgp,CSharp,12410c2194c5026b,0.611967859420244,da85f4ff0c159c73,0.3894469143299314,1.3253532255914473
novo_sgp,CSharp,6b66fc4f102cacf3,0.611967859420244,e099564296fb4959,0.15658560926651424,1.3253532255914473
novo_sgp,CSharp,6a542ae34abd6466,0.611967859420244,e10867a02e4d9044,0.3894469143299314,0.32238321703575745
novo_sgp,CSharp,d82fc0d258949e52,0.611967859420244,e66e0553408f45da,0.3894469143299314,0.5731257191746798
novo_sgp,CSharp,7f68acd83d7f1858,0.611967859420244,fa0ada3c92e228d9,0.15658560926651424,0.32238321703575745
novo_sgp,CSharp,814a107de463103b,0.611967859420244,fb0360f50ea0ac4c,0.3894469143299314,1.3611735830398648
novo_sgp,CSharp,81f37bceba64f100,0.611967859420244,db2279a0dde2471c,0.3894469143299314,0.23283232341471372
novo_sgp,CSharp,8039e800197d92fd,0.611967859420244,006203fc94ab9445,0.3894469143299314,0.25074250213892246
novo_sgp,CSharp,078979642564145e,0.611967859420244,04c2fba6f410bbf6,0.15658560926651424,0.17910178724208747
novo_sgp,CSharp,75d406e0373e3097,0.611967859420244,0722745ed78b960f,0.15658560926651424,1.0029700085556899
novo_sgp,CSharp,77df682dbdc12e7f,0.611967859420244,0d1b8688cef597e4,0.15658560926651424,0.32238321703575745
novo_sgp,CSharp,bffba70e8b2743d6,0.6110228513577701,68dc077c71f15d12,0.29231039325842695,1.7006443459097111
novo_sgp,CSharp,360b97f75aaa0614,0.6110228513577701,1912badaf9f2710b,0.3848319673420385,0.5731257191746799
novo_sgp,CSharp,4b19bdefac59b277,0.611007839023214,19f50987dfcbdfdd,0.33283501371680974,0.5373053617262624
novo_sgp,CSharp,2649ae9e19ae1bc8,0.6103750342149028,001f88b448c7d38a,0.3848319673420385,0.4656646468294274
novo_sgp,CSharp,53e106893119b45f,0.6103750342149028,02c2f54a42e2454d,0.3848319673420385,0.39402393193259244
novo_sgp,CSharp,992742caab34dcf9,0.6103750342149028,43a4432901a4c12c,0.3848319673420385,0.3223832170357574
novo_sgp,CSharp,ba23cc5f91c80d00,0.6103750342149028,06eca160d536449b,0.15425882086443832,0.39402393193259244
novo_sgp,CSharp,9364abc028279065,0.6098443191746605,1457d5d18d86d95c,0.3848319673420385,0.32238321703575745
novo_sgp,CSharp,e466993aa50cc7f7,0.6098443191746605,2caedcf82d1d4c04,0.3848319673420385,0.07164071489683498
novo_sgp,CSharp,188ea9a2ab2c7c13,0.6098443191746605,33379cea40b90820,0.15425882086443832,0.6805867915199323
novo_sgp,CSharp,a674ed70360ea0b5,0.6098443191746605,39b413fef813804b,0.3848319673420385,0.9313292936588548
novo_sgp,CSharp,3c6565c43754e008,0.6098443191746605,4232e524f5e3e8c1,0.3848319673420385,0.10746107234525247
novo_sgp,CSharp,068cccc1bc3e81c1,0.6098443191746605,47c797a19ff4e1f4,0.3848319673420385,0.035820357448417495
novo_sgp,CSharp,c0e9b536a63bc308,0.5920801313022814,5067138ebfb22d6c,0.3848319673420385,0.34029339575996614
novo_sgp,CSharp,7aaddd27641648d5,0.5920801313022814,52c90d781767b9e4,0.3848319673420385,0.6447664340715149
novo_sgp,CSharp,81c33a723e848d13,0.5920801313022814,7156709e91b8bad6,0.43848272695971535,2.6222529445657536
novo_sgp,CSharp,058c436f16f47819,0.5920801313022814,59bfcde7210c725e,0.3848319673420385,1.0029700085556899
novo_sgp,CSharp,0ac4a39c4b7b1a6d,0.5920801313022814,4c4d6392dd088032,0.3848319673420385,0.28656285958733996
novo_sgp,CSharp,2b1f9bd2826873c1,0.5920801313022814,715d41adec668341,0.29231039325842695,2.448936171072466
novo_sgp,CSharp,01d610545451e973,0.5920801313022814,7a0f9659f2121c60,0.3848319673420385,1.2537125106946123
novo_sgp,CSharp,7a08473b7cb8df00,0.5920801313022814,877b7bcd2bd3a3c6,0.38730801124101744,1.2178921532461948
novo_sgp,CSharp,37bb9ad4548acc5e,0.5920801313022814,51ded536166481c1,0.3848319673420385,0.5731257191746798
novo_sgp,CSharp,2e2b591f0a07ff5b,0.5920801313022814,74ba3ad6dbf88219,0.15319889743217757,2.935973551957186
novo_sgp,CSharp,af44381dbb327efb,0.5920801313022814,89cff6cdd9dac7a9,0.3848319673420385,1.0029700085556899
novo_sgp,CSharp,aff882f47bdd11f7,0.5920801313022814,8a740bf92370803f,0.15487984653450393,0.25074250213892246
novo_sgp,CSharp,a68f24fc7a4283a9,0.5920801313022814,67e988ff78504fd2,0.3848319673420385,0.07164071489683498
novo_sgp,CSharp,afa9016e0c9b6392,0.5920801313022814,a3de767a6c6e514d,0.3848319673420385,1.3611735830398648
novo_sgp,CSharp,c8349cf4766a7dc4,0.5920801313022814,a9ab4ffed77a05c2,0.3848319673420385,0.4656646468294274
novo_sgp,CSharp,c909058d1739ff2e,0.5920801313022814,8f3da68971af9da8,0.3848319673420385,0.4656646468294274
novo_sgp,CSharp,fea4713b8da556c6,0.5920801313022814,8a148b188410c705,0.15319889743217757,3.3216634462775936
novo_sgp,CSharp,4adda0d432d40913,0.5920801313022814,b6fc85f0918536b2,0.3848319673420385,0.7164071489683499
novo_sgp,CSharp,50592fe99ca031fc,0.5920801313022814,c95c7e1a9933b772,0.3848319673420385,1.0029700085556899
novo_sgp,CSharp,ea46968f76cf6c1b,0.5920801313022814,cb33eafde3226f69,0.15487984653450393,1.0746107234525248
novo_sgp,CSharp,e54592fa3ed356bf,0.5920801313022814,90ad4dc409947d08,0.3848319673420385,0.035820357448417495
novo_sgp,CSharp,e637654dc6930c28,0.5920801313022814,83798892f48c7c50,0.3893701208426906,1.7672432862134462
novo_sgp,CSharp,e641b790798e6f4b,0.5920801313022814,e6918d3b5a8b3a8a,0.42132810784775665,0.10746107234525248
novo_sgp,CSharp,36a2993adc03106c,0.5920801313022814,f69fef20af4036b9,0.3848319673420385,0.8955089362104374
novo_sgp,CSharp,9a563a01695ef90a,0.5920801313022814,f762d54316c47265,0.3848319673420385,0.4298442893810099
novo_sgp,CSharp,dc004d0795644dca,0.5920801313022814,b22ca0633efbdfa6,0.3848319673420385,0.7522275064167673
novo_sgp,CSharp,dd44a83905527c4b,0.5920801313022814,891cfbfcc239cff7,0.29231039325842695,1.7338935705408371
novo_sgp,CSharp,dc69b7f1ec86e38d,0.5920801313022814,92a681e2c42c803c,0.29231039325842695,1.834222248834691
novo_sgp,CSharp,ce7a46feb141d6ef,0.5920801313022814,0a30726ffbe38505,0.3848319673420385,0.0
novo_sgp,CSharp,58f419dc2127d97a,0.5920801313022814,fbf228e5eecda3e7,0.3848319673420385,0.698496970244141
novo_sgp,CSharp,998624df409702f6,0.5920801313022814,9532fcd97a5d53ca,0.43848272695971535,1.8678414720929168
novo_sgp,CSharp,9b31f90c6a81a6f8,0.5920801313022814,b5a60f74fcf4d5dc,0.3848319673420385,0.841778400037811
novo_sgp,CSharp,ed3c37b3b2b21398,0.5920801313022814,079f90a29e667927,0.3827698577403653,0.5014850042778449
novo_sgp,CSharp,91388ea5531a5dd5,0.5920801313022814,b6b2b7508493b672,0.3848319673420385,0.14328142979366998
novo_sgp,CSharp,d5ea466a3619656a,0.5920801313022814,c4c99f01d8df0c7d,0.15425882086443832,0.7880478638651848
novo_sgp,CSharp,b945f34825e1168c,0.5920801313022814,35117a8e68bb6255,0.3619294702759742,0.7164071489683499
novo_sgp,CSharp,1860f5d1db01e592,0.5920801313022814,8e5a0e6f318145cd,0.38524590163934425,2.1393688030415206
novo_sgp,CSharp,fafe6a50cd86712f,0.5920801313022814,c56a146fde5bfb35,0.3848319673420385,0.7164071489683498
novo_sgp,CSharp,f513689fe0ec7f3d,0.5920801313022814,ddbfb3f98c027946,0.3848319673420385,0.8238682213136023
novo_sgp,CSharp,f4dff68c26a1c302,0.5920801313022814,3653c1d79b1de931,0.3848319673420385,0.6805867915199324
novo_sgp,CSharp,073f19c519de4811,0.5899862098552844,6ea31273a9c6787f,0.3848319673420385,0.4298442893810099
novo_sgp,CSharp,bec97c0b47792320,0.5899862098552844,77f06ad0dd17ce99,0.3848319673420385,1.1104310809009423
novo_sgp,CSharp,fb210ac01490c6cb,0.5899862098552844,9ed0bc1960c72927,0.3848319673420385,0.4298442893810099
novo_sgp,CSharp,c5bd7cfbe8795a59,0.5899862098552844,d14e33f5ad4b1d12,0.38730801124101744,0.9313292936588549
novo_sgp,CSharp,8fbab93a61116272,0.5899862098552844,f142ecb61ea47d72,0.3848319673420385,0.21492214469050497
novo_sgp,CSharp,cd02375e36ae7074,0.5899862098552844,979cf3a0cb1abd48,0.43848272695971535,1.5036312618026832
novo_sgp,CSharp,9a4d39d4f90068c2,0.5899862098552844,0dad7735f0084488,0.3848319673420385,0.8955089362104374
novo_sgp,CSharp,d82b96575aae7985,0.5899862098552844,117ea295f59e2383,0.30543853838280427,0.3940239319325924
novo_sgp,CSharp,8da2f436fc764f22,0.5899862098552844,47b7d2107bcc7553,0.3848319673420385,0.14328142979366998
novo_sgp,CSharp,7eebc810eb4fce6b,0.5899862098552844,98ddd8a4be0132bb,0.43848272695971535,2.1052099184056554
novo_sgp,CSharp,7b5c8164688b8c12,0.5899862098552844,5c229813217473fd,0.15487984653450393,1.0387903660041073
novo_sgp,CSharp,52af1665afe101fe,0.5899862098552844,996c5355659e2c09,0.29231039325842695,1.1000225921032234
novo_sgp,CSharp,4be2d81e1d8f7fb0,0.5899862098552844,5c50a3d29c78e48d,0.3848319673420385,0.32238321703575745
novo_sgp,CSharp,684baa1bb83f38c2,0.5899862098552844,6c3db068b97bc9dd,0.3848319673420385,0.16119160851787873
novo_sgp,CSharp,5ea51c489878db65,0.5899862098552844,99aeb74c5f0883bf,0.43848272695971535,1.5036312618026832
novo_sgp,CSharp,32df0d8c5e87d2aa,0.5899862098552844,72559b2f7b314f15,0.38730801124101744,0.8955089362104374
novo_sgp,CSharp,2415eed59505eb2b,0.5899862098552844,7ecead1d22420fba,0.3848319673420385,0.3940239319325924
novo_sgp,CSharp,17da05b87732e644,0.5899862098552844,a1677efcdbcafb9c,0.15208985453875898,1.834222248834691
novo_sgp,CSharp,3b1a0d5a5788aa3a,0.5899862098552844,9c713a712058c6c2,0.33283501371680974,0.07164071489683499
novo_sgp,CSharp,f72c9bd2fc57e58b,0.5856741573033708,ac242cec0aad3658,0.29231039325842695,2.901448953321817
novo_sgp,CSharp,3405822823bee2ab,0.5856741573033708,b60942402e38bc04,0.29231039325842695,0.17910178724208742
novo_sgp,CSharp,1f4c2a8c8e468a2d,0.5837291389654146,b5144d99db834aa9,0.3848319673420385,0.8238682213136024
novo_sgp,CSharp,c8af60590ee6ea32,0.5774230428531865,bbc2182247afae37,0.38730801124101744,0.0
novo_sgp,CSharp,a9284a01bbf78778,0.5774230428531865,bc2db7218875eeb3,0.3848319673420385,0.21492214469050497
novo_sgp,CSharp,a8334eb09fd0797f,0.5774230428531865,b928cc825fc616ca,0.29231039325842695,2.5528304023414274
novo_sgp,CSharp,aad27a64b0f6a164,0.5774230428531865,c9299d313e4fa0f0,0.38730801124101744,0.07164071489683499
novo_sgp,CSharp,9cfcabe880b702a7,0.5774230428531865,cd0cd31726d55e78,0.3848319673420385,0.8955089362104374
novo_sgp,CSharp,a6ec766791e057bd,0.5774230428531865,ecbdec23764cd00e,0.38730801124101744,0.07164071489683499
novo_sgp,CSharp,c3775bf0f66ea6cf,0.5774230428531865,c8340a193f62d167,0.29231039325842695,1.1891435095760923
novo_sgp,CSharp,b62c93be145dad95,0.5774230428531865,cafe393905df7d52,0.43848272695971535,1.1293749162841573
novo_sgp,CSharp,cad75fb1b95497c4,0.5774230428531865,f28bcc5896fa1650,0.3848319673420385,0.21492214469050497
novo_sgp,CSharp,d35e9bb4843e874e,0.5774230428531865,f4baf3478230fa51,0.15487984653450393,0.14328142979366998
novo_sgp,CSharp,ab62564d78bd5534,0.5774230428531865,c7a80c697989efa4,0.3848319673420385,0.017910178724208747
novo_sgp,CSharp,af6136e677bed9a5,0.5774230428531865,008b115d2f6301e8,0.38730801124101744,0.0
novo_sgp,CSharp,b53728ddd87edaac,0.5774230428531865,0c631cb076247aaa,0.15487984653450393,0.5373053617262623
novo_sgp,CSharp,c1fdb59521e1be88,0.5774230428531865,ce6e45fbb8a2775a,0.43848272695971535,1.07106391067882
novo_sgp,CSharp,8bfba776a5ff696a,0.5774230428531865,1a53cad18040a85c,0.364294412395722,0.03582035744841748
novo_sgp,CSharp,930fc34a9ee0d084,0.5774230428531865,1bedef64fd941de7,0.3848319673420385,0.6447664340715148
novo_sgp,CSharp,7fef5c01e1f686dd,0.5774230428531865,d0d358322e06dbf2,0.29231039325842695,2.5528304023414274
novo_sgp,CSharp,6590fb3713a5be4c,0.5774230428531865,1bf62fea36727c0b,0.38730801124101744,0.4298442893810099
novo_sgp,CSharp,71c09eac80f587e5,0.5774230428531865,2a1f71dedc7e209a,0.3848319673420385,0.7522275064167673
novo_sgp,CSharp,668953b617f94007,0.5774230428531865,d722c1f43bf6827d,0.43848272695971535,1.07106391067882
novo_sgp,CSharp,db46ac48058d699d,0.5774230428531865,daceb37f56aed9ce,0.29231039325842695,2.4143741489201975
novo_sgp,CSharp,e236ddc4e5689ac6,0.5774230428531865,2a87440a63ffeb6a,0.3848319673420385,0.3940239319325924
novo_sgp,CSharp,e223e11258ef59b6,0.5774230428531865,376f4907bf87607a,0.38730801124101744,0.6805867915199323
novo_sgp,CSharp,3d872b3ba6601282,0.5774230428531865,dd64c36742a8ed04,0.38029381384138644,0.986893950591822
novo_sgp,CSharp,3122f8b0bd46b2ec,0.5774230428531865,3943006f624ca554,0.3848319673420385,0.4656646468294274
novo_sgp,CSharp,e67f4dd84daa224f,0.5774230428531865,40f99a73f72233fa,0.3380561505654882,0.8238682213136023
novo_sgp,CSharp,5f45f43bb511dc56,0.5774230428531865,ddea1678580f6fa7,0.29231039325842695,0.9598711639578017
novo_sgp,CSharp,dba1352ee26b6eba,0.5774230428531865,0c24d09c3f4dd731,0.3848319673420385,0.0
novo_sgp,CSharp,568d3aa6c845e9b6,0.5774230428531865,4601ee2123de9925,0.15487984653450393,0.8596885787620198
novo_sgp,CSharp,4b1d6187e86a8b6c,0.5774230428531865,463fa21bcc36a7c5,0.3848319673420385,0.5014850042778448
novo_sgp,CSharp,292d50753c88e346,0.5774230428531865,e24eadf9d3f9dcf2,0.2749891193964892,1.042531675487697
novo_sgp,CSharp,1e78efb7ca36d1d2,0.5774230428531865,48bdedbd0ae3edf5,0.3848319673420385,0.8238682213136023
novo_sgp,CSharp,262efc036bd70845,0.5774230428531865,e65d77313f91c19e,0.29231039325842695,1.2810818216396564
novo_sgp,CSharp,2446eb78fd778cd4,0.5774230428531865,4cb7ca95fe4dfc8a,0.3848319673420385,0.4656646468294274
novo_sgp,CSharp,17a4171db0761d6b,0.5774230428531865,4e7d2baa327d6f49,0.38730801124101744,0.21492214469050497
novo_sgp,CSharp,2469d4e6db540d2b,0.5774230428531865,5475fa4ca2f0eb2a,0.38730801124101744,0.7164071489683498
novo_sgp,CSharp,1194f19f2f959b5a,0.5774230428531865,641974ad54fe6bab,0.15487984653450393,0.8955089362104373
novo_sgp,CSharp,01d581251081be48,0.5774230428531865,e88886ebb1618111,0.43848272695971535,1.5687798636764125
novo_sgp,CSharp,11943518535b76d7,0.5774230428531865,6d1a22d8a9573f0c,0.15487984653450393,0.5014850042778448
novo_sgp,CSharp,f6070336757181f4,0.5774230428531865,7d6cc2ad845e7e5e,0.3848319673420385,0.28656285958733996
novo_sgp,CSharp,10d5b92c79216c06,0.5774230428531865,e9368470f165e7c7,0.2749891193964892,6.90711505661748
novo_sgp,CSharp,1e59ad7407f60678,0.5774230428531865,f7027d9f8d27e978,0.29231039325842695,1.07106391067882
novo_sgp,CSharp,256441b958a77996,0.5774230428531865,84e21bd8e0a2ec33,0.15487984653450393,0.17910178724208747
novo_sgp,CSharp,100abd78a0fe57ee,0.5774230428531865,0c8693b6427cfc2e,0.3848319673420385,0.0
novo_sgp,CSharp,eb51b8dd2b3cd6e0,0.5774230428531865,870f534f8314ae72,0.3848319673420385,0.10746107234525247
novo_sgp,CSharp,322404a719a87225,0.5774230428531865,146a7ab26dde2f37,0.29231039325842695,2.5875265575822595
novo_sgp,CSharp,28fda2d8c1d50525,0.5774230428531865,1a79a8dffc120135,0.43848272695971535,1.3752726076103596
novo_sgp,CSharp,301bf04cf09f17e0,0.5774230428531865,8d19a7de0a50d4d0,0.3848319673420385,0.7522275064167673
novo_sgp,CSharp,2fa1d72b80ac5ac1,0.5774230428531865,2b4f79d5c6cb6e67,0.38524590163934425,2.003081563997096
novo_sgp,CSharp,6ba369de39764912,0.5774230428531865,9ecc750e709fafc6,0.3799830719692369,0.5373053617262623
novo_sgp,CSharp,6d79bef5e1cdaca3,0.5774230428531865,a33a95ecb28c8891,0.3848319673420385,0.5552155404504711
novo_sgp,CSharp,65f5153a4d3a2e48,0.5774230428531865,2cae314220ff799f,0.29231039325842695,4.522888437616328
novo_sgp,CSharp,e1a4a589e440228e,0.5774230428531865,a5b794286127502b,0.3848319673420385,0.10746107234525247
novo_sgp,CSharp,5bcb022d94fdde39,0.5774230428531865,309e8890eb205221,0.43848272695971535,1.471283324479143
novo_sgp,CSharp,cb4eb4604c56e2e3,0.5774230428531865,3187e7b3ac4a5ddf,0.29231039325842695,1.6015621122213486
novo_sgp,CSharp,97ce449dda027aa0,0.5774230428531865,359fba8aadc5172e,0.29231039325842695,1.6675016235680105
novo_sgp,CSharp,0abd21fc995c5427,0.5774230428531865,36424529f6f04120,0.43848272695971535,1.800687909490596
novo_sgp,CSharp,a68c938a2b74f40f,0.5774230428531865,ab8f9bdccfd83469,0.15487984653450393,0.07164071489683498
novo_sgp,CSharp,d32f0ba9f417a5ab,0.5774230428531865,adae676388fcc3f1,0.15487984653450393,0.6447664340715148
novo_sgp,CSharp,68a4273b05724643,0.5774230428531865,ae1e025ea93bc294,0.15487984653450393,0.6805867915199323
novo_sgp,CSharp,cdad6a476038f099,0.5774230428531865,37cead8a5899cb43,0.43848272695971535,1.3752726076103596
novo_sgp,CSharp,9f0e9c324ee5667c,0.5774230428531865,3c40099d32df66ff,0.29231039325842695,1.1293749162841573
novo_sgp,CSharp,4bf42fa97ebe53d6,0.5774230428531865,c37ea36c8565f15e,0.38730801124101744,0.6089460766230973
novo_sgp,CSharp,4ffd03464a83f534,0.5774230428531865,420bbbdc59431aa9,0.3893701208426906,2.003081563997096
novo_sgp,CSharp,50f0716be213566e,0.5774230428531865,cd2c96035023b123,0.3848319673420385,0.8238682213136023
novo_sgp,CSharp,0a02b3cf73e59ee0,0.5774230428531865,4406ad54dcb3c0e4,0.15319889743217757,2.4489361710724666
novo_sgp,CSharp,b5f4eba69bd5d4b0,0.5774230428531865,447d8e3fd96ed5cc,0.43848272695971535,1.9015410770308756
novo_sgp,CSharp,7862848279015ea6,0.5704002808988764,4ec1515d936007d9,0.29231039325842695,1.0029700085556899
novo_sgp,CSharp,7c34f97fe09badf9,0.5704002808988764,51d4fb2cee8adfaa,0.43848272695971535,2.0059400171113797
novo_sgp,CSharp,b21360f4be351da3,0.5704002808988764,53c8983573c85720,0.38029381384138644,0.7164071489683499
novo_sgp,CSharp,a69a6d4eded257f7,0.5704002808988764,01afbcd13f2b8edd,0.38029381384138644,0.0
novo_sgp,CSharp,990bf3cb85141167,0.5704002808988764,03a871932fff45fd,0.43848272695971535,0.0
novo_sgp,CSharp,c45b36a255d51793,0.5704002808988764,5c4ba63a03969de1,0.43848272695971535,1.0029700085556899
novo_sgp,CSharp,1af6ec9abd3614fc,0.5704002808988764,5cd30550702bb5c6,0.29231039325842695,1.2178921532461948
novo_sgp,CSharp,ebf46699741d863c,0.5704002808988764,5cffefc137a1717a,0.15656079563683029,1.2895328681430298
novo_sgp,CSharp,2dc2faeab7cfd294,0.5704002808988764,6119e59d5774671c,0.29231039325842695,0.3582035744841749
novo_sgp,CSharp,22944514867dcf10,0.5704002808988764,696de5186c0ed2eb,0.29231039325842695,1.8626585873177097
novo_sgp,CSharp,35aab03d8bc8607d,0.5704002808988764,6fc89ad92810b250,0.29231039325842695,0.8238682213136024
novo_sgp,CSharp,ae1b860e89eedbee,0.5704002808988764,7bb3f37b12175bcc,0.15656079563683029,0.5014850042778449
novo_sgp,CSharp,ff0daba5133dec79,0.5704002808988764,84e777ef70233d3a,0.29231039325842695,0.3582035744841749
novo_sgp,CSharp,ab9b8ec66dc41b77,0.5704002808988764,858fcb8e9b7a12f8,0.38524590163934425,0.10746107234525248
novo_sgp,CSharp,5c752a95bbb7b789,0.5704002808988764,8b40e4d82913b7c7,0.29231039325842695,3.5820357448417495
novo_sgp,CSharp,5bc19f16140385cb,0.5704002808988764,9497c3c7e2a7c8f7,0.43848272695971535,1.6119160851787873
novo_sgp,CSharp,45c0e0dc32683782,0.5704002808988764,951a2efdbd2af13b,0.29231039325842695,1.7193771575240397
novo_sgp,CSharp,67ed6cf2ab66339f,0.5704002808988764,955ea52baaee63ad,0.29231039325842695,2.399963949043972
novo_sgp,CSharp,123462bbe2bc675e,0.5704002808988764,9901cbd1cd918497,0.29231039325842695,0.6447664340715149
novo_sgp,CSharp,1631494946246e25,0.5704002808988764,9b3562129a217fbc,0.43848272695971535,0.10746107234525248
novo_sgp,CSharp,232f60c3e8630e23,0.5704002808988764,a061500b15905db5,0.43848272695971535,2.8656285958733996
novo_sgp,CSharp,c3f902da1bfe009f,0.5682579247533881,9c8c61a5ea7830d8,0.38029381384138644,2.1393688030415206
novo_sgp,CSharp,95730b52e1bb1327,0.5627034161315227,d75143f2e7f39f74,0.3619294702759742,0.9671496511072722
novo_sgp,CSharp,1a46856ce2ec004d,0.5627034161315227,e7733da5c25b1a53,0.3848319673420385,0.7164071489683498
novo_sgp,CSharp,f18a39674d5e3610,0.5620480489267476,f119c274dbbacb49,0.3848319673420385,0.4298442893810099
novo_sgp,CSharp,543e48151f6175ba,0.5577397359640215,abc7d013d865df49,0.38524590163934425,2.399963949043972
novo_sgp,CSharp,ceefc995911e2da4,0.5577397359640215,b493306192fe960a,0.38524590163934425,2.2925028766987197
novo_sgp,CSharp,cbc2c9394321a824,0.5577397359640215,a0fb87d27e28ccee,0.29231039325842695,2.5790657362860596
novo_sgp,CSharp,2025827c2a6170d7,0.5551039292969262,f143f03fa1901d4b,0.15487984653450393,0.03582035744841748
novo_sgp,CSharp,cfe7df7ad2bf5a45,0.55502278060337,a9e2599cee84c95a,0.29231039325842695,5.659616476849964
novo_sgp,CSharp,65390aba434c0811,0.5523058252427184,c8f4f49b7a6e0209,0.38524590163934425,1.0029700085556899
novo_sgp,CSharp,92e5817f94a23b05,0.5523058252427184,edc4dc960b3aecdf,0.38524590163934425,1.8626585873177097
novo_sgp,CSharp,9c68e8fd57281ae7,0.5523058252427184,fd194f7c026c9b70,0.15319889743217757,1.4686346553851173
novo_sgp,CSharp,5c6db442d729de5e,0.5523058252427184,003e9d4932aa6df6,0.38524590163934425,2.364143591595554
novo_sgp,CSharp,528cafa3af52e3e9,0.5519763947744638,e80b824591d45721,0.3848319673420385,0.9671496511072722
novo_sgp,CSharp,3bddd113f0fe1dc1,0.5516469643062091,01d3571f6845ddff,0.38524590163934425,1.1104310809009423
novo_sgp,CSharp,bbf13c5d0a4d321f,0.545621224984949,ba09d1fdcc97fcc5,0.43848272695971535,1.826838229869292
novo_sgp,CSharp,0fb4a34c6011e171,0.5329525144032498,11cfecb92ef80da5,0.3848319673420385,0.0
novo_sgp,CSharp,f003598d31991dde,0.5329525144032498,f5a445b4865e191d,0.3848319673420385,1.0387903660041073
novo_sgp,CSharp,2a181ab2aeaf925d,0.5329525144032498,fc57827a50ae33e5,0.3848319673420385,0.5373053617262623
novo_sgp,CSharp,5508fb4e18bb5d23,0.5329525144032498,fd6c01cf3a37e6d5,0.3848319673420385,0.3940239319325924
novo_sgp,CSharp,87ea91c3815ee76e,0.5329525144032498,bec38e63042e06d9,0.43848272695971535,1.1293749162841573
novo_sgp,CSharp,b24c94969be1c827,0.5329525144032498,17eee436850dde4c,0.3848319673420385,0.07164071489683498
novo_sgp,CSharp,8bccdb948b7dde46,0.5287949367381779,10379e2624475e26,0.15658560926651424,0.25074250213892246
novo_sgp,CSharp,84b25218360536c3,0.5287949367381779,026e610ccaa0bd0f,0.15658560926651424,0.0
novo_sgp,CSharp,92a22362f4e9d122,0.5287949367381779,06f08638f490d7b0,0.3893701208426906,1.8342222488346913
novo_sgp,CSharp,0815d032b7a2b1f6,0.5287949367381779,132096ae6a7875fd,0.15658560926651424,0.42984428938100994
novo_sgp,CSharp,0853541d6d32fec4,0.5287949367381779,3221d3284a640f72,0.15658560926651424,0.5373053617262624
novo_sgp,CSharp,05f38f19b9e44ffc,0.5287949367381779,36ab7581a7487487,0.15658560926651424,0.39402393193259244
novo_sgp,CSharp,bf9ec59920174680,0.5287949367381779,380386cc33a88c72,0.15658560926651424,0.25074250213892246
novo_sgp,CSharp,c27fa074ef99675e,0.5287949367381779,3ae616c4d796decb,0.15658560926651424,0.28656285958733996
novo_sgp,CSharp,fe36bdfa7a7c0798,0.5287949367381779,3b37f958085fd88d,0.3894469143299314,0.5731257191746799
novo_sgp,CSharp,ff35a740c2ce82f9,0.5287949367381779,4643fb20256a982a,0.15658560926651424,0.25074250213892246
novo_sgp,CSharp,bc3f88fe204bca20,0.5287949367381779,4e2768a3630fff1d,0.15658560926651424,0.28656285958733996
novo_sgp,CSharp,0d6f695fec4600b9,0.5287949367381779,4e976dc379bdac28,0.15658560926651424,0.6089460766230973
novo_sgp,CSharp,fd6612fe75d1b30d,0.5287949367381779,5c14efcf1c7f0867,0.15658560926651424,0.25074250213892246
novo_sgp,CSharp,c0072bb1f4a4bd7e,0.5287949367381779,5fff53e5294d2640,0.3894469143299314,0.21492214469050497
novo_sgp,CSharp,c1e5ae4e5b08475a,0.5287949367381779,656d4e339c6990e7,0.15658560926651424,0.28656285958733996
novo_sgp,CSharp,fd9238fa12fbdbe1,0.5287949367381779,679b8003fbf05eb1,0.15658560926651424,0.28656285958733996
novo_sgp,CSharp,06c9ae061d50f1df,0.5287949367381779,67e20c7f4ed700ba,0.15658560926651424,0.39402393193259244
novo_sgp,CSharp,7cb7b91fd7ecd495,0.5287949367381779,9266c7095f5edc0c,0.15658560926651424,0.5014850042778449
novo_sgp,CSharp,7f0d5c2b286cc306,0.5287949367381779,93062bbc404319ae,0.15658560926651424,0.28656285958733996
novo_sgp,CSharp,8dce411eac997ff0,0.5287949367381779,b4ab7c8abd13110b,0.15658560926651424,0.42984428938100994
novo_sgp,CSharp,d16ec513c433c270,0.5287949367381779,c2684ab45243155a,0.3894469143299314,0.32238321703575745
novo_sgp,CSharp,cc65a6e45ad51f98,0.5287949367381779,cfd60ac8db68aeaf,0.15658560926651424,0.28656285958733996
novo_sgp,CSharp,ccc1e8b44ce3291a,0.5287949367381779,19426cb3d8228aff,0.15656079563683029,1.2810818216396567
novo_sgp,CSharp,9d8956f061154629,0.5287949367381779,d526aef574d35503,0.15658560926651424,0.28656285958733996
novo_sgp,CSharp,a2b5e9ecabc7ec83,0.5287949367381779,d84dd645a8b328ee,0.15658560926651424,0.6447664340715148
novo_sgp,CSharp,9e68b7810538675d,0.5287949367381779,dc125cd93e73958c,0.3894469143299314,0.28656285958733996
novo_sgp,CSharp,9f53484a93cad4d6,0.5287949367381779,e1767a4cc78163ac,0.15658560926651424,0.7164071489683498
novo_sgp,CSharp,a2470cd66065d275,0.5287949367381779,e3e0c551c7ff4b7d,0.15658560926651424,0.39402393193259244
novo_sgp,CSharp,96184c48e12d005e,0.5287949367381779,e48445d5c0d5c845,0.15658560926651424,0.28656285958733996
novo_sgp,CSharp,954db785edaa598d,0.5287949367381779,e5d4d2840ac36b39,0.15658560926651424,0.25074250213892246
novo_sgp,CSharp,9808b9e4a8dfd98d,0.5287949367381779,f0febde8ae18122b,0.15658560926651424,0.5373053617262624
novo_sgp,CSharp,965874dd7a116ec0,0.5287949367381779,f111fe3f69a556ad,0.15658560926651424,0.25074250213892246
novo_sgp,CSharp,b9004e14fa4101be,0.5287949367381779,f9122e9f6977c83f,0.3894469143299314,0.42984428938100994
novo_sgp,CSharp,c52c323d51103510,0.5287949367381779,ffed8f9506615278,0.15658560926651424,0.5373053617262624
novo_sgp,CSharp,c5ce9b92ebc4d151,0.5287949367381779,01f14e89edd47d1c,0.15658560926651424,0.8596885787620198
novo_sgp,CSharp,6a2e84fd6336b5fd,0.5287949367381779,19ca5de51d32a8b6,0.3894469143299314,0.6089460766230974
novo_sgp,CSharp,686be4b7ac03c8ad,0.5287949367381779,1a8c4b5a500b2a5d,0.3894469143299314,0.46566464682942743
novo_sgp,CSharp,d8386f607ac789d2,0.5287949367381779,1efb660156acbd8c,0.15658560926651424,0.32238321703575745
novo_sgp,CSharp,d4f50671d6734deb,0.5287949367381779,306ba5803c4dc8fc,0.3894469143299314,0.28656285958733996
novo_sgp,CSharp,73eb578ac5b8f6de,0.5287949367381779,448a0e9270f24c2a,0.15658560926651424,0.5731257191746799
novo_sgp,CSharp,768f17b298fd64ab,0.5287949367381779,48f9befee3a0529b,0.15658560926651424,0.46566464682942743
novo_sgp,CSharp,76b2af1c8c753041,0.5287949367381779,2504db427bb4008f,0.3893701208426906,1.07106391067882
novo_sgp,CSharp,799ca7a09f8879f4,0.5287949367381779,498fa0f1cba6c0ac,0.15658560926651424,0.32238321703575745
novo_sgp,CSharp,80d6969c930c7dce,0.5287949367381779,6490ab1c078266f0,0.3894469143299314,0.32238321703575745
novo_sgp,CSharp,7269224ca2dd6dcd,0.5287949367381779,660cb4f0d8b6ef1e,0.15658560926651424,0.10746107234525247
novo_sgp,CSharp,8047fe0cb81ca7ff,0.5287949367381779,68c3028897637c54,0.15658560926651424,0.46566464682942743
novo_sgp,CSharp,46b3ed265c11cfdf,0.5287949367381779,6b5a9d1d3a02c81d,0.3894469143299314,0.32238321703575745
novo_sgp,CSharp,59b6a4976c1ab9b1,0.5287949367381779,7d4085b9423bea81,0.15658560926651424,0.10746107234525247
novo_sgp,CSharp,58d5ad03b093b312,0.5287949367381779,8488341641226f41,0.15658560926651424,0.28656285958733996
novo_sgp,CSharp,4c18f24a86e3298c,0.5287949367381779,86654e921c4859d7,0.3894469143299314,0.32238321703575745
novo_sgp,CSharp,46ae3a829d6b12bb,0.5287949367381779,88576fd5de29d9d4,0.15658560926651424,0.35820357448417495
novo_sgp,CSharp,55bd98364aba2c42,0.5287949367381779,8f0f500d2f796008,0.15658560926651424,0.32238321703575745
novo_sgp,CSharp,50921ac13b8a720f,0.5287949367381779,937700ad530e451d,0.15658560926651424,0.35820357448417495
novo_sgp,CSharp,5688916c8472f7c1,0.5287949367381779,9f93fa592c2fd781,0.3894469143299314,0.32238321703575745
novo_sgp,CSharp,644bbf3fc79f3472,0.5287949367381779,a2dda344f6706812,0.3894469143299314,0.28656285958733996
novo_sgp,CSharp,66fd26ed11e21455,0.5287949367381779,a315a2fcbe57cbb5,0.15658560926651424,0.28656285958733996
novo_sgp,CSharp,6f432d3f58a1f01c,0.5287949367381779,a497d4e6066d92b7,0.15658560926651424,0.35820357448417495
novo_sgp,CSharp,62247db610f76d36,0.5287949367381779,ae227aa78afcaa54,0.15658560926651424,0.32238321703575745
novo_sgp,CSharp,6285a8f62ce4c293,0.5287949367381779,c229daf1f0365619,0.15658560926651424,0.28656285958733996
novo_sgp,CSharp,6b53f7a7d766b3ee,0.5287949367381779,cc96f40414b02a3a,0.15658560926651424,0.46566464682942743
novo_sgp,CSharp,66cef721916f821a,0.5287949367381779,d38e4df8c6fd23a6,0.3894469143299314,0.28656285958733996
novo_sgp,CSharp,64e47bf812fdc8b5,0.5287949367381779,95eff3f6fd7bd7ad,0.15656079563683029,1.1000225921032234
novo_sgp,CSharp,5f3b54fdbda92181,0.5287949367381779,d5722463d136e866,0.15658560926651424,0.28656285958733996
novo_sgp,CSharp,6ae3bf40aa999b12,0.5287949367381779,df23fe52d7045239,0.15658560926651424,0.32238321703575745
novo_sgp,CSharp,de592af2e6266cc8,0.5287949367381779,e36f5fec56e8e8b7,0.15658560926651424,0.7880478638651848
novo_sgp,CSharp,e24dfcf889c85893,0.5287949367381779,ecd42d37b5ae3774,0.15658560926651424,0.35820357448417495
novo_sgp,CSharp,4fd8f82103b4050e,0.5287949367381779,f2932c0dedc0e334,0.15658560926651424,0.39402393193259244
novo_sgp,CSharp,3b0d1eff27cc4ee7,0.5287949367381779,f562f9eb33e18369,0.15658560926651424,0.39402393193259244
novo_sgp,CSharp,3aaeb5dd5a04401d,0.5287949367381779,02cf7734971acd4c,0.15658560926651424,0.5731257191746799
novo_sgp,CSharp,382a781c005ca6bd,0.5287949367381779,179a45f5db8269a2,0.15658560926651424,0.46566464682942743
novo_sgp,CSharp,3717d4a4ff25d49c,0.5287949367381779,1c64ef7521d829c6,0.15658560926651424,0.6089460766230974
novo_sgp,CSharp,e9632993dc471324,0.5287949367381779,28b5f93e636cac12,0.15658560926651424,0.5014850042778449
novo_sgp,CSharp,36138f1ede234454,0.5287949367381779,2e7b0ab040a88f66,0.15658560926651424,0.39402393193259244
novo_sgp,CSharp,e7c08eb99df0ad66,0.5287949367381779,34792a8d1b5abb6b,0.15658560926651424,0.7164071489683498
novo_sgp,CSharp,e48d571eeb19c3e4,0.5287949367381779,39a57c3e5b8bc6c1,0.15658560926651424,0.35820357448417495
novo_sgp,CSharp,50631a6cba278cd4,0.5287949367381779,45f104195e829fe2,0.15658560926651424,0.5373053617262624
novo_sgp,CSharp,48008698a151338f,0.5287949367381779,48b8a4e4e8e61f5a,0.15658560926651424,0.6805867915199323
novo_sgp,CSharp,2c9182f420783fd7,0.5287949367381779,499357132c488382,0.15658560926651424,0.35820357448417495
novo_sgp,CSharp,33e8164ee3f2b2c9,0.5287949367381779,553c6b00ad3de5cf,0.15658560926651424,0.32238321703575745
novo_sgp,CSharp,2a47adf341023f8b,0.5287949367381779,5a3a027e88f37166,0.15658560926651424,0.7880478638651848
novo_sgp,CSharp,2a90846e5a4f96fa,0.5287949367381779,5dabea7dc7cc1518,0.15658560926651424,0.32238321703575745
novo_sgp,CSharp,ee3a157e4b2c95e6,0.5287949367381779,80ec796766f5c0c6,0.15658560926651424,0.5731257191746799
novo_sgp,CSharp,ee64cf5390312357,0.5287949367381779,886923a9b3b3c93d,0.15658560926651424,0.7164071489683498
novo_sgp,CSharp,1e8f7191dfbd64cd,0.5287949367381779,8c4711b7229d6d3e,0.15658560926651424,0.46566464682942743
novo_sgp,CSharp,f2c602d86e0f6619,0.5287949367381779,8ff04342273a9ccf,0.15658560926651424,0.7164071489683498
novo_sgp,CSharp,ef0704add13105d6,0.5287949367381779,9066a878b74acd45,0.15658560926651424,0.35820357448417495
novo_sgp,CSharp,f038e8cb9f039a5e,0.5287949367381779,9095398e8de5569c,0.15658560926651424,0.10746107234525247
novo_sgp,CSharp,eaa9ad52a01d66a1,0.5287949367381779,9da8b62fac1ae3b6,0.15658560926651424,0.8955089362104373
novo_sgp,CSharp,eb6581c3377c9004,0.5287949367381779,a113f81b8006a8c8,0.15658560926651424,0.32238321703575745
novo_sgp,CSharp,19deab67426611e7,0.5287949367381779,c0838c6a3e723255,0.15658560926651424,0.6447664340715149
novo_sgp,CSharp,132140ebfa633da3,0.5287949367381779,cb58784a4385a88c,0.15658560926651424,0.8955089362104373
novo_sgp,CSharp,f3f1dad4ff58271c,0.5287949367381779,d12abb72d77e835f,0.15658560926651424,0.35820357448417495
novo_sgp,CSharp,f32758ccece235c4,0.5287949367381779,d586f54326618d3a,0.15658560926651424,0.35820357448417495
novo_sgp,CSharp,16bb6b0b46b69563,0.5287949367381779,e1af4a5c9ac6a81d,0.15658560926651424,0.32238321703575745
novo_sgp,CSharp,f4c15db792eccc14,0.5287949367381779,f18a06e34b75884a,0.3894469143299314,0.46566464682942743
novo_sgp,CSharp,f84d2220a12f0c4c,0.5287949367381779,0180785e7a2533ff,0.3893701208426906,1.07106391067882
novo_sgp,CSharp,fa40a27934ae2a2e,0.5287949367381779,f277ce2060072d7c,0.15658560926651424,0.8596885787620198
novo_sgp,CSharp,050ab6dda3cdaff3,0.5287949367381779,0405bdd07dd16e66,0.15658560926651424,0.0
novo_sgp,CSharp,026cc09a3f80d1ac,0.5287949367381779,f922baa0faa0c22b,0.15658560926651424,0.6805867915199323
