project_id,year,sha,path,language,file_id,nloc,ccn,nmod,added,deleted,churn,r_nmod,r_ccn,h,h_geom
painel_esus,2024,00cc4bc9bf2ea7a678cc8ba827aa8b11c6d17488,docs/babel.config.js,JavaScript,627db5b57407c89a,3,0,1,3,0,3,0.75,0.5,0.5,0.6123724356957945
painel_esus,2024,00cc4bc9bf2ea7a678cc8ba827aa8b11c6d17488,docs/docusaurus.config.ts,TypeScript,2d41947533ee83b7,112,0,1,133,0,133,0.25,0.325,0.25,0.2850438562747845
painel_esus,2024,00cc4bc9bf2ea7a678cc8ba827aa8b11c6d17488,docs/sidebars.ts,TypeScript,1bce86fa0ff4f8cc,5,0,1,31,0,31,0.25,0.325,0.25,0.2850438562747845
painel_esus,2024,00cc4bc9bf2ea7a678cc8ba827aa8b11c6d17488,paineis-v2-front/src/assets/content/content.ts,TypeScript,b66f94736f0f4b78,108,0,16,174,50,224,1.0,0.325,0.325,0.570087712549569
painel_esus,2024,00cc4bc9bf2ea7a678cc8ba827aa8b11c6d17488,paineis-v2-front/src/components/charts/charts.types.ts,TypeScript,40646678b051af65,49,0,7,72,7,79,0.85,0.325,0.325,0.5255949010407159
painel_esus,2024,00cc4bc9bf2ea7a678cc8ba827aa8b11c6d17488,paineis-v2-front/src/components/charts/idoso.mock.ts,TypeScript,666be8650c9ca4a3,128,0,1,130,0,130,0.25,0.325,0.25,0.2850438562747845
painel_esus,2024,00cc4bc9bf2ea7a678cc8ba827aa8b11c6d17488,paineis-v2-front/src/components/charts/index.ts,TypeScript,4027dd8a3f6e1dbf,7,0,3,10,2,12,0.625,0.325,0.325,0.45069390943299864
painel_esus,2024,00cc4bc9bf2ea7a678cc8ba827aa8b11c6d17488,paineis-v2-front/src/components/charts/infantil.mock.ts,TypeScript,c09bf2c69101fcb1,126,0,1,128,0,128,0.25,0.325,0.25,0.2850438562747845
painel_esus,2024,00cc4bc9bf2ea7a678cc8ba827aa8b11c6d17488,paineis-v2-front/src/components/charts/qualidade.mock.ts,TypeScript,9243caa7f98a85eb,102,0,1,104,0,104,0.25,0.325,0.25,0.2850438562747845
painel_esus,2024,00cc4bc9bf2ea7a678cc8ba827aa8b11c6d17488,paineis-v2-front/src/components/charts/tabagismo.mock.ts,TypeScript,1fd355f2aec59ba1,142,0,4,149,2,151,0.725,0.325,0.325,0.48541219597368995
painel_esus,2024,00cc4bc9bf2ea7a678cc8ba827aa8b11c6d17488,paineis-v2-front/src/config/stale-time.ts,TypeScript,cc4b8c3d6dd125e2,1,0,1,1,0,1,0.25,0.325,0.25,0.2850438562747845
painel_esus,2024,00cc4bc9bf2ea7a678cc8ba827aa8b11c6d17488,paineis-v2-front/src/context/AuthProvider/types.ts,TypeScript,4922da0d70b8ce00,14,0,2,17,1,18,0.525,0.325,0.325,0.4130677910464577
painel_esus,2024,00cc4bc9bf2ea7a678cc8ba827aa8b11c6d17488,paineis-v2-front/src/context/AuthProvider/util.ts,TypeScript,15ef9c34c2302284,33,10,4,43,2,45,0.725,0.8,0.725,0.7615773105863908
painel_esus,2024,00cc4bc9bf2ea7a678cc8ba827aa8b11c6d17488,paineis-v2-front/src/pages/SindromesAgudas/chart-data.ts,TypeScript,a79e5f8f30827dc5,169,18,1,176,0,176,0.25,0.95,0.25,0.48733971724044817
painel_esus,2024,00cc4bc9bf2ea7a678cc8ba827aa8b11c6d17488,paineis-v2-front/src/react-app-env.d.ts,TypeScript,957956ed3a557c0b,0,0,1,1,0,1,0.25,0.325,0.25,0.2850438562747845
painel_esus,2024,00cc4bc9bf2ea7a678cc8ba827aa8b11c6d17488,paineis-v2-front/src/services/api.ts,TypeScript,11fd4ac1543a49b7,55,13,13,135,68,203,0.95,0.9,0.9,0.9246621004453465
painel_esus,2024,00cc4bc9bf2ea7a678cc8ba827aa8b11c6d17488,paineis-v2-front/src/services/api2.ts,TypeScript,52caf31b0b2bf964,34,8,3,52,7,59,0.625,0.75,0.625,0.6846531968814576
painel_esus,2024,00cc4bc9bf2ea7a678cc8ba827aa8b11c6d17488,paineis-v2-front/src/services/demographicParser.ts,TypeScript,55e7e4bce6d5f854,154,6,5,308,138,446,0.8,0.7,0.7,0.7483314773547882
painel_esus,2024,00cc4bc9bf2ea7a678cc8ba827aa8b11c6d17488,paineis-v2-front/src/utils/index.ts,TypeScript,f3eeaee4c1eb4107,200,52,11,414,172,586,0.9,1.0,0.9,0.9486832980505138
painel_esus,2024,00cc4bc9bf2ea7a678cc8ba827aa8b11c6d17488,paineis-v2-front/src/utils/reports.ts,TypeScript,f79e83c25d8c5158,7,3,1,8,0,8,0.25,0.65,0.25,0.4031128874149275
painel_esus,2024,00cc4bc9bf2ea7a678cc8ba827aa8b11c6d17488,paineis-v2-front/src/utils/stringUtils.ts,TypeScript,30f9246ee548ac04,29,11,2,34,4,38,0.525,0.85,0.525,0.6680194607943694
painel_esus,2024,00cc4bc9bf2ea7a678cc8ba827aa8b11c6d17488,paineis-v2-front/static-files/static/js/main.a65e342c.js,JavaScript,b2254edfe97729e0,1,172,1,6,0,6,0.75,1.0,0.75,0.8660254037844386
painel_esus,2024,00cc4bc9bf2ea7a678cc8ba827aa8b11c6d17488,painel-esus/cache.py,Python,0d9137710e611190,4,0,1,6,0,6,0.2609254498714653,0.18637532133676094,0.18637532133676094,0.2205222541258212
painel_esus,2024,00cc4bc9bf2ea7a678cc8ba827aa8b11c6d17488,painel-esus/interface.py,Python,29d104670dbe21d7,532,33,15,2081,1400,3481,0.9858611825192802,0.9897172236503856,0.9858611825192802,0.9877873214754622
painel_esus,2024,00cc4bc9bf2ea7a678cc8ba827aa8b11c6d17488,painel-esus/parquet_db.py,Python,f53ca37d7ad1d7cc,19,3,6,47,21,68,0.8663239074550129,0.5681233933161953,0.5681233933161953,0.7015546151329114
painel_esus,2024,00cc4bc9bf2ea7a678cc8ba827aa8b11c6d17488,painel-esus/run.py,Python,42a83368a0a52ecb,9,0,5,15,4,19,0.8226221079691517,0.18637532133676094,0.18637532133676094,0.39155645788503385
painel_esus,2024,00cc4bc9bf2ea7a678cc8ba827aa8b11c6d17488,painel-esus/src/__init__.py,Python,794345efab5badfb,0,0,1,0,0,0,0.2609254498714653,0.18637532133676094,0.18637532133676094,0.2205222541258212
painel_esus,2024,00cc4bc9bf2ea7a678cc8ba827aa8b11c6d17488,painel-esus/src/data/__init__.py,Python,af5b34dbeec40655,0,0,1,0,0,0,0.2609254498714653,0.18637532133676094,0.18637532133676094,0.2205222541258212
painel_esus,2024,00cc4bc9bf2ea7a678cc8ba827aa8b11c6d17488,painel-esus/src/data/interfaces/__init__.py,Python,08ad45323594ce88,0,0,1,0,0,0,0.2609254498714653,0.18637532133676094,0.18637532133676094,0.2205222541258212
painel_esus,2024,00cc4bc9bf2ea7a678cc8ba827aa8b11c6d17488,painel-esus/src/data/interfaces/city_information_repository.py,Python,2bdbcca41b8b043c,10,0,2,14,1,15,0.5822622107969152,0.18637532133676094,0.18637532133676094,0.3294226868925817
painel_esus,2024,00cc4bc9bf2ea7a678cc8ba827aa8b11c6d17488,painel-esus/src/data/interfaces/create_bases/__init__.py,Python,09683583959e6945,0,0,1,0,0,0,0.2609254498714653,0.18637532133676094,0.18637532133676094,0.2205222541258212
painel_esus,2024,00cc4bc9bf2ea7a678cc8ba827aa8b11c6d17488,painel-esus/src/data/interfaces/create_bases/create_bases_repository.py,Python,799a4a5e38ebf0bf,5,0,3,14,3,17,0.7095115681233933,0.18637532133676094,0.18637532133676094,0.36364192071479684
painel_esus,2024,00cc4bc9bf2ea7a678cc8ba827aa8b11c6d17488,painel-esus/src/data/interfaces/demographics_info.py,Python,846c58e79dc40d63,11,1,2,15,2,17,0.5822622107969152,0.4318766066838046,0.4318766066838046,0.5014632865915329
painel_esus,2024,00cc4bc9bf2ea7a678cc8ba827aa8b11c6d17488,painel-esus/src/data/interfaces/diseases_dashboard.py,Python,87f19bbbd5cf10fa,65,8,2,86,10,96,0.5822622107969152,0.7686375321336761,0.5822622107969152,0.6689907239727911
painel_esus,2024,00cc4bc9bf2ea7a678cc8ba827aa8b11c6d17488,painel-esus/src/data/interfaces/login_repository.py,Python,776cf70498c4b965,5,0,1,6,0,6,0.2609254498714653,0.18637532133676094,0.18637532133676094,0.2205222541258212
painel_esus,2024,00cc4bc9bf2ea7a678cc8ba827aa8b11c6d17488,painel-esus/src/data/interfaces/oral_health_all_cares_repository.py,Python,ea100df7733412f1,5,0,1,9,0,9,0.2609254498714653,0.18637532133676094,0.18637532133676094,0.2205222541258212
painel_esus,2024,00cc4bc9bf2ea7a678cc8ba827aa8b11c6d17488,painel-esus/src/data/interfaces/oral_health_dashboard_repository.py,Python,b190b8deb20f8170,25,0,1,37,0,37,0.2609254498714653,0.18637532133676094,0.18637532133676094,0.2205222541258212
painel_esus,2024,00cc4bc9bf2ea7a678cc8ba827aa8b11c6d17488,painel-esus/src/data/interfaces/smoking_repository.py,Python,16140d308f12d40b,16,0,1,23,0,23,0.2609254498714653,0.18637532133676094,0.18637532133676094,0.2205222541258212
painel_esus,2024,00cc4bc9bf2ea7a678cc8ba827aa8b11c6d17488,painel-esus/src/data/use_cases/__init__.py,Python,a621899055a8143b,0,0,1,0,0,0,0.2609254498714653,0.18637532133676094,0.18637532133676094,0.2205222541258212
painel_esus,2024,00cc4bc9bf2ea7a678cc8ba827aa8b11c6d17488,painel-esus/src/data/use_cases/city_informations.py,Python,63d21cd002e02f7b,17,6,2,27,2,29,0.5822622107969152,0.7005141388174807,0.5822622107969152,0.6386571154871473
painel_esus,2024,00cc4bc9bf2ea7a678cc8ba827aa8b11c6d17488,painel-esus/src/data/use_cases/create_bases/__init__.py,Python,aa6a00e8b3bc689f,0,0,1,0,0,0,0.2609254498714653,0.18637532133676094,0.18637532133676094,0.2205222541258212
painel_esus,2024,00cc4bc9bf2ea7a678cc8ba827aa8b11c6d17488,painel-esus/src/data/use_cases/create_bases/create_bases_usecase.py,Python,580b41e88b2ce355,30,6,7,62,25,87,0.8984575835475579,0.7005141388174807,0.7005141388174807,0.7933361459071762
painel_esus,2024,00cc4bc9bf2ea7a678cc8ba827aa8b11c6d17488,painel-esus/src/data/use_cases/create_bases/create_cache.py,Python,e49bf4fab69e871b,93,19,2,124,10,134,0.5822622107969152,0.9254498714652957,0.5822622107969152,0.7340670869485323
painel_esus,2024,00cc4bc9bf2ea7a678cc8ba827aa8b11c6d17488,painel-esus/src/data/use_cases/demographics_info.py,Python,07f7b4e548016a5c,18,4,2,30,6,36,0.5822622107969152,0.6079691516709511,0.5822622107969152,0.5949768586661611
painel_esus,2024,00cc4bc9bf2ea7a678cc8ba827aa8b11c6d17488,painel-esus/src/data/use_cases/diseases_dashboard/__init__.py,Python,012d285706342a20,0,0,1,0,0,0,0.2609254498714653,0.18637532133676094,0.18637532133676094,0.2205222541258212
painel_esus,2024,00cc4bc9bf2ea7a678cc8ba827aa8b11c6d17488,painel-esus/src/data/use_cases/diseases_dashboard/diabetes_nominal_list.py,Python,195e0ccfb86e89a7,27,8,7,78,44,122,0.8984575835475579,0.7686375321336761,0.7686375321336761,0.8310163775430548
painel_esus,2024,00cc4bc9bf2ea7a678cc8ba827aa8b11c6d17488,painel-esus/src/data/use_cases/diseases_dashboard/disease_dashboard.py,Python,8ced074046fe6efc,88,25,2,132,32,164,0.5822622107969152,0.9652956298200515,0.5822622107969152,0.7497033863413076
painel_esus,2024,00cc4bc9bf2ea7a678cc8ba827aa8b11c6d17488,painel-esus/src/data/use_cases/diseases_dashboard/hypertension_nominal_list.py,Python,4c724f67003a85b5,29,8,8,81,46,127,0.9344473007712082,0.7686375321336761,0.7686375321336761,0.8474970602744037
painel_esus,2024,00cc4bc9bf2ea7a678cc8ba827aa8b11c6d17488,painel-esus/src/data/use_cases/login.py,Python,b6ac666e4aac533b,33,12,3,52,9,61,0.7095115681233933,0.8804627249357326,0.7095115681233933,0.7903786995126751
painel_esus,2024,00cc4bc9bf2ea7a678cc8ba827aa8b11c6d17488,painel-esus/src/data/use_cases/oral_health/__init__.py,Python,4e0719dbf984a3ed,0,0,1,0,0,0,0.2609254498714653,0.18637532133676094,0.18637532133676094,0.2205222541258212
painel_esus,2024,00cc4bc9bf2ea7a678cc8ba827aa8b11c6d17488,painel-esus/src/data/use_cases/oral_health/oral_health_dashboard.py,Python,5ed927e9498eebce,53,28,2,68,3,71,0.5822622107969152,0.9768637532133676,0.5822622107969152,0.7541822383173629
painel_esus,2024,00cc4bc9bf2ea7a678cc8ba827aa8b11c6d17488,painel-esus/src/data/use_cases/smoking/__init__.py,Python,ea8fda6d46e10100,0,0,1,0,0,0,0.2609254498714653,0.18637532133676094,0.18637532133676094,0.2205222541258212
painel_esus,2024,00cc4bc9bf2ea7a678cc8ba827aa8b11c6d17488,painel-esus/src/data/use_cases/smoking/smoking_use_case.py,Python,ee6307327dd6f424,19,7,1,28,0,28,0.2609254498714653,0.7403598971722365,0.2609254498714653,0.439521033895373
painel_esus,2024,00cc4bc9bf2ea7a678cc8ba827aa8b11c6d17488,painel-esus/src/domain/__init__.py,Python,5bbd33cf3108c909,0,0,1,0,0,0,0.2609254498714653,0.18637532133676094,0.18637532133676094,0.2205222541258212
painel_esus,2024,00cc4bc9bf2ea7a678cc8ba827aa8b11c6d17488,painel-esus/src/domain/dict_types/__init__.py,Python,4d85747cdbd040a5,1,0,1,1,0,1,0.2609254498714653,0.18637532133676094,0.18637532133676094,0.2205222541258212
painel_esus,2024,00cc4bc9bf2ea7a678cc8ba827aa8b11c6d17488,painel-esus/src/domain/dict_types/age_groups_location.py,Python,2eb3af5ea4929cfb,4,0,1,5,0,5,0.2609254498714653,0.18637532133676094,0.18637532133676094,0.2205222541258212
painel_esus,2024,00cc4bc9bf2ea7a678cc8ba827aa8b11c6d17488,painel-esus/src/domain/dict_types/disease_dashboard_total.py,Python,c5bf6fbfb7e64c3f,3,0,1,4,0,4,0.2609254498714653,0.18637532133676094,0.18637532133676094,0.2205222541258212
painel_esus,2024,00cc4bc9bf2ea7a678cc8ba827aa8b11c6d17488,painel-esus/src/domain/entities/__init__.py,Python,cfeceb7b01cbcf98,0,0,1,0,0,0,0.2609254498714653,0.18637532133676094,0.18637532133676094,0.2205222541258212
painel_esus,2024,00cc4bc9bf2ea7a678cc8ba827aa8b11c6d17488,painel-esus/src/domain/entities/complications/__init__.py,Python,c0e14b5e4bd18e25,8,0,1,8,0,8,0.2609254498714653,0.18637532133676094,0.18637532133676094,0.2205222541258212
painel_esus,2024,00cc4bc9bf2ea7a678cc8ba827aa8b11c6d17488,painel-esus/src/domain/entities/complications/brain_stroke.py,Python,7c7e3a3fe9055501,5,1,1,7,0,7,0.2609254498714653,0.4318766066838046,0.2609254498714653,0.33568973455846635
painel_esus,2024,00cc4bc9bf2ea7a678cc8ba827aa8b11c6d17488,painel-esus/src/domain/entities/complications/complications.py,Python,77205bc2253c747a,53,12,3,81,8,89,0.7095115681233933,0.8804627249357326,0.7095115681233933,0.7903786995126751
painel_esus,2024,00cc4bc9bf2ea7a678cc8ba827aa8b11c6d17488,painel-esus/src/domain/entities/complications/coronary_disease.py,Python,b087a5c9d26b9fd2,6,1,1,8,0,8,0.2609254498714653,0.4318766066838046,0.2609254498714653,0.33568973455846635
painel_esus,2024,00cc4bc9bf2ea7a678cc8ba827aa8b11c6d17488,painel-esus/src/domain/entities/complications/diabetic_retinopathy.py,Python,ee03045e1a012bee,5,1,1,7,0,7,0.2609254498714653,0.4318766066838046,0.2609254498714653,0.33568973455846635
painel_esus,2024,00cc4bc9bf2ea7a678cc8ba827aa8b11c6d17488,painel-esus/src/domain/entities/complications/heart_attack.py,Python,5b86a9d292a4a57e,6,1,1,8,0,8,0.2609254498714653,0.4318766066838046,0.2609254498714653,0.33568973455846635
painel_esus,2024,00cc4bc9bf2ea7a678cc8ba827aa8b11c6d17488,painel-esus/src/domain/entities/complications/kidney_disease.py,Python,409835432181b144,7,1,1,9,0,9,0.2609254498714653,0.4318766066838046,0.2609254498714653,0.33568973455846635
painel_esus,2024,00cc4bc9bf2ea7a678cc8ba827aa8b11c6d17488,painel-esus/src/domain/entities/complications/neuropathy.py,Python,1c20006cfe39ee24,6,1,1,8,0,8,0.2609254498714653,0.4318766066838046,0.2609254498714653,0.33568973455846635
painel_esus,2024,00cc4bc9bf2ea7a678cc8ba827aa8b11c6d17488,painel-esus/src/domain/entities/complications/occlusive_arterial_disease.py,Python,0f51885d57b6d205,5,1,1,7,0,7,0.2609254498714653,0.4318766066838046,0.2609254498714653,0.33568973455846635
painel_esus,2024,00cc4bc9bf2ea7a678cc8ba827aa8b11c6d17488,painel-esus/src/domain/entities/complications/vascular_brain_disease.py,Python,11caa7e764bdbc8b,6,1,1,8,0,8,0.2609254498714653,0.4318766066838046,0.2609254498714653,0.33568973455846635
painel_esus,2024,00cc4bc9bf2ea7a678cc8ba827aa8b11c6d17488,painel-esus/src/domain/entities/diabetes.py,Python,9282ac1cef135bea,93,2,2,107,10,117,0.5822622107969152,0.5244215938303342,0.5244215938303342,0.5525856283086742
painel_esus,2024,00cc4bc9bf2ea7a678cc8ba827aa8b11c6d17488,painel-esus/src/domain/entities/diabetes_exams.py,Python,278d6b5576494144,115,19,4,150,19,169,0.7789203084832905,0.9254498714652957,0.7789203084832905,0.8490298577597667
painel_esus,2024,00cc4bc9bf2ea7a678cc8ba827aa8b11c6d17488,painel-esus/src/domain/entities/diabetes_nominal.py,Python,9f24b91acc9bc471,0,0,1,0,0,0,0.2609254498714653,0.18637532133676094,0.18637532133676094,0.2205222541258212
painel_esus,2024,00cc4bc9bf2ea7a678cc8ba827aa8b11c6d17488,painel-esus/src/domain/entities/disease.py,Python,d7b0e3d3a0a419c9,13,4,4,33,6,39,0.7789203084832905,0.6079691516709511,0.6079691516709511,0.6881566094777131
painel_esus,2024,00cc4bc9bf2ea7a678cc8ba827aa8b11c6d17488,painel-esus/src/domain/entities/disease_exams.py,Python,b7830d6bdde7ec8f,2,0,1,3,0,3,0.2609254498714653,0.18637532133676094,0.18637532133676094,0.2205222541258212
painel_esus,2024,00cc4bc9bf2ea7a678cc8ba827aa8b11c6d17488,painel-esus/src/domain/entities/exams/__init__.py,Python,fd3ccad3aa933ab3,10,0,1,10,0,10,0.2609254498714653,0.18637532133676094,0.18637532133676094,0.2205222541258212
painel_esus,2024,00cc4bc9bf2ea7a678cc8ba827aa8b11c6d17488,painel-esus/src/domain/entities/exams/blood_count.py,Python,429ef4c49eae5fb0,6,1,1,8,0,8,0.2609254498714653,0.4318766066838046,0.2609254498714653,0.33568973455846635
painel_esus,2024,00cc4bc9bf2ea7a678cc8ba827aa8b11c6d17488,painel-esus/src/domain/entities/exams/blood_glucose.py,Python,377fb7428639c7a3,6,1,1,8,0,8,0.2609254498714653,0.4318766066838046,0.2609254498714653,0.33568973455846635
painel_esus,2024,00cc4bc9bf2ea7a678cc8ba827aa8b11c6d17488,painel-esus/src/domain/entities/exams/blood_pressure.py,Python,918b0afbac8e0e09,6,1,1,8,0,8,0.2609254498714653,0.4318766066838046,0.2609254498714653,0.33568973455846635
painel_esus,2024,00cc4bc9bf2ea7a678cc8ba827aa8b11c6d17488,painel-esus/src/domain/entities/exams/creatinine.py,Python,0a02e05915b04e50,6,1,1,8,0,8,0.2609254498714653,0.4318766066838046,0.2609254498714653,0.33568973455846635
painel_esus,2024,00cc4bc9bf2ea7a678cc8ba827aa8b11c6d17488,painel-esus/src/domain/entities/exams/ecg.py,Python,a21ac7609e80a777,6,1,1,8,0,8,0.2609254498714653,0.4318766066838046,0.2609254498714653,0.33568973455846635
painel_esus,2024,00cc4bc9bf2ea7a678cc8ba827aa8b11c6d17488,painel-esus/src/domain/entities/exams/exams_status.py,Python,06790bac6bd48584,22,8,1,37,0,37,0.2609254498714653,0.7686375321336761,0.2609254498714653,0.44783601224116887
painel_esus,2024,00cc4bc9bf2ea7a678cc8ba827aa8b11c6d17488,painel-esus/src/domain/entities/exams/glycated_hemoglobin.py,Python,9682cd3c81e4dafb,6,1,1,8,0,8,0.2609254498714653,0.4318766066838046,0.2609254498714653,0.33568973455846635
painel_esus,2024,00cc4bc9bf2ea7a678cc8ba827aa8b11c6d17488,painel-esus/src/domain/entities/exams/retinography.py,Python,2f534886c07eae85,6,1,1,8,0,8,0.2609254498714653,0.4318766066838046,0.2609254498714653,0.33568973455846635
painel_esus,2024,00cc4bc9bf2ea7a678cc8ba827aa8b11c6d17488,painel-esus/src/domain/entities/exams/sodium_potassium.py,Python,91cd2abe8a5f5627,6,1,1,8,0,8,0.2609254498714653,0.4318766066838046,0.2609254498714653,0.33568973455846635
painel_esus,2024,00cc4bc9bf2ea7a678cc8ba827aa8b11c6d17488,painel-esus/src/domain/entities/exams/total_cholesterol.py,Python,9423b2ed7b26b648,6,1,1,8,0,8,0.2609254498714653,0.4318766066838046,0.2609254498714653,0.33568973455846635
painel_esus,2024,00cc4bc9bf2ea7a678cc8ba827aa8b11c6d17488,painel-esus/src/domain/entities/exams/urine.py,Python,37515498791b0a85,6,1,1,8,0,8,0.2609254498714653,0.4318766066838046,0.2609254498714653,0.33568973455846635
painel_esus,2024,00cc4bc9bf2ea7a678cc8ba827aa8b11c6d17488,painel-esus/src/domain/entities/hypertension.py,Python,7ea41195a757d742,11,1,1,13,0,13,0.2609254498714653,0.4318766066838046,0.2609254498714653,0.33568973455846635
painel_esus,2024,00cc4bc9bf2ea7a678cc8ba827aa8b11c6d17488,painel-esus/src/domain/entities/hypertension_complications.py,Python,f041921882f3f845,19,3,1,25,0,25,0.2609254498714653,0.5681233933161953,0.2609254498714653,0.3850166905259195
painel_esus,2024,00cc4bc9bf2ea7a678cc8ba827aa8b11c6d17488,painel-esus/src/domain/entities/hypertension_exams.py,Python,a0d49d69f826a9f4,111,19,2,138,10,148,0.5822622107969152,0.9254498714652957,0.5822622107969152,0.7340670869485323
painel_esus,2024,00cc4bc9bf2ea7a678cc8ba827aa8b11c6d17488,painel-esus/src/domain/entities/imc/__init__.py,Python,6c1599b3286d502a,0,0,1,0,0,0,0.2609254498714653,0.18637532133676094,0.18637532133676094,0.2205222541258212
painel_esus,2024,00cc4bc9bf2ea7a678cc8ba827aa8b11c6d17488,painel-esus/src/domain/entities/imc/high_weight.py,Python,9e54041e502159c8,8,1,1,10,0,10,0.2609254498714653,0.4318766066838046,0.2609254498714653,0.33568973455846635
painel_esus,2024,00cc4bc9bf2ea7a678cc8ba827aa8b11c6d17488,painel-esus/src/domain/entities/imc/imc.py,Python,2c2c254776b11a27,41,12,3,62,13,75,0.7095115681233933,0.8804627249357326,0.7095115681233933,0.7903786995126751
painel_esus,2024,00cc4bc9bf2ea7a678cc8ba827aa8b11c6d17488,painel-esus/src/domain/entities/imc/imc_model.py,Python,db3989e3adbfe5f9,28,6,4,72,37,109,0.7789203084832905,0.7005141388174807,0.7005141388174807,0.7386776625190575
painel_esus,2024,00cc4bc9bf2ea7a678cc8ba827aa8b11c6d17488,painel-esus/src/domain/entities/imc/low_weight.py,Python,6dfded37e02b609b,8,1,1,10,0,10,0.2609254498714653,0.4318766066838046,0.2609254498714653,0.33568973455846635
painel_esus,2024,00cc4bc9bf2ea7a678cc8ba827aa8b11c6d17488,painel-esus/src/domain/entities/imc/normal.py,Python,bce3976f52d15bd0,8,1,3,21,11,32,0.7095115681233933,0.4318766066838046,0.4318766066838046,0.5535534738794764
painel_esus,2024,00cc4bc9bf2ea7a678cc8ba827aa8b11c6d17488,painel-esus/src/domain/entities/imc/obesity.py,Python,fbc6f7fa2affc90d,8,1,1,10,0,10,0.2609254498714653,0.4318766066838046,0.2609254498714653,0.33568973455846635
painel_esus,2024,00cc4bc9bf2ea7a678cc8ba827aa8b11c6d17488,painel-esus/src/domain/entities/imc/others.py,Python,c047f8c8548002a3,8,1,1,10,0,10,0.2609254498714653,0.4318766066838046,0.2609254498714653,0.33568973455846635
painel_esus,2024,00cc4bc9bf2ea7a678cc8ba827aa8b11c6d17488,painel-esus/src/domain/entities/pregnancy.py,Python,c2d2b01bcc11c08c,30,1,1,32,0,32,0.2609254498714653,0.4318766066838046,0.2609254498714653,0.33568973455846635
painel_esus,2024,00cc4bc9bf2ea7a678cc8ba827aa8b11c6d17488,painel-esus/src/domain/entities/smoking/__init__.py,Python,55f8a848c35749e8,123,30,1,154,0,154,0.2609254498714653,0.9832904884318766,0.2609254498714653,0.5065229639892157
painel_esus,2024,00cc4bc9bf2ea7a678cc8ba827aa8b11c6d17488,painel-esus/src/domain/entities/user_payload.py,Python,b43a2362542b5189,21,2,4,56,29,85,0.7789203084832905,0.5244215938303342,0.5244215938303342,0.6391264582550332
painel_esus,2024,00cc4bc9bf2ea7a678cc8ba827aa8b11c6d17488,painel-esus/src/domain/use_cases/__init__.py,Python,7df1ede6e99029e2,0,0,1,0,0,0,0.2609254498714653,0.18637532133676094,0.18637532133676094,0.2205222541258212
painel_esus,2024,00cc4bc9bf2ea7a678cc8ba827aa8b11c6d17488,painel-esus/src/domain/use_cases/city_nformations.py,Python,692ea80d1d655b1e,7,0,1,10,0,10,0.2609254498714653,0.18637532133676094,0.18637532133676094,0.2205222541258212
painel_esus,2024,00cc4bc9bf2ea7a678cc8ba827aa8b11c6d17488,painel-esus/src/domain/use_cases/create_bases/__init__.py,Python,a9968689e56d67eb,0,0,1,0,0,0,0.2609254498714653,0.18637532133676094,0.18637532133676094,0.2205222541258212
painel_esus,2024,00cc4bc9bf2ea7a678cc8ba827aa8b11c6d17488,painel-esus/src/domain/use_cases/create_bases/create_bases.py,Python,23fbc5ebe9214e03,7,0,1,11,0,11,0.2609254498714653,0.18637532133676094,0.18637532133676094,0.2205222541258212
painel_esus,2024,00cc4bc9bf2ea7a678cc8ba827aa8b11c6d17488,painel-esus/src/domain/use_cases/demographics_info.py,Python,e335e06693c983df,11,1,2,16,2,18,0.5822622107969152,0.4318766066838046,0.4318766066838046,0.5014632865915329
painel_esus,2024,00cc4bc9bf2ea7a678cc8ba827aa8b11c6d17488,painel-esus/src/domain/use_cases/diseases_dashboard/__init__.py,Python,7596e4c1fd805e77,0,0,1,0,0,0,0.2609254498714653,0.18637532133676094,0.18637532133676094,0.2205222541258212
painel_esus,2024,00cc4bc9bf2ea7a678cc8ba827aa8b11c6d17488,painel-esus/src/domain/use_cases/diseases_dashboard/diabetes_use_case.py,Python,5a92825bf8c505fa,3,0,1,5,0,5,0.2609254498714653,0.18637532133676094,0.18637532133676094,0.2205222541258212
painel_esus,2024,00cc4bc9bf2ea7a678cc8ba827aa8b11c6d17488,painel-esus/src/domain/use_cases/diseases_dashboard/diseases_use_case.py,Python,6d43d7368de9ea01,62,8,2,82,10,92,0.5822622107969152,0.7686375321336761,0.5822622107969152,0.6689907239727911
painel_esus,2024,00cc4bc9bf2ea7a678cc8ba827aa8b11c6d17488,painel-esus/src/domain/use_cases/diseases_dashboard/hypertension_use_case.py,Python,d085749fe72d6e6f,3,0,1,5,0,5,0.2609254498714653,0.18637532133676094,0.18637532133676094,0.2205222541258212
painel_esus,2024,00cc4bc9bf2ea7a678cc8ba827aa8b11c6d17488,painel-esus/src/domain/use_cases/login.py,Python,f51adc71d3f6eeeb,5,0,1,6,0,6,0.2609254498714653,0.18637532133676094,0.18637532133676094,0.2205222541258212
painel_esus,2024,00cc4bc9bf2ea7a678cc8ba827aa8b11c6d17488,painel-esus/src/domain/use_cases/oral_health_dashboard_use_case.py,Python,9dd48d69553844a6,20,0,1,31,0,31,0.2609254498714653,0.18637532133676094,0.18637532133676094,0.2205222541258212
painel_esus,2024,00cc4bc9bf2ea7a678cc8ba827aa8b11c6d17488,painel-esus/src/domain/use_cases/pregnancy_dashboard/__init__.py,Python,bf599b3aae0abf58,0,0,0,0,0,0,0.011568123393316195,0.18637532133676094,0.011568123393316195,0.046432883979918876
painel_esus,2024,00cc4bc9bf2ea7a678cc8ba827aa8b11c6d17488,painel-esus/src/domain/use_cases/smoking/__init__.py,Python,56d5b848b25f7944,0,0,1,0,0,0,0.2609254498714653,0.18637532133676094,0.18637532133676094,0.2205222541258212
painel_esus,2024,00cc4bc9bf2ea7a678cc8ba827aa8b11c6d17488,painel-esus/src/domain/use_cases/smoking/smoking_use_case.py,Python,b19640a106bc34e6,16,0,1,23,0,23,0.2609254498714653,0.18637532133676094,0.18637532133676094,0.2205222541258212
painel_esus,2024,00cc4bc9bf2ea7a678cc8ba827aa8b11c6d17488,painel-esus/src/env/__init__.py,Python,550284cc99a27cbb,1,0,2,3,1,4,0.5822622107969152,0.18637532133676094,0.18637532133676094,0.3294226868925817
painel_esus,2024,00cc4bc9bf2ea7a678cc8ba827aa8b11c6d17488,painel-esus/src/env/conf.py,Python,c703634c9850a600,10,2,4,15,2,17,0.7789203084832905,0.5244215938303342,0.5244215938303342,0.6391264582550332
painel_esus,2024,00cc4bc9bf2ea7a678cc8ba827aa8b11c6d17488,painel-esus/src/errors/__init__.py,Python,492cd62b4014372d,9,0,1,9,0,9,0.2609254498714653,0.18637532133676094,0.18637532133676094,0.2205222541258212
painel_esus,2024,00cc4bc9bf2ea7a678cc8ba827aa8b11c6d17488,painel-esus/src/errors/error_handler.py,Python,81a33425258c4057,31,2,2,43,7,50,0.5822622107969152,0.5244215938303342,0.5244215938303342,0.5525856283086742
painel_esus,2024,00cc4bc9bf2ea7a678cc8ba827aa8b11c6d17488,painel-esus/src/errors/log/__init__.py,Python,a3fdebaa7c965ccd,3,0,1,5,0,5,0.2609254498714653,0.18637532133676094,0.18637532133676094,0.2205222541258212
painel_esus,2024,00cc4bc9bf2ea7a678cc8ba827aa8b11c6d17488,painel-esus/src/errors/log/config.py,Python,966643f88f293731,8,0,1,13,0,13,0.2609254498714653,0.18637532133676094,0.18637532133676094,0.2205222541258212
painel_esus,2024,00cc4bc9bf2ea7a678cc8ba827aa8b11c6d17488,painel-esus/src/errors/log/console_handler.py,Python,fe7597feb5ab88af,9,0,1,10,0,10,0.2609254498714653,0.18637532133676094,0.18637532133676094,0.2205222541258212
painel_esus,2024,00cc4bc9bf2ea7a678cc8ba827aa8b11c6d17488,painel-esus/src/errors/log/file_handler_by_day.py,Python,03e3907778a46593,13,0,1,27,0,27,0.2609254498714653,0.18637532133676094,0.18637532133676094,0.2205222541258212
painel_esus,2024,00cc4bc9bf2ea7a678cc8ba827aa8b11c6d17488,painel-esus/src/errors/log/file_handler_by_size.py,Python,121a581224094a72,13,0,1,20,0,20,0.2609254498714653,0.18637532133676094,0.18637532133676094,0.2205222541258212
painel_esus,2024,00cc4bc9bf2ea7a678cc8ba827aa8b11c6d17488,painel-esus/src/errors/logging.py,Python,9c25e5eee7bf0513,1,0,6,14,13,27,0.8663239074550129,0.18637532133676094,0.18637532133676094,0.40182259348330124
painel_esus,2024,00cc4bc9bf2ea7a678cc8ba827aa8b11c6d17488,painel-esus/src/errors/types/__init__.py,Python,1994753c48171e61,6,0,1,6,0,6,0.2609254498714653,0.18637532133676094,0.18637532133676094,0.2205222541258212
painel_esus,2024,00cc4bc9bf2ea7a678cc8ba827aa8b11c6d17488,painel-esus/src/errors/types/http_bad_request.py,Python,6f71425bc0fd83ce,6,1,1,7,0,7,0.2609254498714653,0.4318766066838046,0.2609254498714653,0.33568973455846635
painel_esus,2024,00cc4bc9bf2ea7a678cc8ba827aa8b11c6d17488,painel-esus/src/errors/types/http_bad_token.py,Python,165dc5a92135a704,6,1,1,7,0,7,0.2609254498714653,0.4318766066838046,0.2609254498714653,0.33568973455846635
painel_esus,2024,00cc4bc9bf2ea7a678cc8ba827aa8b11c6d17488,painel-esus/src/errors/types/http_credentials_fail.py,Python,a121087bc6a567f9,6,1,1,7,0,7,0.2609254498714653,0.4318766066838046,0.2609254498714653,0.33568973455846635
painel_esus,2024,00cc4bc9bf2ea7a678cc8ba827aa8b11c6d17488,painel-esus/src/errors/types/http_forbiden.py,Python,15a3475568a29d4c,6,1,1,7,0,7,0.2609254498714653,0.4318766066838046,0.2609254498714653,0.33568973455846635
painel_esus,2024,00cc4bc9bf2ea7a678cc8ba827aa8b11c6d17488,painel-esus/src/errors/types/http_not_found.py,Python,89256e6005b47314,6,1,1,7,0,7,0.2609254498714653,0.4318766066838046,0.2609254498714653,0.33568973455846635
painel_esus,2024,00cc4bc9bf2ea7a678cc8ba827aa8b11c6d17488,painel-esus/src/errors/types/http_unprocessable_entity.py,Python,7db82c99edb53a85,6,1,1,7,0,7,0.2609254498714653,0.4318766066838046,0.2609254498714653,0.33568973455846635
painel_esus,2024,00cc4bc9bf2ea7a678cc8ba827aa8b11c6d17488,painel-esus/src/errors/types/invalid_argument.py,Python,a170f18a4c842349,6,1,1,8,0,8,0.2609254498714653,0.4318766066838046,0.2609254498714653,0.33568973455846635
painel_esus,2024,00cc4bc9bf2ea7a678cc8ba827aa8b11c6d17488,painel-esus/src/errors/types/invalid_imc.py,Python,3ef6098f17e6545f,6,1,1,8,0,8,0.2609254498714653,0.4318766066838046,0.2609254498714653,0.33568973455846635
painel_esus,2024,00cc4bc9bf2ea7a678cc8ba827aa8b11c6d17488,painel-esus/src/errors/types/no_such_table.py,Python,6ff2f8770f72bafa,6,1,1,7,0,7,0.2609254498714653,0.4318766066838046,0.2609254498714653,0.33568973455846635
painel_esus,2024,00cc4bc9bf2ea7a678cc8ba827aa8b11c6d17488,painel-esus/src/infra/__init__.py,Python,540f92eac2a73fe6,0,0,1,0,0,0,0.2609254498714653,0.18637532133676094,0.18637532133676094,0.2205222541258212
painel_esus,2024,00cc4bc9bf2ea7a678cc8ba827aa8b11c6d17488,painel-esus/src/infra/bridge_provider/__init__.py,Python,82ddb06f5e013a5d,20068,1,3,40142,20071,60213,0.7095115681233933,0.4318766066838046,0.4318766066838046,0.5535534738794764
painel_esus,2024,00cc4bc9bf2ea7a678cc8ba827aa8b11c6d17488,painel-esus/src/infra/bridge_provider/login_bridge.py,Python,ff10d7cd46746c32,200,41,15,647,421,1068,0.9858611825192802,0.9948586118251928,0.9858611825192802,0.9903496794029238
painel_esus,2024,00cc4bc9bf2ea7a678cc8ba827aa8b11c6d17488,painel-esus/src/infra/bridge_provider/queries/__init__.py,Python,18abaf9d7cefc302,0,0,1,0,0,0,0.2609254498714653,0.18637532133676094,0.18637532133676094,0.2205222541258212
painel_esus,2024,00cc4bc9bf2ea7a678cc8ba827aa8b11c6d17488,painel-esus/src/infra/bridge_provider/queries/query_sessao.py,Python,ecaca97806d6eb0f,70,0,5,139,69,208,0.8226221079691517,0.18637532133676094,0.18637532133676094,0.39155645788503385
painel_esus,2024,00cc4bc9bf2ea7a678cc8ba827aa8b11c6d17488,painel-esus/src/infra/create_base/__init__.py,Python,1635cda98c2cc60d,0,0,1,0,0,0,0.2609254498714653,0.18637532133676094,0.18637532133676094,0.2205222541258212
painel_esus,2024,00cc4bc9bf2ea7a678cc8ba827aa8b11c6d17488,painel-esus/src/infra/create_base/create_autorreferido_base_repository.py,Python,4948dd1241dfee0f,65,12,2,81,5,86,0.5822622107969152,0.8804627249357326,0.5822622107969152,0.7160029139223918
painel_esus,2024,00cc4bc9bf2ea7a678cc8ba827aa8b11c6d17488,painel-esus/src/infra/create_base/create_base_repository.py,Python,250b450e7fca7dca,33,8,1,40,0,40,0.2609254498714653,0.7686375321336761,0.2609254498714653,0.44783601224116887
painel_esus,2024,00cc4bc9bf2ea7a678cc8ba827aa8b11c6d17488,painel-esus/src/infra/create_base/create_diabetes_bases_repository.py,Python,a1ec4749b19cd095,6,1,1,9,0,9,0.2609254498714653,0.4318766066838046,0.2609254498714653,0.33568973455846635
painel_esus,2024,00cc4bc9bf2ea7a678cc8ba827aa8b11c6d17488,painel-esus/src/infra/create_base/create_equipes_base_repository.py,Python,bbedcc69b68343a2,67,12,4,87,7,94,0.7789203084832905,0.8804627249357326,0.7789203084832905,0.8281366416932531
painel_esus,2024,00cc4bc9bf2ea7a678cc8ba827aa8b11c6d17488,painel-esus/src/infra/create_base/create_hypertension_bases_repository.py,Python,7fe4b499d9ee6c9d,6,1,1,9,0,9,0.2609254498714653,0.4318766066838046,0.2609254498714653,0.33568973455846635
painel_esus,2024,00cc4bc9bf2ea7a678cc8ba827aa8b11c6d17488,painel-esus/src/infra/create_base/create_nominal_lists_bases_repository.py,Python,e8d416e550746978,126,19,6,308,159,467,0.8663239074550129,0.9254498714652957,0.8663239074550129,0.8953989886087399
painel_esus,2024,00cc4bc9bf2ea7a678cc8ba827aa8b11c6d17488,painel-esus/src/infra/create_base/create_oral_health_bases_repository.py,Python,6f7824f715913827,32,8,1,38,0,38,0.2609254498714653,0.7686375321336761,0.2609254498714653,0.44783601224116887
painel_esus,2024,00cc4bc9bf2ea7a678cc8ba827aa8b11c6d17488,painel-esus/src/infra/create_base/create_pessoas_base_repository.py,Python,91572c9657ccd2fd,123,22,10,221,39,260,0.9704370179948586,0.9370179948586118,0.9370179948586118,0.9535811180692039
painel_esus,2024,00cc4bc9bf2ea7a678cc8ba827aa8b11c6d17488,painel-esus/src/infra/create_base/create_smoking_bases_repository.py,Python,e988a1c94ed4925e,33,8,1,39,0,39,0.2609254498714653,0.7686375321336761,0.2609254498714653,0.44783601224116887
painel_esus,2024,00cc4bc9bf2ea7a678cc8ba827aa8b11c6d17488,painel-esus/src/infra/create_base/create_structure_base_repository.py,Python,b1014b0a4d89bf49,40,11,3,49,2,51,0.7095115681233933,0.8573264781491002,0.7095115681233933,0.7799250309518693
painel_esus,2024,00cc4bc9bf2ea7a678cc8ba827aa8b11c6d17488,painel-esus/src/infra/create_base/create_units_base_repository.py,Python,14f795697fac8e24,66,12,4,85,7,92,0.7789203084832905,0.8804627249357326,0.7789203084832905,0.8281366416932531
painel_esus,2024,00cc4bc9bf2ea7a678cc8ba827aa8b11c6d17488,painel-esus/src/infra/create_base/polars/__init__.py,Python,3f9b3c393b67e4d6,24,0,3,25,1,26,0.7095115681233933,0.18637532133676094,0.18637532133676094,0.36364192071479684
painel_esus,2024,00cc4bc9bf2ea7a678cc8ba827aa8b11c6d17488,painel-esus/src/infra/create_base/polars/create_dim_equipes_base_repository.py,Python,9c0dfe96f8a848b8,51,10,8,82,13,95,0.9344473007712082,0.8264781491002571,0.8264781491002571,0.878806164960806
painel_esus,2024,00cc4bc9bf2ea7a678cc8ba827aa8b11c6d17488,painel-esus/src/infra/create_base/polars/create_dim_racacor_repository.py,Python,6f738d078dea7f31,53,10,8,80,8,88,0.9344473007712082,0.8264781491002571,0.8264781491002571,0.878806164960806
painel_esus,2024,00cc4bc9bf2ea7a678cc8ba827aa8b11c6d17488,painel-esus/src/infra/create_base/polars/create_fat_atend_indiv_odonto_repository.py,Python,2fbd5bb06126991e,54,10,8,81,8,89,0.9344473007712082,0.8264781491002571,0.8264781491002571,0.878806164960806
painel_esus,2024,00cc4bc9bf2ea7a678cc8ba827aa8b11c6d17488,painel-esus/src/infra/create_base/polars/create_fat_atend_indiv_repository.py,Python,51d8bba77154755e,101,11,8,236,115,351,0.9344473007712082,0.8573264781491002,0.8573264781491002,0.8950566537298703
painel_esus,2024,00cc4bc9bf2ea7a678cc8ba827aa8b11c6d17488,painel-esus/src/infra/create_base/polars/create_fat_cad_domiciliar_repository.py,Python,8ef91244bce54555,128,11,6,157,9,166,0.8663239074550129,0.8573264781491002,0.8573264781491002,0.8618134511103741
painel_esus,2024,00cc4bc9bf2ea7a678cc8ba827aa8b11c6d17488,painel-esus/src/infra/create_base/polars/create_fat_cad_individual_repository.py,Python,7e65a17c2fe7b0e5,217,12,8,258,11,269,0.9344473007712082,0.8804627249357326,0.8804627249357326,0.9070534806426014
painel_esus,2024,00cc4bc9bf2ea7a678cc8ba827aa8b11c6d17488,painel-esus/src/infra/create_base/polars/create_fat_cidacao_pec_repository.py,Python,13b906e2f55ec23f,53,10,8,90,14,104,0.9344473007712082,0.8264781491002571,0.8264781491002571,0.878806164960806
painel_esus,2024,00cc4bc9bf2ea7a678cc8ba827aa8b11c6d17488,painel-esus/src/infra/create_base/polars/create_fat_familia_terr_repository.py,Python,cda93bcd8e057d8e,55,10,8,82,8,90,0.9344473007712082,0.8264781491002571,0.8264781491002571,0.878806164960806
painel_esus,2024,00cc4bc9bf2ea7a678cc8ba827aa8b11c6d17488,painel-esus/src/infra/create_base/polars/create_fat_proced_atend_repository.py,Python,3304ceeca6a5ad04,87,11,8,118,10,128,0.9344473007712082,0.8573264781491002,0.8573264781491002,0.8950566537298703
painel_esus,2024,00cc4bc9bf2ea7a678cc8ba827aa8b11c6d17488,painel-esus/src/infra/create_base/polars/create_fat_vacinacao_repository.py,Python,91c3d3f04cf48e70,52,10,8,75,7,82,0.9344473007712082,0.8264781491002571,0.8264781491002571,0.878806164960806
painel_esus,2024,00cc4bc9bf2ea7a678cc8ba827aa8b11c6d17488,painel-esus/src/infra/create_base/polars/create_fat_visita_domic_repository.py,Python,6706209da488ceea,131,11,6,161,10,171,0.8663239074550129,0.8573264781491002,0.8573264781491002,0.8618134511103741
painel_esus,2024,00cc4bc9bf2ea7a678cc8ba827aa8b11c6d17488,painel-esus/src/infra/create_base/polars/create_indicadores_criancas_repository.py,Python,73e4654ae8d66ece,25,6,5,69,30,99,0.8226221079691517,0.7005141388174807,0.7005141388174807,0.7591168668500463
painel_esus,2024,00cc4bc9bf2ea7a678cc8ba827aa8b11c6d17488,painel-esus/src/infra/create_base/polars/create_indicadores_equipe_repository.py,Python,e84e3f5ca1920c25,23,6,6,70,32,102,0.8663239074550129,0.7005141388174807,0.7005141388174807,0.7790199907369793
painel_esus,2024,00cc4bc9bf2ea7a678cc8ba827aa8b11c6d17488,painel-esus/src/infra/create_base/polars/create_indicadores_idosos_repository.py,Python,9f69cf01be30f4eb,25,6,4,65,26,91,0.7789203084832905,0.7005141388174807,0.7005141388174807,0.7386776625190575
painel_esus,2024,00cc4bc9bf2ea7a678cc8ba827aa8b11c6d17488,painel-esus/src/infra/create_base/polars/create_table_example_base_repository.py,Python,b71c09a3cea5bb1b,10,2,3,22,1,23,0.7095115681233933,0.5244215938303342,0.5244215938303342,0.6099862190216511
painel_esus,2024,00cc4bc9bf2ea7a678cc8ba827aa8b11c6d17488,painel-esus/src/infra/create_base/polars/create_tb_acomp_cidadaos_vinculados_repository.py,Python,6aad09171a6fb998,55,10,8,82,8,90,0.9344473007712082,0.8264781491002571,0.8264781491002571,0.878806164960806
painel_esus,2024,00cc4bc9bf2ea7a678cc8ba827aa8b11c6d17488,painel-esus/src/infra/create_base/polars/create_tb_cidacao_repository.py,Python,eded1e1ac7bb0144,53,10,6,79,7,86,0.8663239074550129,0.8264781491002571,0.8264781491002571,0.8461665199916157
painel_esus,2024,00cc4bc9bf2ea7a678cc8ba827aa8b11c6d17488,painel-esus/src/infra/create_base/polars/create_tb_cidciap_explode_atendimentos_repository.py,Python,e7a05511405157e2,25,6,4,65,27,92,0.7789203084832905,0.7005141388174807,0.7005141388174807,0.7386776625190575
painel_esus,2024,00cc4bc9bf2ea7a678cc8ba827aa8b11c6d17488,painel-esus/src/infra/create_base/polars/create_tb_dim_cbo_base_repository.py,Python,e517650eb2fd3dfe,54,9,6,80,6,86,0.8663239074550129,0.7994858611825193,0.7994858611825193,0.8322341709006402
painel_esus,2024,00cc4bc9bf2ea7a678cc8ba827aa8b11c6d17488,painel-esus/src/infra/create_base/polars/create_tb_equipe_repository.py,Python,60f6976b4a002e0e,53,10,8,80,8,88,0.9344473007712082,0.8264781491002571,0.8264781491002571,0.878806164960806
painel_esus,2024,00cc4bc9bf2ea7a678cc8ba827aa8b11c6d17488,painel-esus/src/infra/create_base/polars/create_tb_tipo_equipe_repository.py,Python,0b275fd0d92858fe,53,10,6,78,5,83,0.8663239074550129,0.8264781491002571,0.8264781491002571,0.8461665199916157
painel_esus,2024,00cc4bc9bf2ea7a678cc8ba827aa8b11c6d17488,painel-esus/src/infra/create_base/polars/create_unidade_saude_base_repository.py,Python,12193fa1e556ef43,52,10,6,75,7,82,0.8663239074550129,0.8264781491002571,0.8264781491002571,0.8461665199916157
painel_esus,2024,00cc4bc9bf2ea7a678cc8ba827aa8b11c6d17488,painel-esus/src/infra/create_base/polars/scripts_dados/Indicadores_Idoso_Polars.py,Python,7c3f1d1e18761a1f,353,3,8,1055,618,1673,0.9344473007712082,0.5681233933161953,0.5681233933161953,0.7286160658325468
painel_esus,2024,00cc4bc9bf2ea7a678cc8ba827aa8b11c6d17488,painel-esus/src/infra/create_base/polars/scripts_dados/__init__.py,Python,f584ab21b270c50b,0,0,1,0,0,0,0.2609254498714653,0.18637532133676094,0.18637532133676094,0.2205222541258212
painel_esus,2024,00cc4bc9bf2ea7a678cc8ba827aa8b11c6d17488,painel-esus/src/infra/create_base/polars/scripts_dados/gerar_cid_ciap_atendimentos_individuais.py,Python,ef2d8daf6acffc38,64,1,4,180,102,282,0.7789203084832905,0.4318766066838046,0.4318766066838046,0.5799978100862674
painel_esus,2024,00cc4bc9bf2ea7a678cc8ba827aa8b11c6d17488,painel-esus/src/infra/create_base/polars/scripts_dados/indicadores_crianca_polars.py,Python,e9f84711b9f7240e,727,1,8,1797,1013,2810,0.9344473007712082,0.4318766066838046,0.4318766066838046,0.6352683916124822
painel_esus,2024,00cc4bc9bf2ea7a678cc8ba827aa8b11c6d17488,painel-esus/src/infra/create_base/polars/scripts_dados/tb_equipe.py,Python,2cc7a0b731f7ca44,457,0,4,682,20,702,0.7789203084832905,0.18637532133676094,0.18637532133676094,0.3810138091845258
painel_esus,2024,00cc4bc9bf2ea7a678cc8ba827aa8b11c6d17488,painel-esus/src/infra/db/__init__.py,Python,e2f76dff074e3362,0,0,1,0,0,0,0.2609254498714653,0.18637532133676094,0.18637532133676094,0.2205222541258212
painel_esus,2024,00cc4bc9bf2ea7a678cc8ba827aa8b11c6d17488,painel-esus/src/infra/db/entities/__init__.py,Python,8f811a4a215b5ac6,0,0,1,0,0,0,0.2609254498714653,0.18637532133676094,0.18637532133676094,0.2205222541258212
painel_esus,2024,00cc4bc9bf2ea7a678cc8ba827aa8b11c6d17488,painel-esus/src/infra/db/entities/crianca.py,Python,45ff90f1223a160e,53,0,3,92,34,126,0.7095115681233933,0.18637532133676094,0.18637532133676094,0.36364192071479684
painel_esus,2024,00cc4bc9bf2ea7a678cc8ba827aa8b11c6d17488,painel-esus/src/infra/db/entities/diabetes_nominal.py,Python,b44165c9de074f04,26,1,5,173,96,269,0.8226221079691517,0.4318766066838046,0.4318766066838046,0.5960463443162751
painel_esus,2024,00cc4bc9bf2ea7a678cc8ba827aa8b11c6d17488,painel-esus/src/infra/db/entities/equipes.py,Python,017f040fe0bd1a06,19,0,1,23,0,23,0.2609254498714653,0.18637532133676094,0.18637532133676094,0.2205222541258212
painel_esus,2024,00cc4bc9bf2ea7a678cc8ba827aa8b11c6d17488,painel-esus/src/infra/db/entities/hipertensao_nominal.py,Python,0da88b641346502b,24,2,5,183,95,278,0.8226221079691517,0.5244215938303342,0.5244215938303342,0.6568110816522905
painel_esus,2024,00cc4bc9bf2ea7a678cc8ba827aa8b11c6d17488,painel-esus/src/infra/db/entities/idoso.py,Python,4c652b08e0f376f0,37,0,4,75,33,108,0.7789203084832905,0.18637532133676094,0.18637532133676094,0.3810138091845258
painel_esus,2024,00cc4bc9bf2ea7a678cc8ba827aa8b11c6d17488,painel-esus/src/infra/db/entities/pessoas.py,Python,dffd429d1841b2ef,29,1,2,47,5,52,0.5822622107969152,0.4318766066838046,0.4318766066838046,0.5014632865915329
painel_esus,2024,00cc4bc9bf2ea7a678cc8ba827aa8b11c6d17488,painel-esus/src/infra/db/repositories/__init__.py,Python,8d622e3adc7c71f9,0,0,1,0,0,0,0.2609254498714653,0.18637532133676094,0.18637532133676094,0.2205222541258212
painel_esus,2024,00cc4bc9bf2ea7a678cc8ba827aa8b11c6d17488,painel-esus/src/infra/db/repositories/cadastro/__init__.py,Python,58ff8ae044df398f,0,0,1,0,0,0,0.2609254498714653,0.18637532133676094,0.18637532133676094,0.2205222541258212
painel_esus,2024,00cc4bc9bf2ea7a678cc8ba827aa8b11c6d17488,painel-esus/src/infra/db/repositories/cadastro/records_repository.py,Python,e29ee2eb9912b1bc,142,23,6,218,20,238,0.8663239074550129,0.9421593830334191,0.8663239074550129,0.9034462895794723
painel_esus,2024,00cc4bc9bf2ea7a678cc8ba827aa8b11c6d17488,painel-esus/src/infra/db/repositories/cadastro/sqls/__init__.py,Python,a91b4e2846f26756,7,0,1,7,0,7,0.2609254498714653,0.18637532133676094,0.18637532133676094,0.2205222541258212
painel_esus,2024,00cc4bc9bf2ea7a678cc8ba827aa8b11c6d17488,painel-esus/src/infra/db/repositories/cadastro/sqls/cpf_cns_rate.py,Python,66c59dbf0b35fa64,10,5,1,34,0,34,0.2609254498714653,0.6503856041131105,0.2609254498714653,0.41194921573312665
painel_esus,2024,00cc4bc9bf2ea7a678cc8ba827aa8b11c6d17488,painel-esus/src/infra/db/repositories/cadastro/sqls/group_localidade.py,Python,6f99e7d99e9f7d18,11,5,3,30,2,32,0.7095115681233933,0.6503856041131105,0.6503856041131105,0.6793056085880446
painel_esus,2024,00cc4bc9bf2ea7a678cc8ba827aa8b11c6d17488,painel-esus/src/infra/db/repositories/cadastro/sqls/group_raca_cor.py,Python,339422cbf30cc8d8,10,5,3,28,2,30,0.7095115681233933,0.6503856041131105,0.6503856041131105,0.6793056085880446
painel_esus,2024,00cc4bc9bf2ea7a678cc8ba827aa8b11c6d17488,painel-esus/src/infra/db/repositories/cadastro/sqls/group_records_by_origin.py,Python,5e724e298e5f2762,7,5,1,31,0,31,0.2609254498714653,0.6503856041131105,0.2609254498714653,0.41194921573312665
painel_esus,2024,00cc4bc9bf2ea7a678cc8ba827aa8b11c6d17488,painel-esus/src/infra/db/repositories/cadastro/sqls/record_status.py,Python,445d115cca0bb65d,15,5,2,31,3,34,0.5822622107969152,0.6503856041131105,0.5822622107969152,0.6153819624602163
painel_esus,2024,00cc4bc9bf2ea7a678cc8ba827aa8b11c6d17488,painel-esus/src/infra/db/repositories/cadastro/sqls/total.py,Python,d2cbcddfad839c43,13,6,2,35,1,36,0.5822622107969152,0.7005141388174807,0.5822622107969152,0.6386571154871473
painel_esus,2024,00cc4bc9bf2ea7a678cc8ba827aa8b11c6d17488,painel-esus/src/infra/db/repositories/children/__init__.py,Python,039cedf42014166c,0,0,1,0,0,0,0.2609254498714653,0.18637532133676094,0.18637532133676094,0.2205222541258212
painel_esus,2024,00cc4bc9bf2ea7a678cc8ba827aa8b11c6d17488,painel-esus/src/infra/db/repositories/children/children_repository.py,Python,39907dcbbf48218f,176,24,9,336,68,404,0.9652956298200515,0.9524421593830334,0.9524421593830334,0.9588473570432444
painel_esus,2024,00cc4bc9bf2ea7a678cc8ba827aa8b11c6d17488,painel-esus/src/infra/db/repositories/children/sqls/__init__.py,Python,040f8600b51da678,4,0,2,9,5,14,0.5822622107969152,0.18637532133676094,0.18637532133676094,0.3294226868925817
painel_esus,2024,00cc4bc9bf2ea7a678cc8ba827aa8b11c6d17488,painel-esus/src/infra/db/repositories/children/sqls/children_total.py,Python,06d70ea489f04b88,32,14,2,97,6,103,0.5822622107969152,0.8946015424164524,0.5822622107969152,0.7217289462601135
painel_esus,2024,00cc4bc9bf2ea7a678cc8ba827aa8b11c6d17488,painel-esus/src/infra/db/repositories/children/sqls/group_by_age.py,Python,16e70f1238737c6f,20,8,3,61,9,70,0.7095115681233933,0.7686375321336761,0.7095115681233933,0.7384830537951834
painel_esus,2024,00cc4bc9bf2ea7a678cc8ba827aa8b11c6d17488,painel-esus/src/infra/db/repositories/children/sqls/group_by_race.py,Python,65717127950464b4,7,4,3,49,5,54,0.7095115681233933,0.6079691516709511,0.6079691516709511,0.6567808966258882
painel_esus,2024,00cc4bc9bf2ea7a678cc8ba827aa8b11c6d17488,painel-esus/src/infra/db/repositories/children/sqls/professionals_care.py,Python,85513b9e680bffb4,6,4,1,30,0,30,0.2609254498714653,0.6079691516709511,0.2609254498714653,0.398289623776111
painel_esus,2024,00cc4bc9bf2ea7a678cc8ba827aa8b11c6d17488,painel-esus/src/infra/db/repositories/city_informations_repository.py,Python,ff91ccd38b2c1a7f,47,10,3,60,3,63,0.7095115681233933,0.8264781491002571,0.7095115681233933,0.7657648513661639
painel_esus,2024,00cc4bc9bf2ea7a678cc8ba827aa8b11c6d17488,painel-esus/src/infra/db/repositories/demographics_info.py,Python,53851f4a9899c480,367,27,13,1121,665,1786,0.9781491002570694,0.9717223650385605,0.9717223650385605,0.9749304370375045
painel_esus,2024,00cc4bc9bf2ea7a678cc8ba827aa8b11c6d17488,painel-esus/src/infra/db/repositories/demographics_info_v2.py,Python,e5d28d9ea87767ac,194,24,14,552,298,850,0.9820051413881749,0.9524421593830334,0.9524421593830334,0.9671106955199049
painel_esus,2024,00cc4bc9bf2ea7a678cc8ba827aa8b11c6d17488,painel-esus/src/infra/db/repositories/disease/__init__.py,Python,f74b07ac4e53cd13,0,0,1,0,0,0,0.2609254498714653,0.18637532133676094,0.18637532133676094,0.2205222541258212
painel_esus,2024,00cc4bc9bf2ea7a678cc8ba827aa8b11c6d17488,painel-esus/src/infra/db/repositories/disease/age_group_gender.py,Python,604fb07ace4efb5f,79,5,2,115,19,134,0.5822622107969152,0.6503856041131105,0.5822622107969152,0.6153819624602163
painel_esus,2024,00cc4bc9bf2ea7a678cc8ba827aa8b11c6d17488,painel-esus/src/infra/db/repositories/disease/age_groups_location.py,Python,184f20c7c9fd41a0,111,9,6,166,35,201,0.8663239074550129,0.7994858611825193,0.7994858611825193,0.8322341709006402
painel_esus,2024,00cc4bc9bf2ea7a678cc8ba827aa8b11c6d17488,painel-esus/src/infra/db/repositories/disease/diseases_dashboard.py,Python,ef6585b1ea322021,147,25,5,246,68,314,0.8226221079691517,0.9652956298200515,0.8226221079691517,0.8911080326290302
painel_esus,2024,00cc4bc9bf2ea7a678cc8ba827aa8b11c6d17488,painel-esus/src/infra/db/repositories/disease/diseases_dashboard_local.py,Python,77a7a8834b9350f1,201,46,13,381,125,506,0.9781491002570694,1.0,0.9781491002570694,0.9890142062968911
painel_esus,2024,00cc4bc9bf2ea7a678cc8ba827aa8b11c6d17488,painel-esus/src/infra/db/repositories/disease/nominal_list/__init__.py,Python,6fe66b65af4fa10d,0,0,1,0,0,0,0.2609254498714653,0.18637532133676094,0.18637532133676094,0.2205222541258212
painel_esus,2024,00cc4bc9bf2ea7a678cc8ba827aa8b11c6d17488,painel-esus/src/infra/db/repositories/disease/nominal_list/diabetes_nominal_list_repository.py,Python,979a57312809af6d,146,22,20,468,251,719,0.9961439588688946,0.9370179948586118,0.9370179948586118,0.9661287776118933
painel_esus,2024,00cc4bc9bf2ea7a678cc8ba827aa8b11c6d17488,painel-esus/src/infra/db/repositories/disease/nominal_list/hypertension_nominal_list_repository.py,Python,de67faa0a4dc1c3f,154,21,19,459,231,690,0.9922879177377892,0.9331619537275064,0.9331619537275064,0.9622709244159852
painel_esus,2024,00cc4bc9bf2ea7a678cc8ba827aa8b11c6d17488,painel-esus/src/infra/db/repositories/disease/professional_group.py,Python,382b5f54dc83b77a,107,8,9,313,203,516,0.9652956298200515,0.7686375321336761,0.7686375321336761,0.861372422755864
painel_esus,2024,00cc4bc9bf2ea7a678cc8ba827aa8b11c6d17488,painel-esus/src/infra/db/repositories/elderly/__init__.py,Python,5a5a882f8af729f4,0,0,1,0,0,0,0.2609254498714653,0.18637532133676094,0.18637532133676094,0.2205222541258212
painel_esus,2024,00cc4bc9bf2ea7a678cc8ba827aa8b11c6d17488,painel-esus/src/infra/db/repositories/elderly/elderly_repository.py,Python,521fef56645acfe8,171,28,8,275,25,300,0.9344473007712082,0.9768637532133676,0.9344473007712082,0.9554201679949315
painel_esus,2024,00cc4bc9bf2ea7a678cc8ba827aa8b11c6d17488,painel-esus/src/infra/db/repositories/elderly/sqls/__init__.py,Python,2d1edbb1812630c8,7,0,2,9,2,11,0.5822622107969152,0.18637532133676094,0.18637532133676094,0.3294226868925817
painel_esus,2024,00cc4bc9bf2ea7a678cc8ba827aa8b11c6d17488,painel-esus/src/infra/db/repositories/elderly/sqls/group_by_age.py,Python,c0ddf64ab5fd88b4,40,8,2,82,8,90,0.5822622107969152,0.7686375321336761,0.5822622107969152,0.6689907239727911
painel_esus,2024,00cc4bc9bf2ea7a678cc8ba827aa8b11c6d17488,painel-esus/src/infra/db/repositories/elderly/sqls/group_by_imc.py,Python,0ea28ebb2a635231,5,4,1,18,0,18,0.2609254498714653,0.6079691516709511,0.2609254498714653,0.398289623776111
painel_esus,2024,00cc4bc9bf2ea7a678cc8ba827aa8b11c6d17488,painel-esus/src/infra/db/repositories/elderly/sqls/group_by_race.py,Python,d09df60b3a99b1fb,4,4,3,50,8,58,0.7095115681233933,0.6079691516709511,0.6079691516709511,0.6567808966258882
painel_esus,2024,00cc4bc9bf2ea7a678cc8ba827aa8b11c6d17488,painel-esus/src/infra/db/repositories/elderly/sqls/total_elderly.py,Python,0c248ab958627a36,10,5,2,35,2,37,0.5822622107969152,0.6503856041131105,0.5822622107969152,0.6153819624602163
painel_esus,2024,00cc4bc9bf2ea7a678cc8ba827aa8b11c6d17488,painel-esus/src/infra/db/repositories/elderly/sqls/total_elderly_influenza.py,Python,3ad0600adb6f076d,8,5,2,39,4,43,0.5822622107969152,0.6503856041131105,0.5822622107969152,0.6153819624602163
painel_esus,2024,00cc4bc9bf2ea7a678cc8ba827aa8b11c6d17488,painel-esus/src/infra/db/repositories/elderly/sqls/total_elderly_odonto.py,Python,6d1c44f2d0b58c65,8,5,2,39,4,43,0.5822622107969152,0.6503856041131105,0.5822622107969152,0.6153819624602163
painel_esus,2024,00cc4bc9bf2ea7a678cc8ba827aa8b11c6d17488,painel-esus/src/infra/db/repositories/elderly/sqls/total_hipertensao_diabetes.py,Python,64d8a28fccbcd970,6,5,2,23,4,27,0.5822622107969152,0.6503856041131105,0.5822622107969152,0.6153819624602163
painel_esus,2024,00cc4bc9bf2ea7a678cc8ba827aa8b11c6d17488,painel-esus/src/infra/db/repositories/enuns/__init__.py,Python,773f2c3dbee16770,2,0,1,2,0,2,0.2609254498714653,0.18637532133676094,0.18637532133676094,0.2205222541258212
painel_esus,2024,00cc4bc9bf2ea7a678cc8ba827aa8b11c6d17488,painel-esus/src/infra/db/repositories/enuns/individual_cares.py,Python,d0cc5c4f015c4879,14,2,1,15,0,15,0.2609254498714653,0.5244215938303342,0.2609254498714653,0.3699120710283605
painel_esus,2024,00cc4bc9bf2ea7a678cc8ba827aa8b11c6d17488,painel-esus/src/infra/db/repositories/enuns/location.py,Python,2bcb3006b30e99f4,13,2,1,14,0,14,0.2609254498714653,0.5244215938303342,0.2609254498714653,0.3699120710283605
painel_esus,2024,00cc4bc9bf2ea7a678cc8ba827aa8b11c6d17488,painel-esus/src/infra/db/repositories/login_adm_repository.py,Python,4ea5b1311761a75f,46,4,4,114,62,176,0.7789203084832905,0.6079691516709511,0.6079691516709511,0.6881566094777131
painel_esus,2024,00cc4bc9bf2ea7a678cc8ba827aa8b11c6d17488,painel-esus/src/infra/db/repositories/login_repository.py,Python,dfa411430d5ee296,30,2,1,35,0,35,0.2609254498714653,0.5244215938303342,0.2609254498714653,0.3699120710283605
painel_esus,2024,00cc4bc9bf2ea7a678cc8ba827aa8b11c6d17488,painel-esus/src/infra/db/repositories/nominal_list/__init__.py,Python,ae248af0364e4246,0,0,1,0,0,0,0.2609254498714653,0.18637532133676094,0.18637532133676094,0.2205222541258212
painel_esus,2024,00cc4bc9bf2ea7a678cc8ba827aa8b11c6d17488,painel-esus/src/infra/db/repositories/nominal_list/diabetes_nominal_list_repositorio.py,Python,8c94198f382664f3,468,19,3,544,28,572,0.7095115681233933,0.9254498714652957,0.7095115681233933,0.8103193133098425
painel_esus,2024,00cc4bc9bf2ea7a678cc8ba827aa8b11c6d17488,painel-esus/src/infra/db/repositories/nominal_list/hypertension_nominal_list_repository.py,Python,3ad7b15d0f6b6888,419,18,2,495,28,523,0.5822622107969152,0.9113110539845758,0.5822622107969152,0.7284380474801725
painel_esus,2024,00cc4bc9bf2ea7a678cc8ba827aa8b11c6d17488,painel-esus/src/infra/db/repositories/odonto/__init__.py,Python,0bad56d058215adc,0,0,1,0,0,0,0.2609254498714653,0.18637532133676094,0.18637532133676094,0.2205222541258212
painel_esus,2024,00cc4bc9bf2ea7a678cc8ba827aa8b11c6d17488,painel-esus/src/infra/db/repositories/odonto/oral_health_builder_base.py,Python,0a3b36f3c4e85f71,19,3,1,33,0,33,0.2609254498714653,0.5681233933161953,0.2609254498714653,0.3850166905259195
painel_esus,2024,00cc4bc9bf2ea7a678cc8ba827aa8b11c6d17488,painel-esus/src/infra/db/repositories/odonto/oral_health_dashboard_repository.py,Python,de7a73dd4e56b179,113,35,1,126,0,126,0.2609254498714653,0.9922879177377892,0.2609254498714653,0.5088351121313782
painel_esus,2024,00cc4bc9bf2ea7a678cc8ba827aa8b11c6d17488,painel-esus/src/infra/db/repositories/oral_health_dashboard_repository.py,Python,cecaf06383fd2616,19,3,1,33,0,33,0.2609254498714653,0.5681233933161953,0.2609254498714653,0.3850166905259195
painel_esus,2024,00cc4bc9bf2ea7a678cc8ba827aa8b11c6d17488,painel-esus/src/infra/db/repositories/pregnacy/__init__.py,Python,c5267fa2603b23a7,0,0,0,0,0,0,0.011568123393316195,0.18637532133676094,0.011568123393316195,0.046432883979918876
painel_esus,2024,00cc4bc9bf2ea7a678cc8ba827aa8b11c6d17488,painel-esus/src/infra/db/repositories/pregnacy/pregnancy_base_repository.py,Python,4e4ce3f934bc7e82,74,15,1,5,5,10,0.2609254498714653,0.8984575835475579,0.2609254498714653,0.4841801825535368
painel_esus,2024,00cc4bc9bf2ea7a678cc8ba827aa8b11c6d17488,painel-esus/src/infra/db/repositories/pregnacy/sqls/__init_.py,Python,de5e3dfe3ce6a4ba,0,0,0,0,0,0,0.011568123393316195,0.18637532133676094,0.011568123393316195,0.046432883979918876
painel_esus,2024,00cc4bc9bf2ea7a678cc8ba827aa8b11c6d17488,painel-esus/src/infra/db/repositories/pregnacy/sqls/ciap_explode.py,Python,06d135152a004439,23,0,0,0,0,0,0.011568123393316195,0.18637532133676094,0.011568123393316195,0.046432883979918876
painel_esus,2024,00cc4bc9bf2ea7a678cc8ba827aa8b11c6d17488,painel-esus/src/infra/db/repositories/pregnacy/sqls/cid_explode.py,Python,be56fb5a9a06e833,23,0,0,0,0,0,0.011568123393316195,0.18637532133676094,0.011568123393316195,0.046432883979918876
painel_esus,2024,00cc4bc9bf2ea7a678cc8ba827aa8b11c6d17488,painel-esus/src/infra/db/repositories/pregnacy/sqls/evaluated_procedures_explode.py,Python,982aac9c917a3891,23,0,0,0,0,0,0.011568123393316195,0.18637532133676094,0.011568123393316195,0.046432883979918876
painel_esus,2024,00cc4bc9bf2ea7a678cc8ba827aa8b11c6d17488,painel-esus/src/infra/db/repositories/pregnacy/sqls/pregnancy_base.py,Python,9eeaa90e6e9a054c,0,0,0,0,0,0,0.011568123393316195,0.18637532133676094,0.011568123393316195,0.046432883979918876
painel_esus,2024,00cc4bc9bf2ea7a678cc8ba827aa8b11c6d17488,painel-esus/src/infra/db/repositories/pregnacy/sqls/requested_procedures_explode.py,Python,6770a54a30675df8,23,0,0,0,0,0,0.011568123393316195,0.18637532133676094,0.011568123393316195,0.046432883979918876
painel_esus,2024,00cc4bc9bf2ea7a678cc8ba827aa8b11c6d17488,painel-esus/src/infra/db/repositories/smoking/__init__.py,Python,f60bb9f0ef691a3b,0,0,1,0,0,0,0.2609254498714653,0.18637532133676094,0.18637532133676094,0.2205222541258212
painel_esus,2024,00cc4bc9bf2ea7a678cc8ba827aa8b11c6d17488,painel-esus/src/infra/db/repositories/smoking/smoking_repository.py,Python,633ec1147a947558,162,8,2,297,122,419,0.5822622107969152,0.7686375321336761,0.5822622107969152,0.6689907239727911
painel_esus,2024,00cc4bc9bf2ea7a678cc8ba827aa8b11c6d17488,painel-esus/src/infra/db/repositories/sqls/__init__.py,Python,e935a8b66bd71056,15,0,3,15,0,15,0.7095115681233933,0.18637532133676094,0.18637532133676094,0.36364192071479684
painel_esus,2024,00cc4bc9bf2ea7a678cc8ba827aa8b11c6d17488,painel-esus/src/infra/db/repositories/sqls/atendimento_individual_cid_ciaps.py,Python,16a0a2a6e7966f26,78,0,1,78,0,78,0.2609254498714653,0.18637532133676094,0.18637532133676094,0.2205222541258212
painel_esus,2024,00cc4bc9bf2ea7a678cc8ba827aa8b11c6d17488,painel-esus/src/infra/db/repositories/sqls/atendimento_individual_cid_ciaps_nascimento.py,Python,55ab6eb1a3ccb9c5,79,0,1,79,0,79,0.2609254498714653,0.18637532133676094,0.18637532133676094,0.2205222541258212
painel_esus,2024,00cc4bc9bf2ea7a678cc8ba827aa8b11c6d17488,painel-esus/src/infra/db/repositories/sqls/atendimento_individual_cid_ciaps_procedimentos.py,Python,5851a3c978161044,10,3,5,369,199,568,0.8226221079691517,0.5681233933161953,0.5681233933161953,0.6836306483740735
painel_esus,2024,00cc4bc9bf2ea7a678cc8ba827aa8b11c6d17488,painel-esus/src/infra/db/repositories/sqls/atendimento_individual_procedimentos_nascimento.py,Python,d4ae987af46d8297,79,0,1,79,0,79,0.2609254498714653,0.18637532133676094,0.18637532133676094,0.2205222541258212
painel_esus,2024,00cc4bc9bf2ea7a678cc8ba827aa8b11c6d17488,painel-esus/src/infra/db/repositories/sqls/auto_referido.py,Python,b8c591f8834d5283,5,4,2,26,1,27,0.5822622107969152,0.6079691516709511,0.5822622107969152,0.5949768586661611
painel_esus,2024,00cc4bc9bf2ea7a678cc8ba827aa8b11c6d17488,painel-esus/src/infra/db/repositories/sqls/cidadao_pec_vivo.py,Python,1c3dcb4ec0352d6a,26,0,2,29,3,32,0.5822622107969152,0.18637532133676094,0.18637532133676094,0.3294226868925817
painel_esus,2024,00cc4bc9bf2ea7a678cc8ba827aa8b11c6d17488,painel-esus/src/infra/db/repositories/sqls/city_information.py,Python,be6e3df4c4891d39,14,0,1,14,0,14,0.2609254498714653,0.18637532133676094,0.18637532133676094,0.2205222541258212
painel_esus,2024,00cc4bc9bf2ea7a678cc8ba827aa8b11c6d17488,painel-esus/src/infra/db/repositories/sqls/demographics/__init__.py,Python,ab2585ad7d75d96f,13,0,4,22,9,31,0.7789203084832905,0.18637532133676094,0.18637532133676094,0.3810138091845258
painel_esus,2024,00cc4bc9bf2ea7a678cc8ba827aa8b11c6d17488,painel-esus/src/infra/db/repositories/sqls/demographics/group_by_sexo.py,Python,327d5b9b979c431e,3,4,6,56,32,88,0.8663239074550129,0.6079691516709511,0.6079691516709511,0.7257397681591438
painel_esus,2024,00cc4bc9bf2ea7a678cc8ba827aa8b11c6d17488,painel-esus/src/infra/db/repositories/sqls/demographics/indicador_cadastro.py,Python,fd9b75d462795bf1,0,0,1,1,0,1,0.2609254498714653,0.18637532133676094,0.18637532133676094,0.2205222541258212
painel_esus,2024,00cc4bc9bf2ea7a678cc8ba827aa8b11c6d17488,painel-esus/src/infra/db/repositories/sqls/demographics/indicador_crianca.py,Python,f2baf3b0b24bb838,3,4,3,32,7,39,0.7095115681233933,0.6079691516709511,0.6079691516709511,0.6567808966258882
painel_esus,2024,00cc4bc9bf2ea7a678cc8ba827aa8b11c6d17488,painel-esus/src/infra/db/repositories/sqls/demographics/indicador_diabetes.py,Python,28712dd336fe7f18,4,6,8,89,33,122,0.9344473007712082,0.7005141388174807,0.7005141388174807,0.8090695558294493
painel_esus,2024,00cc4bc9bf2ea7a678cc8ba827aa8b11c6d17488,painel-esus/src/infra/db/repositories/sqls/demographics/indicador_hipertensao.py,Python,4b5294b805cbcb98,5,6,8,90,33,123,0.9344473007712082,0.7005141388174807,0.7005141388174807,0.8090695558294493
painel_esus,2024,00cc4bc9bf2ea7a678cc8ba827aa8b11c6d17488,painel-esus/src/infra/db/repositories/sqls/demographics/indicador_idoso.py,Python,409f3589698665b8,3,4,3,29,6,35,0.7095115681233933,0.6079691516709511,0.6079691516709511,0.6567808966258882
painel_esus,2024,00cc4bc9bf2ea7a678cc8ba827aa8b11c6d17488,painel-esus/src/infra/db/repositories/sqls/demographics/sexo_faixa_etaria.py,Python,cb764c0c356bfbc9,3,4,8,132,80,212,0.9344473007712082,0.6079691516709511,0.6079691516709511,0.7537341260226191
painel_esus,2024,00cc4bc9bf2ea7a678cc8ba827aa8b11c6d17488,painel-esus/src/infra/db/repositories/sqls/demographics/tipo_localidade.py,Python,bcaa870678c2099a,3,4,7,67,46,113,0.8984575835475579,0.6079691516709511,0.6079691516709511,0.7390767855113172
painel_esus,2024,00cc4bc9bf2ea7a678cc8ba827aa8b11c6d17488,painel-esus/src/infra/db/repositories/sqls/disease/__init__.py,Python,848db052bac91313,0,0,1,0,0,0,0.2609254498714653,0.18637532133676094,0.18637532133676094,0.2205222541258212
painel_esus,2024,00cc4bc9bf2ea7a678cc8ba827aa8b11c6d17488,painel-esus/src/infra/db/repositories/sqls/disease/by_gender.py,Python,b67fbcdf5c87578d,10,10,3,139,54,193,0.7095115681233933,0.8264781491002571,0.7095115681233933,0.7657648513661639
painel_esus,2024,00cc4bc9bf2ea7a678cc8ba827aa8b11c6d17488,painel-esus/src/infra/db/repositories/sqls/lista_pesos_alturas.py,Python,81b1d546dc1e3ee3,2,4,3,63,27,90,0.7095115681233933,0.6079691516709511,0.6079691516709511,0.6567808966258882
painel_esus,2024,00cc4bc9bf2ea7a678cc8ba827aa8b11c6d17488,painel-esus/src/infra/db/repositories/sqls/listagem_fci.py,Python,bd2591ec963ab60b,61,0,5,72,8,80,0.8226221079691517,0.18637532133676094,0.18637532133676094,0.39155645788503385
painel_esus,2024,00cc4bc9bf2ea7a678cc8ba827aa8b11c6d17488,painel-esus/src/infra/db/repositories/sqls/login.py,Python,22f749957bdb7594,27,0,3,59,32,91,0.7095115681233933,0.18637532133676094,0.18637532133676094,0.36364192071479684
painel_esus,2024,00cc4bc9bf2ea7a678cc8ba827aa8b11c6d17488,painel-esus/src/infra/db/repositories/sqls/max_dt_atendimento_atendimento_individual.py,Python,d925615c99d7ccac,8,0,1,8,0,8,0.2609254498714653,0.18637532133676094,0.18637532133676094,0.2205222541258212
painel_esus,2024,00cc4bc9bf2ea7a678cc8ba827aa8b11c6d17488,painel-esus/src/infra/db/repositories/sqls/nominal_list/__init__.py,Python,74feaffd0f1a139a,2,0,2,4,2,6,0.5822622107969152,0.18637532133676094,0.18637532133676094,0.3294226868925817
painel_esus,2024,00cc4bc9bf2ea7a678cc8ba827aa8b11c6d17488,painel-esus/src/infra/db/repositories/sqls/nominal_list/autoreferido.py,Python,49bc598a5ba899d4,26,9,5,59,14,73,0.8226221079691517,0.7994858611825193,0.7994858611825193,0.8109714818768269
painel_esus,2024,00cc4bc9bf2ea7a678cc8ba827aa8b11c6d17488,painel-esus/src/infra/db/repositories/sqls/nominal_list/diabetes/__init__.py,Python,0b02158dfc4d805c,0,0,1,0,0,0,0.2609254498714653,0.18637532133676094,0.18637532133676094,0.2205222541258212
painel_esus,2024,00cc4bc9bf2ea7a678cc8ba827aa8b11c6d17488,painel-esus/src/infra/db/repositories/sqls/nominal_list/diabetes/meses_desde_ultima_visita.py,Python,5db01600bb4ef9f6,29,2,2,60,30,90,0.5822622107969152,0.5244215938303342,0.5244215938303342,0.5525856283086742
painel_esus,2024,00cc4bc9bf2ea7a678cc8ba827aa8b11c6d17488,painel-esus/src/infra/db/repositories/sqls/nominal_list/get_cids.py,Python,dd623339d652be8a,0,1,1,3,0,3,0.2609254498714653,0.4318766066838046,0.2609254498714653,0.33568973455846635
painel_esus,2024,00cc4bc9bf2ea7a678cc8ba827aa8b11c6d17488,painel-esus/src/infra/db/repositories/sqls/nominal_list/lista_cids_ciaps_por_cidadao_pec.py,Python,b0815d7ba34992a7,7,0,2,14,7,21,0.5822622107969152,0.18637532133676094,0.18637532133676094,0.3294226868925817
painel_esus,2024,00cc4bc9bf2ea7a678cc8ba827aa8b11c6d17488,painel-esus/src/infra/db/repositories/sqls/nominal_list/lista_nominal_diabetes.py,Python,a538d00e21d486f6,3,0,11,1007,772,1779,0.974293059125964,0.18637532133676094,0.18637532133676094,0.42612695522669924
painel_esus,2024,00cc4bc9bf2ea7a678cc8ba827aa8b11c6d17488,painel-esus/src/infra/db/repositories/sqls/nominal_list/lista_nominal_hipertensao.py,Python,e9c47d7ad76edf47,3,0,7,820,603,1423,0.8984575835475579,0.18637532133676094,0.18637532133676094,0.40920694134035146
painel_esus,2024,00cc4bc9bf2ea7a678cc8ba827aa8b11c6d17488,painel-esus/src/infra/db/repositories/sqls/nominal_list/max_date.py,Python,36e6ed0927c1313a,9,0,2,18,9,27,0.5822622107969152,0.18637532133676094,0.18637532133676094,0.3294226868925817
painel_esus,2024,00cc4bc9bf2ea7a678cc8ba827aa8b11c6d17488,painel-esus/src/infra/db/repositories/sqls/odonto/__init__.py,Python,cbc8b8167a1d896f,11,0,1,11,0,11,0.2609254498714653,0.18637532133676094,0.18637532133676094,0.2205222541258212
painel_esus,2024,00cc4bc9bf2ea7a678cc8ba827aa8b11c6d17488,painel-esus/src/infra/db/repositories/sqls/odonto/atendimento_exodontia.py,Python,b7f9f2e57776ef05,29,2,1,32,0,32,0.2609254498714653,0.5244215938303342,0.2609254498714653,0.3699120710283605
painel_esus,2024,00cc4bc9bf2ea7a678cc8ba827aa8b11c6d17488,painel-esus/src/infra/db/repositories/sqls/odonto/atendimento_linha_servico.py,Python,e82c8afe42cff7e8,14,2,1,33,0,33,0.2609254498714653,0.5244215938303342,0.2609254498714653,0.3699120710283605
painel_esus,2024,00cc4bc9bf2ea7a678cc8ba827aa8b11c6d17488,painel-esus/src/infra/db/repositories/sqls/odonto/atendimento_local_atendimento.py,Python,8299a4e1089aa7ae,13,2,1,16,0,16,0.2609254498714653,0.5244215938303342,0.2609254498714653,0.3699120710283605
painel_esus,2024,00cc4bc9bf2ea7a678cc8ba827aa8b11c6d17488,painel-esus/src/infra/db/repositories/sqls/odonto/atendimento_odonto.py,Python,77e022c88dce9d8f,262,0,1,262,0,262,0.2609254498714653,0.18637532133676094,0.18637532133676094,0.2205222541258212
painel_esus,2024,00cc4bc9bf2ea7a678cc8ba827aa8b11c6d17488,painel-esus/src/infra/db/repositories/sqls/odonto/atendimento_tipo_servico.py,Python,70341f917c5387c5,17,2,1,19,0,19,0.2609254498714653,0.5244215938303342,0.2609254498714653,0.3699120710283605
painel_esus,2024,00cc4bc9bf2ea7a678cc8ba827aa8b11c6d17488,painel-esus/src/infra/db/repositories/sqls/odonto/atendimentos_desfecho.py,Python,605b4815ff771efe,46,2,1,49,0,49,0.2609254498714653,0.5244215938303342,0.2609254498714653,0.3699120710283605
painel_esus,2024,00cc4bc9bf2ea7a678cc8ba827aa8b11c6d17488,painel-esus/src/infra/db/repositories/sqls/odonto/atendimentos_localizacao.py,Python,f2a8bdff57f596f0,36,2,2,42,4,46,0.5822622107969152,0.5244215938303342,0.5244215938303342,0.5525856283086742
painel_esus,2024,00cc4bc9bf2ea7a678cc8ba827aa8b11c6d17488,painel-esus/src/infra/db/repositories/sqls/odonto/atendimentos_sexo.py,Python,82e6ba5583b33b2c,39,2,2,43,2,45,0.5822622107969152,0.5244215938303342,0.5244215938303342,0.5525856283086742
painel_esus,2024,00cc4bc9bf2ea7a678cc8ba827aa8b11c6d17488,painel-esus/src/infra/db/repositories/sqls/odonto/max_date_atd_odonto.py,Python,5a912b3c9729a00c,1,0,1,2,0,2,0.2609254498714653,0.18637532133676094,0.18637532133676094,0.2205222541258212
painel_esus,2024,00cc4bc9bf2ea7a678cc8ba827aa8b11c6d17488,painel-esus/src/infra/db/repositories/sqls/odonto/total_atendimentos.py,Python,87bc0fca45489d87,6,2,1,13,0,13,0.2609254498714653,0.5244215938303342,0.2609254498714653,0.3699120710283605
painel_esus,2024,00cc4bc9bf2ea7a678cc8ba827aa8b11c6d17488,painel-esus/src/infra/db/repositories/sqls/odonto/total_atendimentos_localizacao.py,Python,81fe1c9c05d67fc8,7,2,1,16,0,16,0.2609254498714653,0.5244215938303342,0.2609254498714653,0.3699120710283605
painel_esus,2024,00cc4bc9bf2ea7a678cc8ba827aa8b11c6d17488,painel-esus/src/infra/db/repositories/sqls/pessoa/__init__.py,Python,6b99c3b438297623,0,0,1,0,0,0,0.2609254498714653,0.18637532133676094,0.18637532133676094,0.2205222541258212
painel_esus,2024,00cc4bc9bf2ea7a678cc8ba827aa8b11c6d17488,painel-esus/src/infra/db/repositories/sqls/pessoa/cidadao_equipe.py,Python,c0dbccdd961e1990,24,0,1,25,0,25,0.2609254498714653,0.18637532133676094,0.18637532133676094,0.2205222541258212
painel_esus,2024,00cc4bc9bf2ea7a678cc8ba827aa8b11c6d17488,painel-esus/src/infra/db/repositories/sqls/pessoa/equipes.py,Python,66ce9dc16ef8e0ec,0,0,2,16,0,16,0.5822622107969152,0.18637532133676094,0.18637532133676094,0.3294226868925817
painel_esus,2024,00cc4bc9bf2ea7a678cc8ba827aa8b11c6d17488,painel-esus/src/infra/db/repositories/sqls/pessoa/equipes_join.py,Python,bf7f742b49b7e9fa,20,0,2,21,0,21,0.5822622107969152,0.18637532133676094,0.18637532133676094,0.3294226868925817
painel_esus,2024,00cc4bc9bf2ea7a678cc8ba827aa8b11c6d17488,painel-esus/src/infra/db/repositories/sqls/pessoa/lista_cidadao_pec_from_fichas.py,Python,7bc576b5d403b85b,11,0,1,12,0,12,0.2609254498714653,0.18637532133676094,0.18637532133676094,0.2205222541258212
painel_esus,2024,00cc4bc9bf2ea7a678cc8ba827aa8b11c6d17488,painel-esus/src/infra/db/repositories/sqls/pessoa/lista_nominal.py,Python,2b91010e14f3ca3d,213,0,1,215,0,215,0.2609254498714653,0.18637532133676094,0.18637532133676094,0.2205222541258212
painel_esus,2024,00cc4bc9bf2ea7a678cc8ba827aa8b11c6d17488,painel-esus/src/infra/db/repositories/sqls/pessoa/pessoas.py,Python,83c02d462f4dbedf,52,0,3,68,0,68,0.7095115681233933,0.18637532133676094,0.18637532133676094,0.36364192071479684
painel_esus,2024,00cc4bc9bf2ea7a678cc8ba827aa8b11c6d17488,painel-esus/src/infra/db/repositories/sqls/pessoa/pessoas_id.py,Python,9f7362379f637cd1,40,0,2,109,32,141,0.5822622107969152,0.18637532133676094,0.18637532133676094,0.3294226868925817
painel_esus,2024,00cc4bc9bf2ea7a678cc8ba827aa8b11c6d17488,painel-esus/src/infra/db/repositories/sqls/pessoa/pessoas_list.py,Python,19f4a96a6cdd0171,47,0,6,62,14,76,0.8663239074550129,0.18637532133676094,0.18637532133676094,0.40182259348330124
painel_esus,2024,00cc4bc9bf2ea7a678cc8ba827aa8b11c6d17488,painel-esus/src/infra/db/repositories/sqls/pessoa/status_cadastro.py,Python,d20388c66c60ef5e,3,1,2,143,12,155,0.5822622107969152,0.4318766066838046,0.4318766066838046,0.5014632865915329
painel_esus,2024,00cc4bc9bf2ea7a678cc8ba827aa8b11c6d17488,painel-esus/src/infra/db/repositories/sqls/smoking/__init__.py,Python,2d421ad10fdc79a8,0,0,1,0,0,0,0.2609254498714653,0.18637532133676094,0.18637532133676094,0.2205222541258212
painel_esus,2024,00cc4bc9bf2ea7a678cc8ba827aa8b11c6d17488,painel-esus/src/infra/db/repositories/sqls/smoking/smoking_base.py,Python,4255d27796226cfd,82,0,1,82,0,82,0.2609254498714653,0.18637532133676094,0.18637532133676094,0.2205222541258212
painel_esus,2024,00cc4bc9bf2ea7a678cc8ba827aa8b11c6d17488,painel-esus/src/infra/db/repositories/sqls/tabelas.py,Python,c82446c8fe0a65fe,180,0,6,236,56,292,0.8663239074550129,0.18637532133676094,0.18637532133676094,0.40182259348330124
painel_esus,2024,00cc4bc9bf2ea7a678cc8ba827aa8b11c6d17488,painel-esus/src/infra/db/repositories/sqls/units.py,Python,a77b3dcc02fc665f,7,0,1,7,0,7,0.2609254498714653,0.18637532133676094,0.18637532133676094,0.2205222541258212
painel_esus,2024,00cc4bc9bf2ea7a678cc8ba827aa8b11c6d17488,painel-esus/src/infra/db/repositories/sqls/units_list.py,Python,14d88e0822ac5994,19,0,4,37,18,55,0.7789203084832905,0.18637532133676094,0.18637532133676094,0.3810138091845258
painel_esus,2024,00cc4bc9bf2ea7a678cc8ba827aa8b11c6d17488,painel-esus/src/infra/db/repositories/update_bases.py,Python,5a2ddff8ee3e25a9,33,7,1,50,0,50,0.2609254498714653,0.7403598971722365,0.2609254498714653,0.439521033895373
painel_esus,2024,00cc4bc9bf2ea7a678cc8ba827aa8b11c6d17488,painel-esus/src/infra/db/settings/__init__.py,Python,a04be8c52d868201,0,0,1,0,0,0,0.2609254498714653,0.18637532133676094,0.18637532133676094,0.2205222541258212
painel_esus,2024,00cc4bc9bf2ea7a678cc8ba827aa8b11c6d17488,painel-esus/src/infra/db/settings/base.py,Python,e1489a643a368e4f,2,0,1,2,0,2,0.2609254498714653,0.18637532133676094,0.18637532133676094,0.2205222541258212
painel_esus,2024,00cc4bc9bf2ea7a678cc8ba827aa8b11c6d17488,painel-esus/src/infra/db/settings/connection.py,Python,1f08ad383495faa4,40,11,4,70,21,91,0.7789203084832905,0.8573264781491002,0.7789203084832905,0.8171835808622138
painel_esus,2024,00cc4bc9bf2ea7a678cc8ba827aa8b11c6d17488,painel-esus/src/infra/db/settings/connection_irece.py,Python,a5c247becf0a388a,27,6,1,34,0,34,0.2609254498714653,0.7005141388174807,0.2609254498714653,0.42753007708496166
painel_esus,2024,00cc4bc9bf2ea7a678cc8ba827aa8b11c6d17488,painel-esus/src/infra/db/settings/connection_local.py,Python,c80cca7700a62848,35,8,8,64,14,78,0.9344473007712082,0.7686375321336761,0.7686375321336761,0.8474970602744037
painel_esus,2024,00cc4bc9bf2ea7a678cc8ba827aa8b11c6d17488,painel-esus/src/main/__init__.py,Python,5795362a64c08efa,0,0,1,0,0,0,0.2609254498714653,0.18637532133676094,0.18637532133676094,0.2205222541258212
painel_esus,2024,00cc4bc9bf2ea7a678cc8ba827aa8b11c6d17488,painel-esus/src/main/adapters/__init__.py,Python,d01192ce5de7c9ca,0,0,1,0,0,0,0.2609254498714653,0.18637532133676094,0.18637532133676094,0.2205222541258212
painel_esus,2024,00cc4bc9bf2ea7a678cc8ba827aa8b11c6d17488,painel-esus/src/main/adapters/children_adapter.py,Python,87ef6c9bbee711fb,95,24,6,129,17,146,0.8663239074550129,0.9524421593830334,0.8663239074550129,0.908363040387267
painel_esus,2024,00cc4bc9bf2ea7a678cc8ba827aa8b11c6d17488,painel-esus/src/main/adapters/elderly_adapter.py,Python,9835466e0b1d8fab,126,31,4,151,0,151,0.7789203084832905,0.987146529562982,0.7789203084832905,0.8768742665430476
painel_esus,2024,00cc4bc9bf2ea7a678cc8ba827aa8b11c6d17488,painel-esus/src/main/adapters/nominal_list_adapter.py,Python,da570d75951ed5f5,524,45,20,1414,855,2269,0.9961439588688946,0.9974293059125964,0.9961439588688946,0.9967864252103494
painel_esus,2024,00cc4bc9bf2ea7a678cc8ba827aa8b11c6d17488,painel-esus/src/main/adapters/records_adapter.py,Python,5fd0be5fb1eca80a,102,25,8,145,31,176,0.9344473007712082,0.9652956298200515,0.9344473007712082,0.9497462270162438
painel_esus,2024,00cc4bc9bf2ea7a678cc8ba827aa8b11c6d17488,painel-esus/src/main/adapters/request_adapter.py,Python,910f900751fc26ee,18,3,3,32,7,39,0.7095115681233933,0.5681233933161953,0.5681233933161953,0.6348937861401363
painel_esus,2024,00cc4bc9bf2ea7a678cc8ba827aa8b11c6d17488,painel-esus/src/main/adapters/request_login_adapter.py,Python,603c196b27b11b3c,14,2,1,20,0,20,0.2609254498714653,0.5244215938303342,0.2609254498714653,0.3699120710283605
painel_esus,2024,00cc4bc9bf2ea7a678cc8ba827aa8b11c6d17488,painel-esus/src/main/composers/__init__.py,Python,14fbd981f0db8243,0,0,1,0,0,0,0.2609254498714653,0.18637532133676094,0.18637532133676094,0.2205222541258212
painel_esus,2024,00cc4bc9bf2ea7a678cc8ba827aa8b11c6d17488,painel-esus/src/main/composers/children_composer.py,Python,780a8d20601dd27a,22,8,4,51,20,71,0.7789203084832905,0.7686375321336761,0.7686375321336761,0.7737618390961124
painel_esus,2024,00cc4bc9bf2ea7a678cc8ba827aa8b11c6d17488,painel-esus/src/main/composers/city_informations_composer.py,Python,cf13cc3da97aaf21,23,3,2,35,3,38,0.5822622107969152,0.5681233933161953,0.5681233933161953,0.5751493571218986
painel_esus,2024,00cc4bc9bf2ea7a678cc8ba827aa8b11c6d17488,painel-esus/src/main/composers/demographics_info_composer.py,Python,6ced970288400b81,12,1,3,37,22,59,0.7095115681233933,0.4318766066838046,0.4318766066838046,0.5535534738794764
painel_esus,2024,00cc4bc9bf2ea7a678cc8ba827aa8b11c6d17488,painel-esus/src/main/composers/diabetes_dashboard_composer.py,Python,df9f2e7f8795c8e4,90,10,5,262,141,403,0.8226221079691517,0.8264781491002571,0.8226221079691517,0.8245478744156075
painel_esus,2024,00cc4bc9bf2ea7a678cc8ba827aa8b11c6d17488,painel-esus/src/main/composers/elderly_composer.py,Python,777e8bbfe1b517bf,26,11,4,44,5,49,0.7789203084832905,0.8573264781491002,0.7789203084832905,0.8171835808622138
painel_esus,2024,00cc4bc9bf2ea7a678cc8ba827aa8b11c6d17488,painel-esus/src/main/composers/hypertension_dashboard_composer.py,Python,fbcec5d10a0973ae,100,11,5,274,141,415,0.8226221079691517,0.8573264781491002,0.8226221079691517,0.8397950432532819
painel_esus,2024,00cc4bc9bf2ea7a678cc8ba827aa8b11c6d17488,painel-esus/src/main/composers/login_composer.py,Python,5150d080d8b631e2,82,15,10,173,80,253,0.9704370179948586,0.8984575835475579,0.8984575835475579,0.9337539816101234
painel_esus,2024,00cc4bc9bf2ea7a678cc8ba827aa8b11c6d17488,painel-esus/src/main/composers/oral_health_compose.py,Python,df228a8b5fce81ba,59,9,3,180,94,274,0.7095115681233933,0.7994858611825193,0.7095115681233933,0.7531563364004121
painel_esus,2024,00cc4bc9bf2ea7a678cc8ba827aa8b11c6d17488,painel-esus/src/main/composers/records_composer.py,Python,8be4c0f3845032bf,20,8,1,31,0,31,0.2609254498714653,0.7686375321336761,0.2609254498714653,0.44783601224116887
painel_esus,2024,00cc4bc9bf2ea7a678cc8ba827aa8b11c6d17488,painel-esus/src/main/composers/schedule_compose.py,Python,29035c0955644080,57,9,5,152,77,229,0.8226221079691517,0.7994858611825193,0.7994858611825193,0.8109714818768269
painel_esus,2024,00cc4bc9bf2ea7a678cc8ba827aa8b11c6d17488,painel-esus/src/main/composers/smoking_composer.py,Python,9b37529220789f92,33,6,1,46,0,46,0.2609254498714653,0.7005141388174807,0.2609254498714653,0.42753007708496166
painel_esus,2024,00cc4bc9bf2ea7a678cc8ba827aa8b11c6d17488,painel-esus/src/main/routes/__init__.py,Python,1ded3c00cfe7fedb,0,0,1,0,0,0,0.2609254498714653,0.18637532133676094,0.18637532133676094,0.2205222541258212
painel_esus,2024,00cc4bc9bf2ea7a678cc8ba827aa8b11c6d17488,painel-esus/src/main/routes/children_routes.py,Python,519dc916ca40eab2,164,18,6,239,36,275,0.8663239074550129,0.9113110539845758,0.8663239074550129,0.8885328092956747
painel_esus,2024,00cc4bc9bf2ea7a678cc8ba827aa8b11c6d17488,painel-esus/src/main/routes/city_informations_route.py,Python,c9ad11319362db4d,26,2,2,36,2,38,0.5822622107969152,0.5244215938303342,0.5244215938303342,0.5525856283086742
painel_esus,2024,00cc4bc9bf2ea7a678cc8ba827aa8b11c6d17488,painel-esus/src/main/routes/demographics_info_route.py,Python,6da55edd6cb1ae5f,32,3,2,44,4,48,0.5822622107969152,0.5681233933161953,0.5681233933161953,0.5751493571218986
painel_esus,2024,00cc4bc9bf2ea7a678cc8ba827aa8b11c6d17488,painel-esus/src/main/routes/diabetes_routes.py,Python,8760d6dcf6412359,200,24,8,548,302,850,0.9344473007712082,0.9524421593830334,0.9344473007712082,0.9434018258283033
painel_esus,2024,00cc4bc9bf2ea7a678cc8ba827aa8b11c6d17488,painel-esus/src/main/routes/elderly_routes.py,Python,e507e96a42463d9d,251,24,6,342,42,384,0.8663239074550129,0.9524421593830334,0.8663239074550129,0.908363040387267
painel_esus,2024,00cc4bc9bf2ea7a678cc8ba827aa8b11c6d17488,painel-esus/src/main/routes/hypertension_routes.py,Python,4d7b53c781482037,198,24,8,551,306,857,0.9344473007712082,0.9524421593830334,0.9344473007712082,0.9434018258283033
painel_esus,2024,00cc4bc9bf2ea7a678cc8ba827aa8b11c6d17488,painel-esus/src/main/routes/login_route.py,Python,a1e5a49fce0655d4,32,4,2,41,3,44,0.5822622107969152,0.6079691516709511,0.5822622107969152,0.5949768586661611
painel_esus,2024,00cc4bc9bf2ea7a678cc8ba827aa8b11c6d17488,painel-esus/src/main/routes/oral_health.py,Python,32810029b3ebc058,233,18,2,323,56,379,0.5822622107969152,0.9113110539845758,0.5822622107969152,0.7284380474801725
painel_esus,2024,00cc4bc9bf2ea7a678cc8ba827aa8b11c6d17488,painel-esus/src/main/routes/records_routes.py,Python,d6159fab8cb836e8,170,18,1,211,0,211,0.2609254498714653,0.9113110539845758,0.2609254498714653,0.4876312610300581
painel_esus,2024,00cc4bc9bf2ea7a678cc8ba827aa8b11c6d17488,painel-esus/src/main/routes/smoking.py,Python,e4ea4b67a491e4a2,139,12,2,177,14,191,0.5822622107969152,0.8804627249357326,0.5822622107969152,0.7160029139223918
painel_esus,2024,00cc4bc9bf2ea7a678cc8ba827aa8b11c6d17488,painel-esus/src/main/routes/units_route.py,Python,cbce3e1a64b3b452,56,7,3,77,7,84,0.7095115681233933,0.7403598971722365,0.7095115681233933,0.7247716272167032
painel_esus,2024,00cc4bc9bf2ea7a678cc8ba827aa8b11c6d17488,painel-esus/src/main/routes/utils.py,Python,d4ea62574c1669ff,4,2,1,4,0,4,0.2609254498714653,0.5244215938303342,0.2609254498714653,0.3699120710283605
painel_esus,2024,00cc4bc9bf2ea7a678cc8ba827aa8b11c6d17488,painel-esus/src/main/server/__init__.py,Python,f8d89b9deca289c9,0,0,1,0,0,0,0.2609254498714653,0.18637532133676094,0.18637532133676094,0.2205222541258212
painel_esus,2024,00cc4bc9bf2ea7a678cc8ba827aa8b11c6d17488,painel-esus/src/main/server/cache.py,Python,fee2cbc5cbbf0906,7,0,1,9,0,9,0.2609254498714653,0.18637532133676094,0.18637532133676094,0.2205222541258212
painel_esus,2024,00cc4bc9bf2ea7a678cc8ba827aa8b11c6d17488,painel-esus/src/main/server/decorators/__init__.py,Python,193d94ecbaad1d94,0,0,1,0,0,0,0.2609254498714653,0.18637532133676094,0.18637532133676094,0.2205222541258212
painel_esus,2024,00cc4bc9bf2ea7a678cc8ba827aa8b11c6d17488,painel-esus/src/main/server/decorators/check_access.py,Python,aa07d2c3d0513e19,70,25,1,102,0,102,0.2609254498714653,0.9652956298200515,0.2609254498714653,0.5018667118566008
painel_esus,2024,00cc4bc9bf2ea7a678cc8ba827aa8b11c6d17488,painel-esus/src/main/server/decorators/token_required.py,Python,fabcfaf19cf84a7f,68,10,5,194,113,307,0.8226221079691517,0.8264781491002571,0.8226221079691517,0.8245478744156075
painel_esus,2024,00cc4bc9bf2ea7a678cc8ba827aa8b11c6d17488,painel-esus/src/main/server/server.py,Python,d7a99abd9111c74b,111,5,16,232,89,321,0.9897172236503856,0.6503856041131105,0.6503856041131105,0.8023078177389316
painel_esus,2024,00cc4bc9bf2ea7a678cc8ba827aa8b11c6d17488,painel-esus/src/presentations/__init__.py,Python,ca347da85967f0ee,0,0,1,0,0,0,0.2609254498714653,0.18637532133676094,0.18637532133676094,0.2205222541258212
painel_esus,2024,00cc4bc9bf2ea7a678cc8ba827aa8b11c6d17488,painel-esus/src/presentations/controllers/__init__.py,Python,2af8b4857b8c57ed,0,0,1,0,0,0,0.2609254498714653,0.18637532133676094,0.18637532133676094,0.2205222541258212
painel_esus,2024,00cc4bc9bf2ea7a678cc8ba827aa8b11c6d17488,painel-esus/src/presentations/controllers/cadastros/__init__.py,Python,acce2f909116b758,0,0,1,0,0,0,0.2609254498714653,0.18637532133676094,0.18637532133676094,0.2205222541258212
painel_esus,2024,00cc4bc9bf2ea7a678cc8ba827aa8b11c6d17488,painel-esus/src/presentations/controllers/cadastros/records_controller.py,Python,4f34d188ebc86afd,62,23,2,89,3,92,0.5822622107969152,0.9421593830334191,0.5822622107969152,0.7406644350096042
painel_esus,2024,00cc4bc9bf2ea7a678cc8ba827aa8b11c6d17488,painel-esus/src/presentations/controllers/children/__init__.py,Python,c8e6506b396089e7,0,0,1,0,0,0,0.2609254498714653,0.18637532133676094,0.18637532133676094,0.2205222541258212
painel_esus,2024,00cc4bc9bf2ea7a678cc8ba827aa8b11c6d17488,painel-esus/src/presentations/controllers/children/children_controller.py,Python,660ae9be623176ef,66,28,7,126,27,153,0.8984575835475579,0.9768637532133676,0.8984575835475579,0.936840780051381
painel_esus,2024,00cc4bc9bf2ea7a678cc8ba827aa8b11c6d17488,painel-esus/src/presentations/controllers/city_information_controller.py,Python,9e0f758b26c79006,27,8,3,38,4,42,0.7095115681233933,0.7686375321336761,0.7095115681233933,0.7384830537951834
painel_esus,2024,00cc4bc9bf2ea7a678cc8ba827aa8b11c6d17488,painel-esus/src/presentations/controllers/create_bases/__init__.py,Python,f88775b375745a22,0,0,1,0,0,0,0.2609254498714653,0.18637532133676094,0.18637532133676094,0.2205222541258212
painel_esus,2024,00cc4bc9bf2ea7a678cc8ba827aa8b11c6d17488,painel-esus/src/presentations/controllers/create_bases/create_base_controller.py,Python,123478a1d206414f,88,4,26,336,215,551,1.0,0.6079691516709511,0.6079691516709511,0.7797237662601744
painel_esus,2024,00cc4bc9bf2ea7a678cc8ba827aa8b11c6d17488,painel-esus/src/presentations/controllers/demographics_info_controller.py,Python,272f1f2f4b338c1e,18,6,2,29,5,34,0.5822622107969152,0.7005141388174807,0.5822622107969152,0.6386571154871473
painel_esus,2024,00cc4bc9bf2ea7a678cc8ba827aa8b11c6d17488,painel-esus/src/presentations/controllers/diabetes/__init__.py,Python,00972e75723b45a0,12,0,1,12,0,12,0.2609254498714653,0.18637532133676094,0.18637532133676094,0.2205222541258212
painel_esus,2024,00cc4bc9bf2ea7a678cc8ba827aa8b11c6d17488,painel-esus/src/presentations/controllers/diabetes/diabetes_dashboard_get_age_groups_location.py,Python,d1e22725dd3e4173,20,6,3,32,8,40,0.7095115681233933,0.7005141388174807,0.7005141388174807,0.7049985000870563
painel_esus,2024,00cc4bc9bf2ea7a678cc8ba827aa8b11c6d17488,painel-esus/src/presentations/controllers/diabetes/diabetes_dashboard_get_complications.py,Python,d0048122e335b926,20,6,2,32,7,39,0.5822622107969152,0.7005141388174807,0.5822622107969152,0.6386571154871473
painel_esus,2024,00cc4bc9bf2ea7a678cc8ba827aa8b11c6d17488,painel-esus/src/presentations/controllers/diabetes/diabetes_dashboard_get_imc.py,Python,aef914149349d179,20,6,2,32,7,39,0.5822622107969152,0.7005141388174807,0.5822622107969152,0.6386571154871473
painel_esus,2024,00cc4bc9bf2ea7a678cc8ba827aa8b11c6d17488,painel-esus/src/presentations/controllers/diabetes/diabetes_dashboard_get_nominal_list.py,Python,d6ce2f0939d52105,42,18,6,138,81,219,0.8663239074550129,0.9113110539845758,0.8663239074550129,0.8885328092956747
painel_esus,2024,00cc4bc9bf2ea7a678cc8ba827aa8b11c6d17488,painel-esus/src/presentations/controllers/diabetes/diabetes_dashboard_get_profissionals_count.py,Python,ccfbe81c3da7635d,20,6,2,32,7,39,0.5822622107969152,0.7005141388174807,0.5822622107969152,0.6386571154871473
painel_esus,2024,00cc4bc9bf2ea7a678cc8ba827aa8b11c6d17488,painel-esus/src/presentations/controllers/diabetes/diabetes_dashboard_get_total.py,Python,90b818ed5fc047b7,20,6,3,33,8,41,0.7095115681233933,0.7005141388174807,0.7005141388174807,0.7049985000870563
painel_esus,2024,00cc4bc9bf2ea7a678cc8ba827aa8b11c6d17488,painel-esus/src/presentations/controllers/diabetes/diabetes_get_age_group_gender.py,Python,58ee434b6e8a8185,20,6,2,32,7,39,0.5822622107969152,0.7005141388174807,0.5822622107969152,0.6386571154871473
painel_esus,2024,00cc4bc9bf2ea7a678cc8ba827aa8b11c6d17488,painel-esus/src/presentations/controllers/diabetes/diabetes_get_exams_count.py,Python,88e49ad17f806f54,23,6,2,36,8,44,0.5822622107969152,0.7005141388174807,0.5822622107969152,0.6386571154871473
painel_esus,2024,00cc4bc9bf2ea7a678cc8ba827aa8b11c6d17488,painel-esus/src/presentations/controllers/diabetes/diabetes_get_individual_exams_count.py,Python,44e599c350dc9eae,26,8,2,39,8,47,0.5822622107969152,0.7686375321336761,0.5822622107969152,0.6689907239727911
painel_esus,2024,00cc4bc9bf2ea7a678cc8ba827aa8b11c6d17488,painel-esus/src/presentations/controllers/elderly/__init__.py,Python,bb4283450bb038b0,0,0,1,0,0,0,0.2609254498714653,0.18637532133676094,0.18637532133676094,0.2205222541258212
painel_esus,2024,00cc4bc9bf2ea7a678cc8ba827aa8b11c6d17488,painel-esus/src/presentations/controllers/elderly/elderly_controller.py,Python,4981a3b60af10881,92,30,5,126,8,134,0.8226221079691517,0.9832904884318766,0.8226221079691517,0.8993756136008175
painel_esus,2024,00cc4bc9bf2ea7a678cc8ba827aa8b11c6d17488,painel-esus/src/presentations/controllers/get_units_controller.py,Python,c3f5433aabb3329a,14,2,1,18,0,18,0.2609254498714653,0.5244215938303342,0.2609254498714653,0.3699120710283605
painel_esus,2024,00cc4bc9bf2ea7a678cc8ba827aa8b11c6d17488,painel-esus/src/presentations/controllers/hypertension/__init__.py,Python,f13cb4de0c01bc01,12,0,1,12,0,12,0.2609254498714653,0.18637532133676094,0.18637532133676094,0.2205222541258212
painel_esus,2024,00cc4bc9bf2ea7a678cc8ba827aa8b11c6d17488,painel-esus/src/presentations/controllers/hypertension/hypertension_dashboard_get_age_groups_location.py,Python,08d7457ea0a49d52,20,6,3,32,8,40,0.7095115681233933,0.7005141388174807,0.7005141388174807,0.7049985000870563
painel_esus,2024,00cc4bc9bf2ea7a678cc8ba827aa8b11c6d17488,painel-esus/src/presentations/controllers/hypertension/hypertension_dashboard_get_complications.py,Python,713b5d4ba3966180,20,6,2,32,8,40,0.5822622107969152,0.7005141388174807,0.5822622107969152,0.6386571154871473
painel_esus,2024,00cc4bc9bf2ea7a678cc8ba827aa8b11c6d17488,painel-esus/src/presentations/controllers/hypertension/hypertension_dashboard_get_imc.py,Python,7ffabc91a9ee8171,20,6,2,32,7,39,0.5822622107969152,0.7005141388174807,0.5822622107969152,0.6386571154871473
painel_esus,2024,00cc4bc9bf2ea7a678cc8ba827aa8b11c6d17488,painel-esus/src/presentations/controllers/hypertension/hypertension_dashboard_get_nominal_list.py,Python,56f94ae42e0b36f0,41,18,7,118,64,182,0.8984575835475579,0.9113110539845758,0.8984575835475579,0.9048614962651246
painel_esus,2024,00cc4bc9bf2ea7a678cc8ba827aa8b11c6d17488,painel-esus/src/presentations/controllers/hypertension/hypertension_dashboard_get_profissionals_count.py,Python,5bd31f18be7bbfef,20,6,2,32,7,39,0.5822622107969152,0.7005141388174807,0.5822622107969152,0.6386571154871473
painel_esus,2024,00cc4bc9bf2ea7a678cc8ba827aa8b11c6d17488,painel-esus/src/presentations/controllers/hypertension/hypertension_dashboard_get_total.py,Python,245e5cf47852c26d,20,6,3,33,8,41,0.7095115681233933,0.7005141388174807,0.7005141388174807,0.7049985000870563
painel_esus,2024,00cc4bc9bf2ea7a678cc8ba827aa8b11c6d17488,painel-esus/src/presentations/controllers/hypertension/hypertension_get_age_group_gender.py,Python,2bf59266bc9a43d1,20,6,3,33,9,42,0.7095115681233933,0.7005141388174807,0.7005141388174807,0.7049985000870563
painel_esus,2024,00cc4bc9bf2ea7a678cc8ba827aa8b11c6d17488,painel-esus/src/presentations/controllers/hypertension/hypertension_get_exams_count.py,Python,6b8d201603a037ec,22,6,2,35,8,43,0.5822622107969152,0.7005141388174807,0.5822622107969152,0.6386571154871473
painel_esus,2024,00cc4bc9bf2ea7a678cc8ba827aa8b11c6d17488,painel-esus/src/presentations/controllers/hypertension/hypertension_get_individual_exams_count.py,Python,18984999c137603a,26,8,2,39,8,47,0.5822622107969152,0.7686375321336761,0.5822622107969152,0.6689907239727911
painel_esus,2024,00cc4bc9bf2ea7a678cc8ba827aa8b11c6d17488,painel-esus/src/presentations/controllers/oral_health/__init__.py,Python,e4cb9f438ea2d664,11,0,3,30,18,48,0.7095115681233933,0.18637532133676094,0.18637532133676094,0.36364192071479684
painel_esus,2024,00cc4bc9bf2ea7a678cc8ba827aa8b11c6d17488,painel-esus/src/presentations/controllers/oral_health/oral_health_get_all_cares_by_place.py,Python,65a7df34deae327b,18,4,1,24,0,24,0.2609254498714653,0.6079691516709511,0.2609254498714653,0.398289623776111
painel_esus,2024,00cc4bc9bf2ea7a678cc8ba827aa8b11c6d17488,painel-esus/src/presentations/controllers/oral_health/oral_health_get_cares_by_age_range.py,Python,ef72a6c5903aac10,72,12,2,81,1,82,0.5822622107969152,0.8804627249357326,0.5822622107969152,0.7160029139223918
painel_esus,2024,00cc4bc9bf2ea7a678cc8ba827aa8b11c6d17488,painel-esus/src/presentations/controllers/oral_health/oral_health_get_cares_by_gender.py,Python,f27acf07c5d6a807,64,12,2,72,1,73,0.5822622107969152,0.8804627249357326,0.5822622107969152,0.7160029139223918
painel_esus,2024,00cc4bc9bf2ea7a678cc8ba827aa8b11c6d17488,painel-esus/src/presentations/controllers/oral_health/oral_health_get_cares_by_line_of_services_controller.py,Python,1457c0f2128e792f,28,4,1,34,0,34,0.2609254498714653,0.6079691516709511,0.2609254498714653,0.398289623776111
painel_esus,2024,00cc4bc9bf2ea7a678cc8ba827aa8b11c6d17488,painel-esus/src/presentations/controllers/oral_health/oral_health_get_cares_by_outcome.py,Python,fb63313236b7ec03,30,6,1,35,0,35,0.2609254498714653,0.7005141388174807,0.2609254498714653,0.42753007708496166
painel_esus,2024,00cc4bc9bf2ea7a678cc8ba827aa8b11c6d17488,painel-esus/src/presentations/controllers/oral_health/oral_health_get_cares_by_place.py,Python,e87857aa2c65ef52,34,8,1,40,0,40,0.2609254498714653,0.7686375321336761,0.2609254498714653,0.44783601224116887
painel_esus,2024,00cc4bc9bf2ea7a678cc8ba827aa8b11c6d17488,painel-esus/src/presentations/controllers/oral_health/oral_health_get_cares_by_type_of_services_controller.py,Python,84aadc740a78ce2f,20,4,1,25,0,25,0.2609254498714653,0.6079691516709511,0.2609254498714653,0.398289623776111
painel_esus,2024,00cc4bc9bf2ea7a678cc8ba827aa8b11c6d17488,painel-esus/src/presentations/controllers/oral_health/oral_health_get_total_controller.py,Python,eed37ed577d398b0,18,4,2,27,4,31,0.5822622107969152,0.6079691516709511,0.5822622107969152,0.5949768586661611
painel_esus,2024,00cc4bc9bf2ea7a678cc8ba827aa8b11c6d17488,painel-esus/src/presentations/controllers/oral_health/oral_health_get_total_extraction_proportion.py,Python,5393e3662b48686a,30,4,1,35,0,35,0.2609254498714653,0.6079691516709511,0.2609254498714653,0.398289623776111
painel_esus,2024,00cc4bc9bf2ea7a678cc8ba827aa8b11c6d17488,painel-esus/src/presentations/controllers/smoking/__init__.py,Python,159da66546cb9886,40,10,1,59,0,59,0.2609254498714653,0.8264781491002571,0.2609254498714653,0.4643804290265908
painel_esus,2024,00cc4bc9bf2ea7a678cc8ba827aa8b11c6d17488,painel-esus/src/presentations/controllers/utils/__init__.py,Python,bc82ba138694f1ef,1,0,1,1,0,1,0.2609254498714653,0.18637532133676094,0.18637532133676094,0.2205222541258212
painel_esus,2024,00cc4bc9bf2ea7a678cc8ba827aa8b11c6d17488,painel-esus/src/presentations/controllers/utils/requests_utils.py,Python,5f1c1ed79bac0c9c,21,16,2,25,0,25,0.5822622107969152,0.9023136246786633,0.5822622107969152,0.7248331711073772
painel_esus,2024,00cc4bc9bf2ea7a678cc8ba827aa8b11c6d17488,painel-esus/src/presentations/http_types/__init__.py,Python,bf3a921a010d49c4,2,0,1,2,0,2,0.2609254498714653,0.18637532133676094,0.18637532133676094,0.2205222541258212
painel_esus,2024,00cc4bc9bf2ea7a678cc8ba827aa8b11c6d17488,painel-esus/src/presentations/http_types/http_request.py,Python,ec70c2a01683f354,14,1,1,17,0,17,0.2609254498714653,0.4318766066838046,0.2609254498714653,0.33568973455846635
painel_esus,2024,00cc4bc9bf2ea7a678cc8ba827aa8b11c6d17488,painel-esus/src/presentations/http_types/http_response.py,Python,c6f202733244c938,6,2,1,8,0,8,0.2609254498714653,0.5244215938303342,0.2609254498714653,0.3699120710283605
painel_esus,2024,00cc4bc9bf2ea7a678cc8ba827aa8b11c6d17488,painel-esus/src/presentations/interfaces/__init__.py,Python,40fcda01b94763fb,0,0,1,0,0,0,0.2609254498714653,0.18637532133676094,0.18637532133676094,0.2205222541258212
painel_esus,2024,00cc4bc9bf2ea7a678cc8ba827aa8b11c6d17488,painel-esus/src/presentations/interfaces/controller_interface.py,Python,c8846a421cc6e73b,5,0,1,9,0,9,0.2609254498714653,0.18637532133676094,0.18637532133676094,0.2205222541258212
painel_esus,2024,00cc4bc9bf2ea7a678cc8ba827aa8b11c6d17488,painel-esus/src/presentations/validators/__init__.py,Python,2df4eb63490c6cff,0,0,1,0,0,0,0.2609254498714653,0.18637532133676094,0.18637532133676094,0.2205222541258212
painel_esus,2024,00cc4bc9bf2ea7a678cc8ba827aa8b11c6d17488,painel-esus/src/presentations/validators/base_validation.py,Python,ca44798f98040364,8,2,1,13,0,13,0.2609254498714653,0.5244215938303342,0.2609254498714653,0.3699120710283605
painel_esus,2024,00cc4bc9bf2ea7a678cc8ba827aa8b11c6d17488,painel-esus/src/presentations/validators/dashboard_validator.py,Python,253b50bb7467e24a,14,4,1,22,0,22,0.2609254498714653,0.6079691516709511,0.2609254498714653,0.398289623776111
painel_esus,2024,00cc4bc9bf2ea7a678cc8ba827aa8b11c6d17488,painel-esus/src/presentations/validators/schema/__init__.py,Python,6b2ed00f0dac2a81,0,0,1,0,0,0,0.2609254498714653,0.18637532133676094,0.18637532133676094,0.2205222541258212
painel_esus,2024,00cc4bc9bf2ea7a678cc8ba827aa8b11c6d17488,painel-esus/src/presentations/validators/schema/age_groups_gender_schema.py,Python,f180a90d71bc73ae,42,0,1,42,0,42,0.2609254498714653,0.18637532133676094,0.18637532133676094,0.2205222541258212
painel_esus,2024,00cc4bc9bf2ea7a678cc8ba827aa8b11c6d17488,painel-esus/src/presentations/validators/schema/age_groups_location_schema.py,Python,be1db4d390bde31d,58,0,1,58,0,58,0.2609254498714653,0.18637532133676094,0.18637532133676094,0.2205222541258212
painel_esus,2024,00cc4bc9bf2ea7a678cc8ba827aa8b11c6d17488,painel-esus/src/presentations/validators/schema/hypertension_complications_schema.py,Python,fee12a261067bf7a,33,0,1,34,0,34,0.2609254498714653,0.18637532133676094,0.18637532133676094,0.2205222541258212
painel_esus,2024,00cc4bc9bf2ea7a678cc8ba827aa8b11c6d17488,painel-esus/src/presentations/validators/schema/nominal_list.py,Python,fc040893f0543410,35,0,5,65,30,95,0.8226221079691517,0.18637532133676094,0.18637532133676094,0.39155645788503385
painel_esus,2024,00cc4bc9bf2ea7a678cc8ba827aa8b11c6d17488,painel-esus/src/presentations/validators/schema/professionals_count_schema.py,Python,e4e4377c99f338ba,25,0,1,25,0,25,0.2609254498714653,0.18637532133676094,0.18637532133676094,0.2205222541258212
painel_esus,2025,d21fe44562fd73c4ae46261a40496079b6e94f15,docs/babel.config.js,JavaScript,627db5b57407c89a,3,0,0,0,0,0,0.015625,0.015625,0.015625,0.015625
painel_esus,2025,d21fe44562fd73c4ae46261a40496079b6e94f15,docs/build/assets/js/03f8aa86.48d540b5.js,JavaScript,32ab63df4e54da43,1,10,1,1,0,1,0.3984375,0.5078125,0.3984375,0.44981278657764945
painel_esus,2025,d21fe44562fd73c4ae46261a40496079b6e94f15,docs/build/assets/js/05b1bb0f.bb779979.js,JavaScript,523c9a53aca3380e,1,1,2,2,1,3,0.8671875,0.109375,0.109375,0.30797505225667227
painel_esus,2025,d21fe44562fd73c4ae46261a40496079b6e94f15,docs/build/assets/js/0c6b1ff0.c9142cf8.js,JavaScript,0f34b4cdcce78804,1,1,1,1,0,1,0.3984375,0.109375,0.109375,0.20875608149824043
painel_esus,2025,d21fe44562fd73c4ae46261a40496079b6e94f15,docs/build/assets/js/0d4e30a3.1bce3629.js,JavaScript,fe1bb5698939bf74,1,10,1,1,0,1,0.3984375,0.5078125,0.3984375,0.44981278657764945
painel_esus,2025,d21fe44562fd73c4ae46261a40496079b6e94f15,docs/build/assets/js/0e384e19.0f3edd63.js,JavaScript,8d857f9a5b071e4d,1,10,2,2,1,3,0.8671875,0.5078125,0.5078125,0.663602782049435
painel_esus,2025,d21fe44562fd73c4ae46261a40496079b6e94f15,docs/build/assets/js/14eb3368.cd22787e.js,JavaScript,64e454be78fdb96e,1,62,1,1,0,1,0.3984375,0.9375,0.3984375,0.6111752254877483
painel_esus,2025,d21fe44562fd73c4ae46261a40496079b6e94f15,docs/build/assets/js/17896441.8ebae4c5.js,JavaScript,510df86a82821534,1,77,1,1,0,1,0.3984375,0.953125,0.3984375,0.6162473060285943
painel_esus,2025,d21fe44562fd73c4ae46261a40496079b6e94f15,docs/build/assets/js/1df93b7f.89637b9c.js,JavaScript,6f9e8c792abdd7a6,1,124,1,2,0,2,0.3984375,0.984375,0.3984375,0.6262682444947213
painel_esus,2025,d21fe44562fd73c4ae46261a40496079b6e94f15,docs/build/assets/js/1f06dd88.ebf31a7d.js,JavaScript,56b7d3066f8ea894,1,10,1,1,0,1,0.3984375,0.5078125,0.3984375,0.44981278657764945
painel_esus,2025,d21fe44562fd73c4ae46261a40496079b6e94f15,docs/build/assets/js/1f391b9e.d5a5b571.js,JavaScript,c507dd83818e0a36,1,8,2,2,1,3,0.8671875,0.25,0.25,0.46561451330472936
painel_esus,2025,d21fe44562fd73c4ae46261a40496079b6e94f15,docs/build/assets/js/2237.e0912c96.js,JavaScript,dbcbe686ae7e20d7,1,6,1,1,0,1,0.3984375,0.2265625,0.2265625,0.30045132067233454
painel_esus,2025,d21fe44562fd73c4ae46261a40496079b6e94f15,docs/build/assets/js/25cfa2d0.12c03945.js,JavaScript,42d8a9190e11aef9,1,10,2,2,1,3,0.8671875,0.5078125,0.5078125,0.663602782049435
painel_esus,2025,d21fe44562fd73c4ae46261a40496079b6e94f15,docs/build/assets/js/2674.bf9d4d8a.js,JavaScript,b56521e79ff509b3,1,49,1,1,0,1,0.3984375,0.921875,0.3984375,0.6060606985381085
painel_esus,2025,d21fe44562fd73c4ae46261a40496079b6e94f15,docs/build/assets/js/347e1626.2ef604d0.js,JavaScript,f5dcda9029d0de78,1,10,1,1,0,1,0.3984375,0.5078125,0.3984375,0.44981278657764945
painel_esus,2025,d21fe44562fd73c4ae46261a40496079b6e94f15,docs/build/assets/js/393be207.062e04cf.js,JavaScript,077c264fe3647fa2,1,10,5,4,3,7,1.0,0.5078125,0.5078125,0.7126096406869612
painel_esus,2025,d21fe44562fd73c4ae46261a40496079b6e94f15,docs/build/assets/js/3f869045.3d8267a3.js,JavaScript,ab10442f13d99894,1,10,1,1,0,1,0.3984375,0.5078125,0.3984375,0.44981278657764945
painel_esus,2025,d21fe44562fd73c4ae46261a40496079b6e94f15,docs/build/assets/js/45b01184.4a72f4e7.js,JavaScript,86b336b5c2c4aa94,1,10,1,1,0,1,0.3984375,0.5078125,0.3984375,0.44981278657764945
painel_esus,2025,d21fe44562fd73c4ae46261a40496079b6e94f15,docs/build/assets/js/48c4603c.213a6bba.js,JavaScript,c1d6d686e98c475a,1,20,1,1,0,1,0.3984375,0.796875,0.3984375,0.5634757162580301
painel_esus,2025,d21fe44562fd73c4ae46261a40496079b6e94f15,docs/build/assets/js/4acfc5a7.fd19c24d.js,JavaScript,4c05c6483845ad3e,1,10,1,1,0,1,0.3984375,0.5078125,0.3984375,0.44981278657764945
painel_esus,2025,d21fe44562fd73c4ae46261a40496079b6e94f15,docs/build/assets/js/4bb00101.a31fc3ef.js,JavaScript,7374dd2d60fbab50,1,10,1,1,0,1,0.3984375,0.5078125,0.3984375,0.44981278657764945
painel_esus,2025,d21fe44562fd73c4ae46261a40496079b6e94f15,docs/build/assets/js/518a2edf.6ba9f550.js,JavaScript,53f15b91cb0056bd,1,10,1,1,0,1,0.3984375,0.5078125,0.3984375,0.44981278657764945
painel_esus,2025,d21fe44562fd73c4ae46261a40496079b6e94f15,docs/build/assets/js/53e716f2.b87e5ee5.js,JavaScript,e7ea84c070d22899,1,10,1,1,0,1,0.3984375,0.5078125,0.3984375,0.44981278657764945
painel_esus,2025,d21fe44562fd73c4ae46261a40496079b6e94f15,docs/build/assets/js/5b9e6acc.d54c0f7c.js,JavaScript,341902c88cd9e552,1,10,1,1,0,1,0.3984375,0.5078125,0.3984375,0.44981278657764945
painel_esus,2025,d21fe44562fd73c4ae46261a40496079b6e94f15,docs/build/assets/js/5d1b3a97.d86f3c7d.js,JavaScript,779a1213e1531e3c,1,24,1,1,0,1,0.3984375,0.8359375,0.3984375,0.5771211724207058
painel_esus,2025,d21fe44562fd73c4ae46261a40496079b6e94f15,docs/build/assets/js/5e5dfb8d.9f477a54.js,JavaScript,353a597a57fc2a6a,1,10,1,1,0,1,0.3984375,0.5078125,0.3984375,0.44981278657764945
painel_esus,2025,d21fe44562fd73c4ae46261a40496079b6e94f15,docs/build/assets/js/5e95c892.d2840d6b.js,JavaScript,7a5214d3c8107775,1,3,1,1,0,1,0.3984375,0.203125,0.203125,0.28448658525051757
painel_esus,2025,d21fe44562fd73c4ae46261a40496079b6e94f15,docs/build/assets/js/605cbf4d.3bf8a5f2.js,JavaScript,34a8266daa2cd0a5,1,10,1,1,0,1,0.3984375,0.5078125,0.3984375,0.44981278657764945
painel_esus,2025,d21fe44562fd73c4ae46261a40496079b6e94f15,docs/build/assets/js/60ab1ec7.ee8ad833.js,JavaScript,ef8d124082d9879e,1,10,2,2,1,3,0.8671875,0.5078125,0.5078125,0.663602782049435
painel_esus,2025,d21fe44562fd73c4ae46261a40496079b6e94f15,docs/build/assets/js/633e8f44.99b50741.js,JavaScript,8a81b453b3d05590,1,1,1,1,0,1,0.3984375,0.109375,0.109375,0.20875608149824043
painel_esus,2025,d21fe44562fd73c4ae46261a40496079b6e94f15,docs/build/assets/js/677d941a.7237b67f.js,JavaScript,20d006a4ce14357b,1,1,1,1,0,1,0.3984375,0.109375,0.109375,0.20875608149824043
painel_esus,2025,d21fe44562fd73c4ae46261a40496079b6e94f15,docs/build/assets/js/770ecaaa.435c88a7.js,JavaScript,61d9190fae2956c6,1,14,2,2,1,3,0.8671875,0.78125,0.78125,0.8230979494416202
painel_esus,2025,d21fe44562fd73c4ae46261a40496079b6e94f15,docs/build/assets/js/785cc16e.774d37a9.js,JavaScript,18f4e714c44421d4,1,1,1,1,0,1,0.3984375,0.109375,0.109375,0.20875608149824043
painel_esus,2025,d21fe44562fd73c4ae46261a40496079b6e94f15,docs/build/assets/js/7ce43649.7f951f07.js,JavaScript,8f7fb74b161d9fcd,1,26,1,1,0,1,0.3984375,0.875,0.3984375,0.5904513633653495
painel_esus,2025,d21fe44562fd73c4ae46261a40496079b6e94f15,docs/build/assets/js/848b2bf5.14dbe98d.js,JavaScript,184c6acf634af649,1,10,1,1,0,1,0.3984375,0.5078125,0.3984375,0.44981278657764945
painel_esus,2025,d21fe44562fd73c4ae46261a40496079b6e94f15,docs/build/assets/js/8535be3f.8437adb1.js,JavaScript,d43adc78d297f7aa,1,22,1,1,0,1,0.3984375,0.8125,0.3984375,0.5689731705010351
painel_esus,2025,d21fe44562fd73c4ae46261a40496079b6e94f15,docs/build/assets/js/87cdc5da.8b89acb9.js,JavaScript,30c5d30f5c42ae92,1,10,2,2,1,3,0.8671875,0.5078125,0.5078125,0.663602782049435
painel_esus,2025,d21fe44562fd73c4ae46261a40496079b6e94f15,docs/build/assets/js/8c6880b9.5bce625e.js,JavaScript,efb703a3efc4f83f,1,10,1,1,0,1,0.3984375,0.5078125,0.3984375,0.44981278657764945
painel_esus,2025,d21fe44562fd73c4ae46261a40496079b6e94f15,docs/build/assets/js/90f73276.6018cea3.js,JavaScript,7089fa2351b2a4c0,1,10,1,1,0,1,0.3984375,0.5078125,0.3984375,0.44981278657764945
painel_esus,2025,d21fe44562fd73c4ae46261a40496079b6e94f15,docs/build/assets/js/9157a3c8.72448b7f.js,JavaScript,4c1a325e5fae2baf,1,10,1,1,0,1,0.3984375,0.5078125,0.3984375,0.44981278657764945
painel_esus,2025,d21fe44562fd73c4ae46261a40496079b6e94f15,docs/build/assets/js/935f2afb.6b8dc9e2.js,JavaScript,4b9d040859408833,1,1,1,1,0,1,0.3984375,0.109375,0.109375,0.20875608149824043
painel_esus,2025,d21fe44562fd73c4ae46261a40496079b6e94f15,docs/build/assets/js/94918125.da844703.js,JavaScript,e098a7283e957e8d,1,10,1,1,0,1,0.3984375,0.5078125,0.3984375,0.44981278657764945
painel_esus,2025,d21fe44562fd73c4ae46261a40496079b6e94f15,docs/build/assets/js/9b62edb6.94c736d6.js,JavaScript,130e8c61ab26e385,1,1,4,3,2,5,0.9765625,0.109375,0.109375,0.3268203228648733
painel_esus,2025,d21fe44562fd73c4ae46261a40496079b6e94f15,docs/build/assets/js/9d79f67f.65c31ade.js,JavaScript,44d247bdf6651544,1,1,1,1,0,1,0.3984375,0.109375,0.109375,0.20875608149824043
painel_esus,2025,d21fe44562fd73c4ae46261a40496079b6e94f15,docs/build/assets/js/a7bd4aaa.ad7f231a.js,JavaScript,15eb0ecdd7249497,1,6,2,2,1,3,0.8671875,0.2265625,0.2265625,0.44325181101575883
painel_esus,2025,d21fe44562fd73c4ae46261a40496079b6e94f15,docs/build/assets/js/a94703ab.78ca9379.js,JavaScript,2f52052d65818ce4,1,1,1,1,0,1,0.3984375,0.109375,0.109375,0.20875608149824043
painel_esus,2025,d21fe44562fd73c4ae46261a40496079b6e94f15,docs/build/assets/js/aaadc385.99ea847e.js,JavaScript,91d5cc59a25947e7,1,26,1,1,0,1,0.3984375,0.875,0.3984375,0.5904513633653495
painel_esus,2025,d21fe44562fd73c4ae46261a40496079b6e94f15,docs/build/assets/js/aeddf86d.8e3e9d42.js,JavaScript,8afca1a84484611c,1,10,1,1,0,1,0.3984375,0.5078125,0.3984375,0.44981278657764945
painel_esus,2025,d21fe44562fd73c4ae46261a40496079b6e94f15,docs/build/assets/js/b5b43621.13069e64.js,JavaScript,3936fcc85cc9baee,1,1,1,1,0,1,0.3984375,0.109375,0.109375,0.20875608149824043
painel_esus,2025,d21fe44562fd73c4ae46261a40496079b6e94f15,docs/build/assets/js/b833c076.d8555d96.js,JavaScript,7019b9d23ea479cc,1,10,2,2,1,3,0.8671875,0.5078125,0.5078125,0.663602782049435
painel_esus,2025,d21fe44562fd73c4ae46261a40496079b6e94f15,docs/build/assets/js/bc19aa84.65765fe4.js,JavaScript,da0e621c36f34aaa,1,10,1,1,0,1,0.3984375,0.5078125,0.3984375,0.44981278657764945
painel_esus,2025,d21fe44562fd73c4ae46261a40496079b6e94f15,docs/build/assets/js/bc7c908a.53ca4848.js,JavaScript,a4edd5ea046a6f3c,1,10,1,1,0,1,0.3984375,0.5078125,0.3984375,0.44981278657764945
painel_esus,2025,d21fe44562fd73c4ae46261a40496079b6e94f15,docs/build/assets/js/bfb5b62d.12cce4e5.js,JavaScript,335a11ce4b06f1a4,1,1,4,3,2,5,0.9765625,0.109375,0.109375,0.3268203228648733
painel_esus,2025,d21fe44562fd73c4ae46261a40496079b6e94f15,docs/build/assets/js/c6a76dc3.3dde3c63.js,JavaScript,237e45db9e428e45,1,12,1,1,0,1,0.3984375,0.765625,0.3984375,0.5523166763166761
painel_esus,2025,d21fe44562fd73c4ae46261a40496079b6e94f15,docs/build/assets/js/c7c75439.93275517.js,JavaScript,864788cb5af12446,1,10,2,2,1,3,0.8671875,0.5078125,0.5078125,0.663602782049435
painel_esus,2025,d21fe44562fd73c4ae46261a40496079b6e94f15,docs/build/assets/js/cbf01dd4.079dffb2.js,JavaScript,16a45d09c2c60b4f,1,10,1,1,0,1,0.3984375,0.5078125,0.3984375,0.44981278657764945
painel_esus,2025,d21fe44562fd73c4ae46261a40496079b6e94f15,docs/build/assets/js/e3efd2ca.7398f657.js,JavaScript,93a6d73af86b643b,1,10,2,2,1,3,0.8671875,0.5078125,0.5078125,0.663602782049435
painel_esus,2025,d21fe44562fd73c4ae46261a40496079b6e94f15,docs/build/assets/js/e703b7d5.130df004.js,JavaScript,83a7d8f5f6b8a5f2,1,24,1,1,0,1,0.3984375,0.8359375,0.3984375,0.5771211724207058
painel_esus,2025,d21fe44562fd73c4ae46261a40496079b6e94f15,docs/build/assets/js/ed54a5c6.44351b33.js,JavaScript,28d94daa77cf5de5,1,26,1,1,0,1,0.3984375,0.875,0.3984375,0.5904513633653495
painel_esus,2025,d21fe44562fd73c4ae46261a40496079b6e94f15,docs/build/assets/js/ef559287.e9176145.js,JavaScript,c0f0de8d3dfbd7a3,1,10,2,2,1,3,0.8671875,0.5078125,0.5078125,0.663602782049435
painel_esus,2025,d21fe44562fd73c4ae46261a40496079b6e94f15,docs/build/assets/js/fa36c202.589356c7.js,JavaScript,c92c7b2c26b6c629,1,28,1,1,0,1,0.3984375,0.90625,0.3984375,0.6009026413446691
painel_esus,2025,d21fe44562fd73c4ae46261a40496079b6e94f15,docs/build/assets/js/ffbcd348.c23d6f3e.js,JavaScript,66ac50b55154f651,1,10,1,1,0,1,0.3984375,0.5078125,0.3984375,0.44981278657764945
painel_esus,2025,d21fe44562fd73c4ae46261a40496079b6e94f15,docs/build/assets/js/main.f39d45c7.js,JavaScript,372be04643bfadd4,1,160,1,2,0,2,0.3984375,1.0,0.3984375,0.6312190586476298
painel_esus,2025,d21fe44562fd73c4ae46261a40496079b6e94f15,docs/build/assets/js/runtime~main.4dcf861f.js,JavaScript,ce42895204866166,1,95,1,1,0,1,0.3984375,0.96875,0.3984375,0.6212779797522201
painel_esus,2025,d21fe44562fd73c4ae46261a40496079b6e94f15,docs/docusaurus.config.ts,TypeScript,2d41947533ee83b7,122,0,3,49,43,92,0.9838709677419355,0.3709677419354839,0.3709677419354839,0.6041393806557432
painel_esus,2025,d21fe44562fd73c4ae46261a40496079b6e94f15,docs/sidebars.ts,TypeScript,1bce86fa0ff4f8cc,5,0,0,0,0,0,0.1935483870967742,0.3709677419354839,0.1935483870967742,0.26795560848122824
painel_esus,2025,d21fe44562fd73c4ae46261a40496079b6e94f15,paineis-v2-front/.storybook/main.ts,TypeScript,36e3c0fa469e8e3e,17,0,1,18,0,18,0.6612903225806451,0.3709677419354839,0.3709677419354839,0.49529524299303507
painel_esus,2025,d21fe44562fd73c4ae46261a40496079b6e94f15,paineis-v2-front/.storybook/preview.ts,TypeScript,1fda9349bf7666fc,12,0,1,14,0,14,0.6612903225806451,0.3709677419354839,0.3709677419354839,0.49529524299303507
painel_esus,2025,d21fe44562fd73c4ae46261a40496079b6e94f15,paineis-v2-front/src/assets/content/content.ts,TypeScript,b66f94736f0f4b78,221,0,3,165,34,199,0.9838709677419355,0.3709677419354839,0.3709677419354839,0.6041393806557432
painel_esus,2025,d21fe44562fd73c4ae46261a40496079b6e94f15,paineis-v2-front/src/components/charts/charts.types.ts,TypeScript,40646678b051af65,90,0,1,49,3,52,0.6612903225806451,0.3709677419354839,0.3709677419354839,0.49529524299303507
painel_esus,2025,d21fe44562fd73c4ae46261a40496079b6e94f15,paineis-v2-front/src/components/charts/diabetes.mock.ts,TypeScript,8fade5d206edc879,200,0,1,202,0,202,0.6612903225806451,0.3709677419354839,0.3709677419354839,0.49529524299303507
painel_esus,2025,d21fe44562fd73c4ae46261a40496079b6e94f15,paineis-v2-front/src/components/charts/hipertensao.mock.ts,TypeScript,ff903a237ec65922,200,0,1,202,0,202,0.6612903225806451,0.3709677419354839,0.3709677419354839,0.49529524299303507
painel_esus,2025,d21fe44562fd73c4ae46261a40496079b6e94f15,paineis-v2-front/src/components/charts/home.mock.ts,TypeScript,bda0a44e12d6b79d,197,0,1,199,0,199,0.6612903225806451,0.3709677419354839,0.3709677419354839,0.49529524299303507
painel_esus,2025,d21fe44562fd73c4ae46261a40496079b6e94f15,paineis-v2-front/src/components/charts/idoso-v2.mock.ts,TypeScript,da63624429f5d764,154,0,1,156,0,156,0.6612903225806451,0.3709677419354839,0.3709677419354839,0.49529524299303507
painel_esus,2025,d21fe44562fd73c4ae46261a40496079b6e94f15,paineis-v2-front/src/components/charts/idoso.mock.ts,TypeScript,666be8650c9ca4a3,128,0,0,0,0,0,0.1935483870967742,0.3709677419354839,0.1935483870967742,0.26795560848122824
painel_esus,2025,d21fe44562fd73c4ae46261a40496079b6e94f15,paineis-v2-front/src/components/charts/index.ts,TypeScript,4027dd8a3f6e1dbf,8,0,1,2,1,3,0.6612903225806451,0.3709677419354839,0.3709677419354839,0.49529524299303507
painel_esus,2025,d21fe44562fd73c4ae46261a40496079b6e94f15,paineis-v2-front/src/components/charts/infantil-v2.mock.ts,TypeScript,8b4e673b5d494516,227,0,1,229,0,229,0.6612903225806451,0.3709677419354839,0.3709677419354839,0.49529524299303507
painel_esus,2025,d21fe44562fd73c4ae46261a40496079b6e94f15,paineis-v2-front/src/components/charts/qualidade.mock.ts,TypeScript,9243caa7f98a85eb,102,0,0,0,0,0,0.1935483870967742,0.3709677419354839,0.1935483870967742,0.26795560848122824
painel_esus,2025,d21fe44562fd73c4ae46261a40496079b6e94f15,paineis-v2-front/src/components/charts/saude-bucal-v2.mock.ts,TypeScript,1f22914b04da80f6,133,0,1,135,0,135,0.6612903225806451,0.3709677419354839,0.3709677419354839,0.49529524299303507
painel_esus,2025,d21fe44562fd73c4ae46261a40496079b6e94f15,paineis-v2-front/src/components/charts/tabagismo.mock.ts,TypeScript,1fd355f2aec59ba1,142,0,0,0,0,0,0.1935483870967742,0.3709677419354839,0.1935483870967742,0.26795560848122824
painel_esus,2025,d21fe44562fd73c4ae46261a40496079b6e94f15,paineis-v2-front/src/components/ui/index.ts,TypeScript,2a8dce9fb210d0d9,8,0,1,8,0,8,0.6612903225806451,0.3709677419354839,0.3709677419354839,0.49529524299303507
painel_esus,2025,d21fe44562fd73c4ae46261a40496079b6e94f15,paineis-v2-front/src/config/stale-time.ts,TypeScript,cc4b8c3d6dd125e2,1,0,0,0,0,0,0.1935483870967742,0.3709677419354839,0.1935483870967742,0.26795560848122824
painel_esus,2025,d21fe44562fd73c4ae46261a40496079b6e94f15,paineis-v2-front/src/context/AuthProvider/types.ts,TypeScript,4922da0d70b8ce00,14,0,0,0,0,0,0.1935483870967742,0.3709677419354839,0.1935483870967742,0.26795560848122824
painel_esus,2025,d21fe44562fd73c4ae46261a40496079b6e94f15,paineis-v2-front/src/context/AuthProvider/util.ts,TypeScript,15ef9c34c2302284,33,10,0,0,0,0,0.1935483870967742,0.8709677419354839,0.1935483870967742,0.4105781310115437
painel_esus,2025,d21fe44562fd73c4ae46261a40496079b6e94f15,paineis-v2-front/src/pages/SindromesAgudas/chart-data.ts,TypeScript,a79e5f8f30827dc5,169,18,0,0,0,0,0.1935483870967742,0.967741935483871,0.1935483870967742,0.43278735048383027
painel_esus,2025,d21fe44562fd73c4ae46261a40496079b6e94f15,paineis-v2-front/src/react-app-env.d.ts,TypeScript,957956ed3a557c0b,0,0,0,0,0,0,0.1935483870967742,0.3709677419354839,0.1935483870967742,0.26795560848122824
painel_esus,2025,d21fe44562fd73c4ae46261a40496079b6e94f15,paineis-v2-front/src/services/api.ts,TypeScript,11fd4ac1543a49b7,55,13,1,1,1,2,0.6612903225806451,0.9354838709677419,0.6612903225806451,0.786528086466878
painel_esus,2025,d21fe44562fd73c4ae46261a40496079b6e94f15,paineis-v2-front/src/services/api2.ts,TypeScript,52caf31b0b2bf964,34,8,1,1,1,2,0.6612903225806451,0.8387096774193549,0.6612903225806451,0.7447352503622707
painel_esus,2025,d21fe44562fd73c4ae46261a40496079b6e94f15,paineis-v2-front/src/services/demographicParser.ts,TypeScript,55e7e4bce6d5f854,67,6,1,0,90,90,0.6612903225806451,0.7903225806451613,0.6612903225806451,0.7229333816456441
painel_esus,2025,d21fe44562fd73c4ae46261a40496079b6e94f15,paineis-v2-front/src/stories/Button.stories.ts,TypeScript,f5bb702f1f59ddc5,40,0,1,53,0,53,0.6612903225806451,0.3709677419354839,0.3709677419354839,0.49529524299303507
painel_esus,2025,d21fe44562fd73c4ae46261a40496079b6e94f15,paineis-v2-front/src/utils/chartTitleUtils.ts,TypeScript,808e02847fbda820,10,6,1,12,0,12,0.6612903225806451,0.7903225806451613,0.6612903225806451,0.7229333816456441
painel_esus,2025,d21fe44562fd73c4ae46261a40496079b6e94f15,paineis-v2-front/src/utils/index.ts,TypeScript,f3eeaee4c1eb4107,221,53,1,26,3,29,0.6612903225806451,1.0,0.6612903225806451,0.8131975913519697
painel_esus,2025,d21fe44562fd73c4ae46261a40496079b6e94f15,paineis-v2-front/src/utils/reports.ts,TypeScript,f79e83c25d8c5158,7,3,0,0,0,0,0.1935483870967742,0.7419354838709677,0.1935483870967742,0.3789464556280881
painel_esus,2025,d21fe44562fd73c4ae46261a40496079b6e94f15,paineis-v2-front/src/utils/stringUtils.ts,TypeScript,30f9246ee548ac04,29,11,0,0,0,0,0.1935483870967742,0.9032258064516129,0.1935483870967742,0.4181123031230877
painel_esus,2025,d21fe44562fd73c4ae46261a40496079b6e94f15,paineis-v2-front/src/utils/viewTypeEnum.ts,TypeScript,3954e4b0936279fb,5,0,1,5,0,5,0.6612903225806451,0.3709677419354839,0.3709677419354839,0.49529524299303507
painel_esus,2025,d21fe44562fd73c4ae46261a40496079b6e94f15,painel-esus/cache.py,Python,0d9137710e611190,3,0,1,1,1,2,0.64625,0.195,0.195,0.35499119707395566
painel_esus,2025,d21fe44562fd73c4ae46261a40496079b6e94f15,painel-esus/export_logs.py,Python,96ecf148d286339e,93,0,1,98,0,98,0.64625,0.195,0.195,0.35499119707395566
painel_esus,2025,d21fe44562fd73c4ae46261a40496079b6e94f15,painel-esus/export_logs_2.py,Python,a0392f5ee95c7f8c,24,0,1,32,0,32,0.64625,0.195,0.195,0.35499119707395566
painel_esus,2025,d21fe44562fd73c4ae46261a40496079b6e94f15,painel-esus/generate_ssl_certs.py,Python,81591986d458ddf3,1,0,1,1,0,1,0.64625,0.195,0.195,0.35499119707395566
painel_esus,2025,d21fe44562fd73c4ae46261a40496079b6e94f15,painel-esus/interface.py,Python,29d104670dbe21d7,3,0,1,1,678,679,0.64625,0.195,0.195,0.35499119707395566
painel_esus,2025,d21fe44562fd73c4ae46261a40496079b6e94f15,painel-esus/interface/__init__.py,Python,6c1599b3286d502a,0,0,1,0,0,0,0.64625,0.195,0.195,0.35499119707395566
painel_esus,2025,d21fe44562fd73c4ae46261a40496079b6e94f15,painel-esus/interface/__main__.py,Python,1e097940c4f58ac1,620,64,1,786,0,786,0.64625,0.9975,0.64625,0.8028912597606228
painel_esus,2025,d21fe44562fd73c4ae46261a40496079b6e94f15,painel-esus/interface/env.py,Python,719105e0aca7884b,103,0,1,103,0,103,0.64625,0.195,0.195,0.35499119707395566
painel_esus,2025,d21fe44562fd73c4ae46261a40496079b6e94f15,painel-esus/local_ssl/__init__.py,Python,0bad56d058215adc,0,0,1,0,0,0,0.64625,0.195,0.195,0.35499119707395566
painel_esus,2025,d21fe44562fd73c4ae46261a40496079b6e94f15,painel-esus/local_ssl/__main__.py,Python,0c86d82f5179e6a2,35,0,1,45,0,45,0.64625,0.195,0.195,0.35499119707395566
painel_esus,2025,d21fe44562fd73c4ae46261a40496079b6e94f15,painel-esus/parquet_db.py,Python,f53ca37d7ad1d7cc,18,3,1,1,1,2,0.64625,0.6175,0.6175,0.6317114649901489
painel_esus,2025,d21fe44562fd73c4ae46261a40496079b6e94f15,painel-esus/run.py,Python,42a83368a0a52ecb,30,0,1,24,2,26,0.64625,0.195,0.195,0.35499119707395566
painel_esus,2025,d21fe44562fd73c4ae46261a40496079b6e94f15,painel-esus/setup.py,Python,f148033208d297bf,2,0,1,3,0,3,0.64625,0.195,0.195,0.35499119707395566
painel_esus,2025,d21fe44562fd73c4ae46261a40496079b6e94f15,painel-esus/setup/__init__.py,Python,9f24b91acc9bc471,0,0,1,0,0,0,0.64625,0.195,0.195,0.35499119707395566
painel_esus,2025,d21fe44562fd73c4ae46261a40496079b6e94f15,painel-esus/setup/__main__.py,Python,fc4e0967df66eb4b,81,7,1,104,0,104,0.64625,0.77375,0.64625,0.7071321923798972
painel_esus,2025,d21fe44562fd73c4ae46261a40496079b6e94f15,painel-esus/src/__init__.py,Python,794345efab5badfb,0,0,0,0,0,0,0.2075,0.195,0.195,0.2011529268989144
painel_esus,2025,d21fe44562fd73c4ae46261a40496079b6e94f15,painel-esus/src/data/__init__.py,Python,af5b34dbeec40655,0,0,0,0,0,0,0.2075,0.195,0.195,0.2011529268989144
painel_esus,2025,d21fe44562fd73c4ae46261a40496079b6e94f15,painel-esus/src/data/interfaces/__init__.py,Python,08ad45323594ce88,0,0,0,0,0,0,0.2075,0.195,0.195,0.2011529268989144
painel_esus,2025,d21fe44562fd73c4ae46261a40496079b6e94f15,painel-esus/src/data/interfaces/city_information_repository.py,Python,2bdbcca41b8b043c,16,4,2,20,5,25,0.93375,0.6525,0.6525,0.7805586941415744
painel_esus,2025,d21fe44562fd73c4ae46261a40496079b6e94f15,painel-esus/src/data/interfaces/create_bases/__init__.py,Python,09683583959e6945,0,0,0,0,0,0,0.2075,0.195,0.195,0.2011529268989144
painel_esus,2025,d21fe44562fd73c4ae46261a40496079b6e94f15,painel-esus/src/data/interfaces/create_bases/create_bases_repository.py,Python,799a4a5e38ebf0bf,6,1,1,9,1,10,0.64625,0.42,0.42,0.5209846446873458
painel_esus,2025,d21fe44562fd73c4ae46261a40496079b6e94f15,painel-esus/src/data/interfaces/demographic_repository.py,Python,6d43d7368de9ea01,54,8,2,28,23,51,0.93375,0.79625,0.79625,0.8622635545469842
painel_esus,2025,d21fe44562fd73c4ae46261a40496079b6e94f15,painel-esus/src/data/interfaces/login_repository.py,Python,776cf70498c4b965,5,0,0,0,0,0,0.2075,0.195,0.195,0.2011529268989144
painel_esus,2025,d21fe44562fd73c4ae46261a40496079b6e94f15,painel-esus/src/data/interfaces/oral_health_all_cares_repository.py,Python,ea100df7733412f1,5,0,0,0,0,0,0.2075,0.195,0.195,0.2011529268989144
painel_esus,2025,d21fe44562fd73c4ae46261a40496079b6e94f15,painel-esus/src/data/interfaces/oral_health_dashboard_repository.py,Python,b190b8deb20f8170,62,9,2,76,16,92,0.93375,0.82125,0.82125,0.8756952594938493
painel_esus,2025,d21fe44562fd73c4ae46261a40496079b6e94f15,painel-esus/src/data/interfaces/smoking_repository.py,Python,16140d308f12d40b,16,0,0,0,0,0,0.2075,0.195,0.195,0.2011529268989144
painel_esus,2025,d21fe44562fd73c4ae46261a40496079b6e94f15,painel-esus/src/data/use_cases/__init__.py,Python,a621899055a8143b,0,0,0,0,0,0,0.2075,0.195,0.195,0.2011529268989144
painel_esus,2025,d21fe44562fd73c4ae46261a40496079b6e94f15,painel-esus/src/data/use_cases/city_informations.py,Python,63d21cd002e02f7b,20,7,1,5,0,5,0.64625,0.77375,0.64625,0.7071321923798972
painel_esus,2025,d21fe44562fd73c4ae46261a40496079b6e94f15,painel-esus/src/data/use_cases/create_bases/__init__.py,Python,aa6a00e8b3bc689f,0,0,0,0,0,0,0.2075,0.195,0.195,0.2011529268989144
painel_esus,2025,d21fe44562fd73c4ae46261a40496079b6e94f15,painel-esus/src/data/use_cases/create_bases/create_bases_usecase.py,Python,580b41e88b2ce355,26,4,1,26,14,40,0.64625,0.6525,0.64625,0.6493674807071879
painel_esus,2025,d21fe44562fd73c4ae46261a40496079b6e94f15,painel-esus/src/data/use_cases/create_bases/create_cache.py,Python,e49bf4fab69e871b,105,19,1,40,28,68,0.64625,0.905,0.64625,0.7647589489505827
painel_esus,2025,d21fe44562fd73c4ae46261a40496079b6e94f15,painel-esus/src/data/use_cases/demographic/__init__.py,Python,30c2b344f7fd2f0f,0,0,1,0,0,0,0.64625,0.195,0.195,0.35499119707395566
painel_esus,2025,d21fe44562fd73c4ae46261a40496079b6e94f15,painel-esus/src/data/use_cases/demographic/get_age_groups.py,Python,cec12360a3eff451,12,2,1,16,0,16,0.64625,0.5275,0.5275,0.5838637469478646
painel_esus,2025,d21fe44562fd73c4ae46261a40496079b6e94f15,painel-esus/src/data/use_cases/demographic/get_gender.py,Python,3135b1e7e6a44e66,13,2,1,17,0,17,0.64625,0.5275,0.5275,0.5838637469478646
painel_esus,2025,d21fe44562fd73c4ae46261a40496079b6e94f15,painel-esus/src/data/use_cases/demographic/get_ibge_population.py,Python,16f8b2492bdf4523,8,2,1,11,0,11,0.64625,0.5275,0.5275,0.5838637469478646
painel_esus,2025,d21fe44562fd73c4ae46261a40496079b6e94f15,painel-esus/src/data/use_cases/demographic/get_location_area.py,Python,d46fa0dfb6150fc6,30,6,1,38,0,38,0.64625,0.74875,0.64625,0.6956146113330283
painel_esus,2025,d21fe44562fd73c4ae46261a40496079b6e94f15,painel-esus/src/data/use_cases/demographic/get_total_people.py,Python,1d171a904e330439,14,2,1,18,0,18,0.64625,0.5275,0.5275,0.5838637469478646
painel_esus,2025,d21fe44562fd73c4ae46261a40496079b6e94f15,painel-esus/src/data/use_cases/diseases_dashboard/__init__.py,Python,012d285706342a20,0,0,0,0,0,0,0.2075,0.195,0.195,0.2011529268989144
painel_esus,2025,d21fe44562fd73c4ae46261a40496079b6e94f15,painel-esus/src/data/use_cases/diseases_dashboard/diabetes_nominal_list.py,Python,195e0ccfb86e89a7,28,8,1,4,3,7,0.64625,0.79625,0.64625,0.7173399211670852
painel_esus,2025,d21fe44562fd73c4ae46261a40496079b6e94f15,painel-esus/src/data/use_cases/diseases_dashboard/hypertension_nominal_list.py,Python,4c724f67003a85b5,30,8,1,3,2,5,0.64625,0.79625,0.64625,0.7173399211670852
painel_esus,2025,d21fe44562fd73c4ae46261a40496079b6e94f15,painel-esus/src/data/use_cases/login.py,Python,b6ac666e4aac533b,33,12,0,0,0,0,0.2075,0.85625,0.2075,0.42151141740171166
painel_esus,2025,d21fe44562fd73c4ae46261a40496079b6e94f15,painel-esus/src/data/use_cases/oral_health/__init__.py,Python,4e0719dbf984a3ed,0,0,0,0,0,0,0.2075,0.195,0.195,0.2011529268989144
painel_esus,2025,d21fe44562fd73c4ae46261a40496079b6e94f15,painel-esus/src/data/use_cases/oral_health/oral_health_use_case.py,Python,15ec064d66c52226,112,15,1,128,0,128,0.64625,0.87625,0.64625,0.7525134965567063
painel_esus,2025,d21fe44562fd73c4ae46261a40496079b6e94f15,painel-esus/src/data/use_cases/smoking/__init__.py,Python,ea8fda6d46e10100,0,0,0,0,0,0,0.2075,0.195,0.195,0.2011529268989144
painel_esus,2025,d21fe44562fd73c4ae46261a40496079b6e94f15,painel-esus/src/data/use_cases/smoking/smoking_use_case.py,Python,ee6307327dd6f424,19,7,0,0,0,0,0.2075,0.77375,0.2075,0.4006908097274007
painel_esus,2025,d21fe44562fd73c4ae46261a40496079b6e94f15,painel-esus/src/domain/__init__.py,Python,5bbd33cf3108c909,0,0,0,0,0,0,0.2075,0.195,0.195,0.2011529268989144
painel_esus,2025,d21fe44562fd73c4ae46261a40496079b6e94f15,painel-esus/src/domain/dict_types/__init__.py,Python,4d85747cdbd040a5,1,0,0,0,0,0,0.2075,0.195,0.195,0.2011529268989144
painel_esus,2025,d21fe44562fd73c4ae46261a40496079b6e94f15,painel-esus/src/domain/dict_types/age_groups_location.py,Python,2eb3af5ea4929cfb,4,0,0,0,0,0,0.2075,0.195,0.195,0.2011529268989144
painel_esus,2025,d21fe44562fd73c4ae46261a40496079b6e94f15,painel-esus/src/domain/dict_types/disease_dashboard_total.py,Python,c5bf6fbfb7e64c3f,3,0,0,0,0,0,0.2075,0.195,0.195,0.2011529268989144
painel_esus,2025,d21fe44562fd73c4ae46261a40496079b6e94f15,painel-esus/src/domain/entities/__init__.py,Python,cfeceb7b01cbcf98,0,0,0,0,0,0,0.2075,0.195,0.195,0.2011529268989144
painel_esus,2025,d21fe44562fd73c4ae46261a40496079b6e94f15,painel-esus/src/domain/entities/user_payload.py,Python,b43a2362542b5189,21,2,0,0,0,0,0.2075,0.5275,0.2075,0.33084172953241553
painel_esus,2025,d21fe44562fd73c4ae46261a40496079b6e94f15,painel-esus/src/domain/use_cases/__init__.py,Python,7df1ede6e99029e2,0,0,0,0,0,0,0.2075,0.195,0.195,0.2011529268989144
painel_esus,2025,d21fe44562fd73c4ae46261a40496079b6e94f15,painel-esus/src/domain/use_cases/children/__init__.py,Python,2d6e8ce3abc6100a,0,0,1,0,0,0,0.64625,0.195,0.195,0.35499119707395566
painel_esus,2025,d21fe44562fd73c4ae46261a40496079b6e94f15,painel-esus/src/domain/use_cases/children/children_use_case.py,Python,36916573a3bd4462,61,15,1,79,0,79,0.64625,0.87625,0.64625,0.7525134965567063
painel_esus,2025,d21fe44562fd73c4ae46261a40496079b6e94f15,painel-esus/src/domain/use_cases/children/children_use_case_impl.py,Python,0ffbb37d7228e4d8,47,16,1,65,0,65,0.64625,0.88625,0.64625,0.7567952579793296
painel_esus,2025,d21fe44562fd73c4ae46261a40496079b6e94f15,painel-esus/src/domain/use_cases/city_nformations.py,Python,692ea80d1d655b1e,7,0,0,0,0,0,0.2075,0.195,0.195,0.2011529268989144
painel_esus,2025,d21fe44562fd73c4ae46261a40496079b6e94f15,painel-esus/src/domain/use_cases/create_bases/__init__.py,Python,a9968689e56d67eb,0,0,0,0,0,0,0.2075,0.195,0.195,0.2011529268989144
painel_esus,2025,d21fe44562fd73c4ae46261a40496079b6e94f15,painel-esus/src/domain/use_cases/create_bases/create_bases.py,Python,23fbc5ebe9214e03,7,0,0,0,0,0,0.2075,0.195,0.195,0.2011529268989144
painel_esus,2025,d21fe44562fd73c4ae46261a40496079b6e94f15,painel-esus/src/domain/use_cases/demographic/__init__.py,Python,90babe7f3f421068,0,0,1,0,0,0,0.64625,0.195,0.195,0.35499119707395566
painel_esus,2025,d21fe44562fd73c4ae46261a40496079b6e94f15,painel-esus/src/domain/use_cases/demographic/demographic_use_case.py,Python,87f19bbbd5cf10fa,58,9,1,23,27,50,0.64625,0.82125,0.64625,0.728514112766527
painel_esus,2025,d21fe44562fd73c4ae46261a40496079b6e94f15,painel-esus/src/domain/use_cases/diseases_dashboard/__init__.py,Python,7596e4c1fd805e77,0,0,0,0,0,0,0.2075,0.195,0.195,0.2011529268989144
painel_esus,2025,d21fe44562fd73c4ae46261a40496079b6e94f15,painel-esus/src/domain/use_cases/diseases_dashboard/diabetes_use_case.py,Python,5a92825bf8c505fa,3,0,0,0,0,0,0.2075,0.195,0.195,0.2011529268989144
painel_esus,2025,d21fe44562fd73c4ae46261a40496079b6e94f15,painel-esus/src/domain/use_cases/diseases_dashboard/hypertension_use_case.py,Python,d085749fe72d6e6f,3,0,0,0,0,0,0.2075,0.195,0.195,0.2011529268989144
painel_esus,2025,d21fe44562fd73c4ae46261a40496079b6e94f15,painel-esus/src/domain/use_cases/login.py,Python,f51adc71d3f6eeeb,5,0,0,0,0,0,0.2075,0.195,0.195,0.2011529268989144
painel_esus,2025,d21fe44562fd73c4ae46261a40496079b6e94f15,painel-esus/src/domain/use_cases/oral_health_dashboard_use_case.py,Python,9dd48d69553844a6,65,10,1,57,9,66,0.64625,0.84,0.64625,0.7367835503049724
painel_esus,2025,d21fe44562fd73c4ae46261a40496079b6e94f15,painel-esus/src/domain/use_cases/pregnancy_dashboard/__init__.py,Python,bf599b3aae0abf58,0,0,0,0,0,0,0.2075,0.195,0.195,0.2011529268989144
painel_esus,2025,d21fe44562fd73c4ae46261a40496079b6e94f15,painel-esus/src/domain/use_cases/smoking/__init__.py,Python,56d5b848b25f7944,0,0,0,0,0,0,0.2075,0.195,0.195,0.2011529268989144
painel_esus,2025,d21fe44562fd73c4ae46261a40496079b6e94f15,painel-esus/src/domain/use_cases/smoking/smoking_use_case.py,Python,b19640a106bc34e6,16,0,0,0,0,0,0.2075,0.195,0.195,0.2011529268989144
painel_esus,2025,d21fe44562fd73c4ae46261a40496079b6e94f15,painel-esus/src/env/__init__.py,Python,550284cc99a27cbb,1,0,0,0,0,0,0.2075,0.195,0.195,0.2011529268989144
painel_esus,2025,d21fe44562fd73c4ae46261a40496079b6e94f15,painel-esus/src/env/conf.py,Python,c703634c9850a600,14,3,1,6,1,7,0.64625,0.6175,0.6175,0.6317114649901489
painel_esus,2025,d21fe44562fd73c4ae46261a40496079b6e94f15,painel-esus/src/errors/__init__.py,Python,492cd62b4014372d,9,0,0,0,0,0,0.2075,0.195,0.195,0.2011529268989144
painel_esus,2025,d21fe44562fd73c4ae46261a40496079b6e94f15,painel-esus/src/errors/config.py,Python,55e5aa9cefde2c03,12,0,1,17,0,17,0.64625,0.195,0.195,0.35499119707395566
painel_esus,2025,d21fe44562fd73c4ae46261a40496079b6e94f15,painel-esus/src/errors/error_handler.py,Python,81a33425258c4057,33,2,2,56,53,109,0.93375,0.5275,0.5275,0.70182129135557
painel_esus,2025,d21fe44562fd73c4ae46261a40496079b6e94f15,painel-esus/src/errors/log/__init__.py,Python,a3fdebaa7c965ccd,4,0,1,3,1,4,0.64625,0.195,0.195,0.35499119707395566
painel_esus,2025,d21fe44562fd73c4ae46261a40496079b6e94f15,painel-esus/src/errors/log/config.py,Python,966643f88f293731,8,0,1,2,3,5,0.64625,0.195,0.195,0.35499119707395566
painel_esus,2025,d21fe44562fd73c4ae46261a40496079b6e94f15,painel-esus/src/errors/log/console_handler.py,Python,fe7597feb5ab88af,4,0,1,1,6,7,0.64625,0.195,0.195,0.35499119707395566
painel_esus,2025,d21fe44562fd73c4ae46261a40496079b6e94f15,painel-esus/src/errors/log/file_handler_by_day.py,Python,03e3907778a46593,13,0,1,10,10,20,0.64625,0.195,0.195,0.35499119707395566
painel_esus,2025,d21fe44562fd73c4ae46261a40496079b6e94f15,painel-esus/src/errors/log/file_handler_by_size.py,Python,121a581224094a72,13,0,0,0,0,0,0.2075,0.195,0.195,0.2011529268989144
painel_esus,2025,d21fe44562fd73c4ae46261a40496079b6e94f15,painel-esus/src/errors/log/rich_logger.py,Python,215867f3744aa04f,3,0,1,5,0,5,0.64625,0.195,0.195,0.35499119707395566
painel_esus,2025,d21fe44562fd73c4ae46261a40496079b6e94f15,painel-esus/src/errors/logger/__init__.py,Python,83a1f7cacb3fbd73,0,0,1,0,0,0,0.64625,0.195,0.195,0.35499119707395566
painel_esus,2025,d21fe44562fd73c4ae46261a40496079b6e94f15,painel-esus/src/errors/logger/csv_handler.py,Python,cd94a6b38e7b3941,171,43,1,196,0,196,0.64625,0.99125,0.64625,0.8003719838300188
painel_esus,2025,d21fe44562fd73c4ae46261a40496079b6e94f15,painel-esus/src/errors/logger/custom_levels/__init__.py,Python,8f4b5b7626776ed0,0,0,1,0,0,0,0.64625,0.195,0.195,0.35499119707395566
painel_esus,2025,d21fe44562fd73c4ae46261a40496079b6e94f15,painel-esus/src/errors/logger/custom_levels/new_levels.py,Python,b32f2a1f8c81b3a8,34,8,1,47,0,47,0.64625,0.79625,0.64625,0.7173399211670852
painel_esus,2025,d21fe44562fd73c4ae46261a40496079b6e94f15,painel-esus/src/errors/logger/json_handler.py,Python,a27b9864ce6449e8,95,13,1,110,0,110,0.64625,0.86125,0.64625,0.7460447791520292
painel_esus,2025,d21fe44562fd73c4ae46261a40496079b6e94f15,painel-esus/src/errors/logging.py,Python,9c25e5eee7bf0513,1,0,1,2,1,3,0.64625,0.195,0.195,0.35499119707395566
painel_esus,2025,d21fe44562fd73c4ae46261a40496079b6e94f15,painel-esus/src/errors/types/__init__.py,Python,1994753c48171e61,6,0,0,0,0,0,0.2075,0.195,0.195,0.2011529268989144
painel_esus,2025,d21fe44562fd73c4ae46261a40496079b6e94f15,painel-esus/src/errors/types/http_bad_request.py,Python,6f71425bc0fd83ce,6,1,0,0,0,0,0.2075,0.42,0.2075,0.2952117883825102
painel_esus,2025,d21fe44562fd73c4ae46261a40496079b6e94f15,painel-esus/src/errors/types/http_bad_token.py,Python,165dc5a92135a704,6,1,0,0,0,0,0.2075,0.42,0.2075,0.2952117883825102
painel_esus,2025,d21fe44562fd73c4ae46261a40496079b6e94f15,painel-esus/src/errors/types/http_credentials_fail.py,Python,a121087bc6a567f9,6,1,0,0,0,0,0.2075,0.42,0.2075,0.2952117883825102
painel_esus,2025,d21fe44562fd73c4ae46261a40496079b6e94f15,painel-esus/src/errors/types/http_forbiden.py,Python,15a3475568a29d4c,6,1,0,0,0,0,0.2075,0.42,0.2075,0.2952117883825102
painel_esus,2025,d21fe44562fd73c4ae46261a40496079b6e94f15,painel-esus/src/errors/types/http_not_found.py,Python,89256e6005b47314,6,1,0,0,0,0,0.2075,0.42,0.2075,0.2952117883825102
painel_esus,2025,d21fe44562fd73c4ae46261a40496079b6e94f15,painel-esus/src/errors/types/http_unprocessable_entity.py,Python,7db82c99edb53a85,6,1,0,0,0,0,0.2075,0.42,0.2075,0.2952117883825102
painel_esus,2025,d21fe44562fd73c4ae46261a40496079b6e94f15,painel-esus/src/errors/types/invalid_argument.py,Python,a170f18a4c842349,6,1,0,0,0,0,0.2075,0.42,0.2075,0.2952117883825102
painel_esus,2025,d21fe44562fd73c4ae46261a40496079b6e94f15,painel-esus/src/errors/types/invalid_imc.py,Python,3ef6098f17e6545f,6,1,0,0,0,0,0.2075,0.42,0.2075,0.2952117883825102
painel_esus,2025,d21fe44562fd73c4ae46261a40496079b6e94f15,painel-esus/src/errors/types/no_such_table.py,Python,6ff2f8770f72bafa,6,1,0,0,0,0,0.2075,0.42,0.2075,0.2952117883825102
painel_esus,2025,d21fe44562fd73c4ae46261a40496079b6e94f15,painel-esus/src/infra/__init__.py,Python,540f92eac2a73fe6,0,0,0,0,0,0,0.2075,0.195,0.195,0.2011529268989144
painel_esus,2025,d21fe44562fd73c4ae46261a40496079b6e94f15,painel-esus/src/infra/bridge_provider/__init__.py,Python,82ddb06f5e013a5d,20068,1,0,0,0,0,0.2075,0.42,0.2075,0.2952117883825102
painel_esus,2025,d21fe44562fd73c4ae46261a40496079b6e94f15,painel-esus/src/infra/bridge_provider/login_bridge.py,Python,ff10d7cd46746c32,202,41,1,11,6,17,0.64625,0.9875,0.64625,0.7988566047796063
painel_esus,2025,d21fe44562fd73c4ae46261a40496079b6e94f15,painel-esus/src/infra/bridge_provider/queries/__init__.py,Python,18abaf9d7cefc302,0,0,0,0,0,0,0.2075,0.195,0.195,0.2011529268989144
painel_esus,2025,d21fe44562fd73c4ae46261a40496079b6e94f15,painel-esus/src/infra/bridge_provider/queries/query_sessao.py,Python,ecaca97806d6eb0f,70,0,0,0,0,0,0.2075,0.195,0.195,0.2011529268989144
painel_esus,2025,d21fe44562fd73c4ae46261a40496079b6e94f15,painel-esus/src/infra/create_base/__init__.py,Python,1635cda98c2cc60d,0,0,0,0,0,0,0.2075,0.195,0.195,0.2011529268989144
painel_esus,2025,d21fe44562fd73c4ae46261a40496079b6e94f15,painel-esus/src/infra/create_base/polars/__init__.py,Python,3f9b3c393b67e4d6,33,0,2,10,1,11,0.93375,0.195,0.195,0.42670979599723274
painel_esus,2025,d21fe44562fd73c4ae46261a40496079b6e94f15,painel-esus/src/infra/create_base/polars/abstract_generate_base.py,Python,430193d1d118d0e8,41,4,1,48,0,48,0.64625,0.6525,0.64625,0.6493674807071879
painel_esus,2025,d21fe44562fd73c4ae46261a40496079b6e94f15,painel-esus/src/infra/create_base/polars/create_dim_equipes_base_repository.py,Python,9c0dfe96f8a848b8,17,2,1,11,60,71,0.64625,0.5275,0.5275,0.5838637469478646
painel_esus,2025,d21fe44562fd73c4ae46261a40496079b6e94f15,painel-esus/src/infra/create_base/polars/create_dim_racacor_repository.py,Python,6f738d078dea7f31,17,2,1,12,62,74,0.64625,0.5275,0.5275,0.5838637469478646
painel_esus,2025,d21fe44562fd73c4ae46261a40496079b6e94f15,painel-esus/src/infra/create_base/polars/create_fat_atend_indiv_odonto_repository.py,Python,2fbd5bb06126991e,43,2,1,37,63,100,0.64625,0.5275,0.5275,0.5838637469478646
painel_esus,2025,d21fe44562fd73c4ae46261a40496079b6e94f15,painel-esus/src/infra/create_base/polars/create_fat_atend_indiv_repository.py,Python,51d8bba77154755e,40,2,1,36,110,146,0.64625,0.5275,0.5275,0.5838637469478646
painel_esus,2025,d21fe44562fd73c4ae46261a40496079b6e94f15,painel-esus/src/infra/create_base/polars/create_fat_atvdd_coletiva_part_repository.py,Python,9f0ae7b81fd2a7b3,27,2,2,106,76,182,0.93375,0.5275,0.5275,0.70182129135557
painel_esus,2025,d21fe44562fd73c4ae46261a40496079b6e94f15,painel-esus/src/infra/create_base/polars/create_fat_cad_domiciliar_repository.py,Python,8ef91244bce54555,82,2,1,76,139,215,0.64625,0.5275,0.5275,0.5838637469478646
painel_esus,2025,d21fe44562fd73c4ae46261a40496079b6e94f15,painel-esus/src/infra/create_base/polars/create_fat_cad_individual_repository.py,Python,7e65a17c2fe7b0e5,35,2,2,43,251,294,0.93375,0.5275,0.5275,0.70182129135557
painel_esus,2025,d21fe44562fd73c4ae46261a40496079b6e94f15,painel-esus/src/infra/create_base/polars/create_fat_cidacao_pec_repository.py,Python,13b906e2f55ec23f,27,2,1,21,67,88,0.64625,0.5275,0.5275,0.5838637469478646
painel_esus,2025,d21fe44562fd73c4ae46261a40496079b6e94f15,painel-esus/src/infra/create_base/polars/create_fat_familia_terr_repository.py,Python,cda93bcd8e057d8e,31,2,1,25,65,90,0.64625,0.5275,0.5275,0.5838637469478646
painel_esus,2025,d21fe44562fd73c4ae46261a40496079b6e94f15,painel-esus/src/infra/create_base/polars/create_fat_ivcf_repository.py,Python,7abd2331dac8a021,20,2,1,25,0,25,0.64625,0.5275,0.5275,0.5838637469478646
painel_esus,2025,d21fe44562fd73c4ae46261a40496079b6e94f15,painel-esus/src/infra/create_base/polars/create_fat_marca_consumo_alimnt_repository.py,Python,96dc14295e6dc66a,17,2,2,102,80,182,0.93375,0.5275,0.5275,0.70182129135557
painel_esus,2025,d21fe44562fd73c4ae46261a40496079b6e94f15,painel-esus/src/infra/create_base/polars/create_fat_proced_atend_repository.py,Python,3304ceeca6a5ad04,29,2,2,63,138,201,0.93375,0.5275,0.5275,0.70182129135557
painel_esus,2025,d21fe44562fd73c4ae46261a40496079b6e94f15,painel-esus/src/infra/create_base/polars/create_fat_vacinacao_repository.py,Python,91c3d3f04cf48e70,25,2,2,46,86,132,0.93375,0.5275,0.5275,0.70182129135557
painel_esus,2025,d21fe44562fd73c4ae46261a40496079b6e94f15,painel-esus/src/infra/create_base/polars/create_fat_visita_domic_repository.py,Python,6706209da488ceea,27,2,1,23,142,165,0.64625,0.5275,0.5275,0.5838637469478646
painel_esus,2025,d21fe44562fd73c4ae46261a40496079b6e94f15,painel-esus/src/infra/create_base/polars/create_indicadores_cadastro_repository.py,Python,dca84d0d4d123aad,20,5,2,43,16,59,0.93375,0.7025,0.7025,0.8099131897925851
painel_esus,2025,d21fe44562fd73c4ae46261a40496079b6e94f15,painel-esus/src/infra/create_base/polars/create_indicadores_criancas_repository.py,Python,73e4654ae8d66ece,18,5,1,5,18,23,0.64625,0.7025,0.64625,0.6737882642195544
painel_esus,2025,d21fe44562fd73c4ae46261a40496079b6e94f15,painel-esus/src/infra/create_base/polars/create_indicadores_diabetes_repository.py,Python,941a06e79e202cc6,20,4,1,28,0,28,0.64625,0.6525,0.64625,0.6493674807071879
painel_esus,2025,d21fe44562fd73c4ae46261a40496079b6e94f15,painel-esus/src/infra/create_base/polars/create_indicadores_equipe_repository.py,Python,e84e3f5ca1920c25,23,6,0,0,0,0,0.2075,0.74875,0.2075,0.39416446440540526
painel_esus,2025,d21fe44562fd73c4ae46261a40496079b6e94f15,painel-esus/src/infra/create_base/polars/create_indicadores_hipertensao_repository.py,Python,728244789164ee0a,20,4,1,28,0,28,0.64625,0.6525,0.64625,0.6493674807071879
painel_esus,2025,d21fe44562fd73c4ae46261a40496079b6e94f15,painel-esus/src/infra/create_base/polars/create_indicadores_idosos_repository.py,Python,9f69cf01be30f4eb,20,5,1,3,14,17,0.64625,0.7025,0.64625,0.6737882642195544
painel_esus,2025,d21fe44562fd73c4ae46261a40496079b6e94f15,painel-esus/src/infra/create_base/polars/create_indicadores_saude_bucal_repository.py,Python,014df7ec54356c3f,17,5,1,26,0,26,0.64625,0.7025,0.64625,0.6737882642195544
painel_esus,2025,d21fe44562fd73c4ae46261a40496079b6e94f15,painel-esus/src/infra/create_base/polars/create_table_example_base_repository.py,Python,b71c09a3cea5bb1b,10,2,0,0,0,0,0.2075,0.5275,0.2075,0.33084172953241553
painel_esus,2025,d21fe44562fd73c4ae46261a40496079b6e94f15,painel-esus/src/infra/create_base/polars/create_tb_acomp_cidadaos_vinculados_repository.py,Python,6aad09171a6fb998,61,2,1,57,66,123,0.64625,0.5275,0.5275,0.5838637469478646
painel_esus,2025,d21fe44562fd73c4ae46261a40496079b6e94f15,painel-esus/src/infra/create_base/polars/create_tb_cidacao_repository.py,Python,eded1e1ac7bb0144,92,2,1,86,63,149,0.64625,0.5275,0.5275,0.5838637469478646
painel_esus,2025,d21fe44562fd73c4ae46261a40496079b6e94f15,painel-esus/src/infra/create_base/polars/create_tb_cidciap_explode_atendimentos_repository.py,Python,e7a05511405157e2,61,5,1,70,22,92,0.64625,0.7025,0.64625,0.6737882642195544
painel_esus,2025,d21fe44562fd73c4ae46261a40496079b6e94f15,painel-esus/src/infra/create_base/polars/create_tb_dim_cbo_base_repository.py,Python,e517650eb2fd3dfe,17,2,1,14,69,83,0.64625,0.5275,0.5275,0.5838637469478646
painel_esus,2025,d21fe44562fd73c4ae46261a40496079b6e94f15,painel-esus/src/infra/create_base/polars/create_tb_equipe_repository.py,Python,60f6976b4a002e0e,22,2,1,17,64,81,0.64625,0.5275,0.5275,0.5838637469478646
painel_esus,2025,d21fe44562fd73c4ae46261a40496079b6e94f15,painel-esus/src/infra/create_base/polars/create_tb_tipo_equipe_repository.py,Python,0b275fd0d92858fe,19,2,1,13,64,77,0.64625,0.5275,0.5275,0.5838637469478646
painel_esus,2025,d21fe44562fd73c4ae46261a40496079b6e94f15,painel-esus/src/infra/create_base/polars/create_unidade_saude_base_repository.py,Python,12193fa1e556ef43,18,2,1,12,60,72,0.64625,0.5275,0.5275,0.5838637469478646
painel_esus,2025,d21fe44562fd73c4ae46261a40496079b6e94f15,painel-esus/src/infra/create_base/polars/scripts_dados/__init__.py,Python,f584ab21b270c50b,0,0,0,0,0,0,0.2075,0.195,0.195,0.2011529268989144
painel_esus,2025,d21fe44562fd73c4ae46261a40496079b6e94f15,painel-esus/src/infra/create_base/polars/scripts_dados/codigos_cbo.py,Python,5c89b5ea48e7ec8c,384,0,1,475,0,475,0.64625,0.195,0.195,0.35499119707395566
painel_esus,2025,d21fe44562fd73c4ae46261a40496079b6e94f15,painel-esus/src/infra/create_base/polars/scripts_dados/gerar_cid_ciap_atendimentos_individuais.py,Python,ef2d8daf6acffc38,64,1,0,0,0,0,0.2075,0.42,0.2075,0.2952117883825102
painel_esus,2025,d21fe44562fd73c4ae46261a40496079b6e94f15,painel-esus/src/infra/create_base/polars/scripts_dados/indicadores_cadastro_polars.py,Python,d4629fbe1b3454d4,399,4,2,1033,447,1480,0.93375,0.6525,0.6525,0.7805586941415744
painel_esus,2025,d21fe44562fd73c4ae46261a40496079b6e94f15,painel-esus/src/infra/create_base/polars/scripts_dados/indicadores_crianca_polars.py,Python,e9f84711b9f7240e,1362,14,1,1759,662,2421,0.64625,0.8675,0.64625,0.7487468697764286
painel_esus,2025,d21fe44562fd73c4ae46261a40496079b6e94f15,painel-esus/src/infra/create_base/polars/scripts_dados/indicadores_diabetes_polars.py,Python,b83d745332f1b2eb,1407,10,1,2023,0,2023,0.64625,0.84,0.64625,0.7367835503049724
painel_esus,2025,d21fe44562fd73c4ae46261a40496079b6e94f15,painel-esus/src/infra/create_base/polars/scripts_dados/indicadores_hipertensao_polars.py,Python,2c17202b994367b5,1329,10,1,1876,0,1876,0.64625,0.84,0.64625,0.7367835503049724
painel_esus,2025,d21fe44562fd73c4ae46261a40496079b6e94f15,painel-esus/src/infra/create_base/polars/scripts_dados/indicadores_idoso_polars.py,Python,09c5fb402e6e7223,1095,10,1,1575,0,1575,0.64625,0.84,0.64625,0.7367835503049724
painel_esus,2025,d21fe44562fd73c4ae46261a40496079b6e94f15,painel-esus/src/infra/create_base/polars/scripts_dados/indicadores_saude_bucal_polars.py,Python,af8f5e57ddbeb056,1011,18,1,1573,0,1573,0.64625,0.89625,0.64625,0.761052930156635
painel_esus,2025,d21fe44562fd73c4ae46261a40496079b6e94f15,painel-esus/src/infra/create_base/polars/scripts_dados/rename_columns.py,Python,19ec4d246f8105d1,53,8,1,60,0,60,0.64625,0.79625,0.64625,0.7173399211670852
painel_esus,2025,d21fe44562fd73c4ae46261a40496079b6e94f15,painel-esus/src/infra/create_base/polars/scripts_dados/tb_equipe.py,Python,2cc7a0b731f7ca44,454,0,1,0,4,4,0.64625,0.195,0.195,0.35499119707395566
painel_esus,2025,d21fe44562fd73c4ae46261a40496079b6e94f15,painel-esus/src/infra/create_base/polars/scripts_dados/utils_crianca.py,Python,e0410af3ef00a7af,101,13,1,142,0,142,0.64625,0.86125,0.64625,0.7460447791520292
painel_esus,2025,d21fe44562fd73c4ae46261a40496079b6e94f15,painel-esus/src/infra/db/__init__.py,Python,e2f76dff074e3362,0,0,0,0,0,0,0.2075,0.195,0.195,0.2011529268989144
painel_esus,2025,d21fe44562fd73c4ae46261a40496079b6e94f15,painel-esus/src/infra/db/entities/__init__.py,Python,8f811a4a215b5ac6,0,0,0,0,0,0,0.2075,0.195,0.195,0.2011529268989144
painel_esus,2025,d21fe44562fd73c4ae46261a40496079b6e94f15,painel-esus/src/infra/db/entities/crianca.py,Python,45ff90f1223a160e,53,0,0,0,0,0,0.2075,0.195,0.195,0.2011529268989144
painel_esus,2025,d21fe44562fd73c4ae46261a40496079b6e94f15,painel-esus/src/infra/db/entities/diabetes_nominal.py,Python,b44165c9de074f04,26,1,0,0,0,0,0.2075,0.42,0.2075,0.2952117883825102
painel_esus,2025,d21fe44562fd73c4ae46261a40496079b6e94f15,painel-esus/src/infra/db/entities/equipes.py,Python,017f040fe0bd1a06,19,0,0,0,0,0,0.2075,0.195,0.195,0.2011529268989144
painel_esus,2025,d21fe44562fd73c4ae46261a40496079b6e94f15,painel-esus/src/infra/db/entities/hipertensao_nominal.py,Python,0da88b641346502b,24,2,0,0,0,0,0.2075,0.5275,0.2075,0.33084172953241553
painel_esus,2025,d21fe44562fd73c4ae46261a40496079b6e94f15,painel-esus/src/infra/db/entities/idoso.py,Python,4c652b08e0f376f0,37,0,0,0,0,0,0.2075,0.195,0.195,0.2011529268989144
painel_esus,2025,d21fe44562fd73c4ae46261a40496079b6e94f15,painel-esus/src/infra/db/entities/pessoas.py,Python,dffd429d1841b2ef,40,1,2,19,5,24,0.93375,0.42,0.42,0.6262387723544431
painel_esus,2025,d21fe44562fd73c4ae46261a40496079b6e94f15,painel-esus/src/infra/db/repositories/__init__.py,Python,8d622e3adc7c71f9,1,0,1,1,0,1,0.64625,0.195,0.195,0.35499119707395566
painel_esus,2025,d21fe44562fd73c4ae46261a40496079b6e94f15,painel-esus/src/infra/db/repositories/cadastro/__init__.py,Python,58ff8ae044df398f,0,0,0,0,0,0,0.2075,0.195,0.195,0.2011529268989144
painel_esus,2025,d21fe44562fd73c4ae46261a40496079b6e94f15,painel-esus/src/infra/db/repositories/cadastro/records_repository.py,Python,e29ee2eb9912b1bc,144,27,4,223,167,390,0.99875,0.95,0.95,0.9740700693481963
painel_esus,2025,d21fe44562fd73c4ae46261a40496079b6e94f15,painel-esus/src/infra/db/repositories/cadastro/sqls/__init__.py,Python,a91b4e2846f26756,8,0,1,3,1,4,0.64625,0.195,0.195,0.35499119707395566
painel_esus,2025,d21fe44562fd73c4ae46261a40496079b6e94f15,painel-esus/src/infra/db/repositories/cadastro/sqls/cpf_cns_rate.py,Python,66c59dbf0b35fa64,11,1,3,18,20,38,0.9925,0.42,0.42,0.6456392181396666
painel_esus,2025,d21fe44562fd73c4ae46261a40496079b6e94f15,painel-esus/src/infra/db/repositories/cadastro/sqls/group_localidade.py,Python,6f99e7d99e9f7d18,5,1,2,6,11,17,0.93375,0.42,0.42,0.6262387723544431
painel_esus,2025,d21fe44562fd73c4ae46261a40496079b6e94f15,painel-esus/src/infra/db/repositories/cadastro/sqls/group_raca_cor.py,Python,339422cbf30cc8d8,4,1,2,6,11,17,0.93375,0.42,0.42,0.6262387723544431
painel_esus,2025,d21fe44562fd73c4ae46261a40496079b6e94f15,painel-esus/src/infra/db/repositories/cadastro/sqls/group_records_by_origin.py,Python,5e724e298e5f2762,4,1,2,27,18,45,0.93375,0.42,0.42,0.6262387723544431
painel_esus,2025,d21fe44562fd73c4ae46261a40496079b6e94f15,painel-esus/src/infra/db/repositories/cadastro/sqls/people_who_get_care.py,Python,b8768c0656e0bb29,3,1,2,22,9,31,0.93375,0.42,0.42,0.6262387723544431
painel_esus,2025,d21fe44562fd73c4ae46261a40496079b6e94f15,painel-esus/src/infra/db/repositories/cadastro/sqls/record_status.py,Python,445d115cca0bb65d,3,1,2,12,28,40,0.93375,0.42,0.42,0.6262387723544431
painel_esus,2025,d21fe44562fd73c4ae46261a40496079b6e94f15,painel-esus/src/infra/db/repositories/cadastro/sqls/total.py,Python,d2cbcddfad839c43,4,2,3,9,18,27,0.9925,0.5275,0.5275,0.7235632315147031
painel_esus,2025,d21fe44562fd73c4ae46261a40496079b6e94f15,painel-esus/src/infra/db/repositories/children/__init__.py,Python,039cedf42014166c,0,0,0,0,0,0,0.2075,0.195,0.195,0.2011529268989144
painel_esus,2025,d21fe44562fd73c4ae46261a40496079b6e94f15,painel-esus/src/infra/db/repositories/children/children_repository.py,Python,39907dcbbf48218f,121,22,2,173,248,421,0.93375,0.93125,0.93125,0.9324991621980151
painel_esus,2025,d21fe44562fd73c4ae46261a40496079b6e94f15,painel-esus/src/infra/db/repositories/children/sqls/__init__.py,Python,040f8600b51da678,0,0,1,0,4,4,0.64625,0.195,0.195,0.35499119707395566
painel_esus,2025,d21fe44562fd73c4ae46261a40496079b6e94f15,painel-esus/src/infra/db/repositories/children/sqls/children_queries.py,Python,8fbf4380417043aa,91,43,1,427,0,427,0.64625,0.99125,0.64625,0.8003719838300188
painel_esus,2025,d21fe44562fd73c4ae46261a40496079b6e94f15,painel-esus/src/infra/db/repositories/city_informations_repository.py,Python,ff91ccd38b2c1a7f,79,20,2,108,22,130,0.93375,0.9175,0.9175,0.9255893392860572
painel_esus,2025,d21fe44562fd73c4ae46261a40496079b6e94f15,painel-esus/src/infra/db/repositories/demographic/__init__.py,Python,9adbc04fd94db1fe,0,0,1,0,0,0,0.64625,0.195,0.195,0.35499119707395566
painel_esus,2025,d21fe44562fd73c4ae46261a40496079b6e94f15,painel-esus/src/infra/db/repositories/demographic/age_groups_repository.py,Python,c223866938d522f4,16,2,2,34,0,34,0.93375,0.5275,0.5275,0.70182129135557
painel_esus,2025,d21fe44562fd73c4ae46261a40496079b6e94f15,painel-esus/src/infra/db/repositories/demographic/gender_repository.py,Python,29ac7d69db4ced48,14,3,2,28,0,28,0.93375,0.6175,0.6175,0.7593356471284619
painel_esus,2025,d21fe44562fd73c4ae46261a40496079b6e94f15,painel-esus/src/infra/db/repositories/demographic/ibge_population_repository.py,Python,44bb88a2e424d2fa,22,5,2,41,0,41,0.93375,0.7025,0.7025,0.8099131897925851
painel_esus,2025,d21fe44562fd73c4ae46261a40496079b6e94f15,painel-esus/src/infra/db/repositories/demographic/location_area_repository.py,Python,cd996ab1e7f09d64,37,6,2,58,0,58,0.93375,0.74875,0.74875,0.8361490970514768
painel_esus,2025,d21fe44562fd73c4ae46261a40496079b6e94f15,painel-esus/src/infra/db/repositories/demographic/total_people_repository.py,Python,f3d39e28bfe73589,10,3,2,25,0,25,0.93375,0.6175,0.6175,0.7593356471284619
painel_esus,2025,d21fe44562fd73c4ae46261a40496079b6e94f15,painel-esus/src/infra/db/repositories/demographics_info_v2.py,Python,e5d28d9ea87767ac,246,38,2,189,116,305,0.93375,0.98375,0.93375,0.9584239993343239
painel_esus,2025,d21fe44562fd73c4ae46261a40496079b6e94f15,painel-esus/src/infra/db/repositories/disease/__init__.py,Python,f74b07ac4e53cd13,0,0,0,0,0,0,0.2075,0.195,0.195,0.2011529268989144
painel_esus,2025,d21fe44562fd73c4ae46261a40496079b6e94f15,painel-esus/src/infra/db/repositories/disease/age_group_gender.py,Python,604fb07ace4efb5f,79,5,0,0,0,0,0.2075,0.7025,0.2075,0.38179673911650946
painel_esus,2025,d21fe44562fd73c4ae46261a40496079b6e94f15,painel-esus/src/infra/db/repositories/disease/age_groups_location.py,Python,184f20c7c9fd41a0,111,9,0,0,0,0,0.2075,0.82125,0.2075,0.41280670416067616
painel_esus,2025,d21fe44562fd73c4ae46261a40496079b6e94f15,painel-esus/src/infra/db/repositories/disease/nominal_list/__init__.py,Python,6fe66b65af4fa10d,0,0,0,0,0,0,0.2075,0.195,0.195,0.2011529268989144
painel_esus,2025,d21fe44562fd73c4ae46261a40496079b6e94f15,painel-esus/src/infra/db/repositories/disease/nominal_list/diabetes_nominal_list_repository.py,Python,979a57312809af6d,139,22,2,118,158,276,0.93375,0.93125,0.93125,0.9324991621980151
painel_esus,2025,d21fe44562fd73c4ae46261a40496079b6e94f15,painel-esus/src/infra/db/repositories/disease/nominal_list/hypertension_nominal_list_repository.py,Python,de67faa0a4dc1c3f,138,22,2,156,155,311,0.93375,0.93125,0.93125,0.9324991621980151
painel_esus,2025,d21fe44562fd73c4ae46261a40496079b6e94f15,painel-esus/src/infra/db/repositories/disease/professional_group.py,Python,382b5f54dc83b77a,90,5,1,9,25,34,0.64625,0.7025,0.64625,0.6737882642195544
painel_esus,2025,d21fe44562fd73c4ae46261a40496079b6e94f15,painel-esus/src/infra/db/repositories/elderly/__init__.py,Python,5a5a882f8af729f4,0,0,0,0,0,0,0.2075,0.195,0.195,0.2011529268989144
painel_esus,2025,d21fe44562fd73c4ae46261a40496079b6e94f15,painel-esus/src/infra/db/repositories/elderly/elderly_repository.py,Python,521fef56645acfe8,175,34,2,230,245,475,0.93375,0.965,0.93375,0.9492464116339866
painel_esus,2025,d21fe44562fd73c4ae46261a40496079b6e94f15,painel-esus/src/infra/db/repositories/elderly/sqls/__init__.py,Python,2d1edbb1812630c8,12,0,1,12,7,19,0.64625,0.195,0.195,0.35499119707395566
painel_esus,2025,d21fe44562fd73c4ae46261a40496079b6e94f15,painel-esus/src/infra/db/repositories/elderly/sqls/acs_visits.py,Python,9973e7f38d2586f5,6,5,1,12,0,12,0.64625,0.7025,0.64625,0.6737882642195544
painel_esus,2025,d21fe44562fd73c4ae46261a40496079b6e94f15,painel-esus/src/infra/db/repositories/elderly/sqls/by_gender.py,Python,7be28e44af280d53,6,5,1,16,0,16,0.64625,0.7025,0.64625,0.6737882642195544
painel_esus,2025,d21fe44562fd73c4ae46261a40496079b6e94f15,painel-esus/src/infra/db/repositories/elderly/sqls/by_race.py,Python,d52a3bcafac91afc,6,5,1,13,0,13,0.64625,0.7025,0.64625,0.6737882642195544
painel_esus,2025,d21fe44562fd73c4ae46261a40496079b6e94f15,painel-esus/src/infra/db/repositories/elderly/sqls/creatinine.py,Python,c260c6158df99c48,6,5,1,12,0,12,0.64625,0.7025,0.64625,0.6737882642195544
painel_esus,2025,d21fe44562fd73c4ae46261a40496079b6e94f15,painel-esus/src/infra/db/repositories/elderly/sqls/dentist_appointments.py,Python,d34e8c08eb1bd140,6,5,1,12,0,12,0.64625,0.7025,0.64625,0.6737882642195544
painel_esus,2025,d21fe44562fd73c4ae46261a40496079b6e94f15,painel-esus/src/infra/db/repositories/elderly/sqls/get_elderly_base.py,Python,3ea82bacbfb84d28,1,1,1,4,0,4,0.64625,0.42,0.42,0.5209846446873458
painel_esus,2025,d21fe44562fd73c4ae46261a40496079b6e94f15,painel-esus/src/infra/db/repositories/elderly/sqls/height_records.py,Python,670bd7bfa5f8196a,6,5,1,12,0,12,0.64625,0.7025,0.64625,0.6737882642195544
painel_esus,2025,d21fe44562fd73c4ae46261a40496079b6e94f15,painel-esus/src/infra/db/repositories/elderly/sqls/influenza_vaccines.py,Python,629411a3e8e36639,6,5,1,12,0,12,0.64625,0.7025,0.64625,0.6737882642195544
painel_esus,2025,d21fe44562fd73c4ae46261a40496079b6e94f15,painel-esus/src/infra/db/repositories/elderly/sqls/ivcf_20.py,Python,0595dba382971541,6,5,1,12,0,12,0.64625,0.7025,0.64625,0.6737882642195544
painel_esus,2025,d21fe44562fd73c4ae46261a40496079b6e94f15,painel-esus/src/infra/db/repositories/elderly/sqls/medical_appointments.py,Python,ca2ceb1f91e175e8,6,5,1,12,0,12,0.64625,0.7025,0.64625,0.6737882642195544
painel_esus,2025,d21fe44562fd73c4ae46261a40496079b6e94f15,painel-esus/src/infra/db/repositories/elderly/sqls/nominal_download.py,Python,c371e10c91ae3040,6,5,1,65,0,65,0.64625,0.7025,0.64625,0.6737882642195544
painel_esus,2025,d21fe44562fd73c4ae46261a40496079b6e94f15,painel-esus/src/infra/db/repositories/elderly/sqls/total.py,Python,f2d1e3cdb066d7e1,15,15,1,36,0,36,0.64625,0.87625,0.64625,0.7525134965567063
painel_esus,2025,d21fe44562fd73c4ae46261a40496079b6e94f15,painel-esus/src/infra/db/repositories/enuns/__init__.py,Python,773f2c3dbee16770,2,0,0,0,0,0,0.2075,0.195,0.195,0.2011529268989144
painel_esus,2025,d21fe44562fd73c4ae46261a40496079b6e94f15,painel-esus/src/infra/db/repositories/enuns/individual_cares.py,Python,d0cc5c4f015c4879,14,2,0,0,0,0,0.2075,0.5275,0.2075,0.33084172953241553
painel_esus,2025,d21fe44562fd73c4ae46261a40496079b6e94f15,painel-esus/src/infra/db/repositories/enuns/location.py,Python,2bcb3006b30e99f4,13,2,0,0,0,0,0.2075,0.5275,0.2075,0.33084172953241553
painel_esus,2025,d21fe44562fd73c4ae46261a40496079b6e94f15,painel-esus/src/infra/db/repositories/hypertension_diabetes/__init__.py,Python,5f56f2ed8c29df87,0,0,1,0,0,0,0.64625,0.195,0.195,0.35499119707395566
painel_esus,2025,d21fe44562fd73c4ae46261a40496079b6e94f15,painel-esus/src/infra/db/repositories/hypertension_diabetes/hypertension_diabetes_repository.py,Python,137cfcff69c97153,178,36,2,241,3,244,0.93375,0.97625,0.93375,0.9547635505715538
painel_esus,2025,d21fe44562fd73c4ae46261a40496079b6e94f15,painel-esus/src/infra/db/repositories/hypertension_diabetes/sqls/__init__.py,Python,5a575541c5ee58c7,0,0,1,0,0,0,0.64625,0.195,0.195,0.35499119707395566
painel_esus,2025,d21fe44562fd73c4ae46261a40496079b6e94f15,painel-esus/src/infra/db/repositories/hypertension_diabetes/sqls/hipertension_diabetes_queries.py,Python,61d67407d8751534,123,29,1,441,0,441,0.64625,0.95375,0.64625,0.7850865796203627
painel_esus,2025,d21fe44562fd73c4ae46261a40496079b6e94f15,painel-esus/src/infra/db/repositories/login_adm_repository.py,Python,4ea5b1311761a75f,48,4,1,5,3,8,0.64625,0.6525,0.64625,0.6493674807071879
painel_esus,2025,d21fe44562fd73c4ae46261a40496079b6e94f15,painel-esus/src/infra/db/repositories/login_demo_repository.py,Python,d151bdc4d00fbdef,21,4,1,29,0,29,0.64625,0.6525,0.64625,0.6493674807071879
painel_esus,2025,d21fe44562fd73c4ae46261a40496079b6e94f15,painel-esus/src/infra/db/repositories/login_repository.py,Python,dfa411430d5ee296,49,4,1,22,2,24,0.64625,0.6525,0.64625,0.6493674807071879
painel_esus,2025,d21fe44562fd73c4ae46261a40496079b6e94f15,painel-esus/src/infra/db/repositories/nominal_list/__init__.py,Python,ae248af0364e4246,0,0,0,0,0,0,0.2075,0.195,0.195,0.2011529268989144
painel_esus,2025,d21fe44562fd73c4ae46261a40496079b6e94f15,painel-esus/src/infra/db/repositories/nominal_list/diabetes_nominal_list_repositorio.py,Python,8c94198f382664f3,458,19,2,32,24,56,0.93375,0.905,0.905,0.9192626120973266
painel_esus,2025,d21fe44562fd73c4ae46261a40496079b6e94f15,painel-esus/src/infra/db/repositories/nominal_list/hypertension_nominal_list_repository.py,Python,3ad7b15d0f6b6888,440,18,2,93,54,147,0.93375,0.89625,0.89625,0.9148078691725383
painel_esus,2025,d21fe44562fd73c4ae46261a40496079b6e94f15,painel-esus/src/infra/db/repositories/oral_health/__init__.py,Python,2ce3ce7edf9f8746,0,0,1,0,0,0,0.64625,0.195,0.195,0.35499119707395566
painel_esus,2025,d21fe44562fd73c4ae46261a40496079b6e94f15,painel-esus/src/infra/db/repositories/oral_health/oral_health_repository.py,Python,64b853dde3c83f20,176,38,2,233,2,235,0.93375,0.98375,0.93375,0.9584239993343239
painel_esus,2025,d21fe44562fd73c4ae46261a40496079b6e94f15,painel-esus/src/infra/db/repositories/oral_health/sqls/__init__.py,Python,45f6f64fae486c2d,0,0,1,0,0,0,0.64625,0.195,0.195,0.35499119707395566
painel_esus,2025,d21fe44562fd73c4ae46261a40496079b6e94f15,painel-esus/src/infra/db/repositories/oral_health/sqls/oral_health_queries.py,Python,084c97a3bba3f089,95,24,1,243,0,243,0.64625,0.94,0.64625,0.7794068257335189
painel_esus,2025,d21fe44562fd73c4ae46261a40496079b6e94f15,painel-esus/src/infra/db/repositories/pregnacy/__init__.py,Python,c5267fa2603b23a7,0,0,0,0,0,0,0.2075,0.195,0.195,0.2011529268989144
painel_esus,2025,d21fe44562fd73c4ae46261a40496079b6e94f15,painel-esus/src/infra/db/repositories/pregnacy/pregnancy_base_repository.py,Python,4e4ce3f934bc7e82,74,15,0,0,0,0,0.2075,0.87625,0.2075,0.42640576332878055
painel_esus,2025,d21fe44562fd73c4ae46261a40496079b6e94f15,painel-esus/src/infra/db/repositories/pregnacy/sqls/__init_.py,Python,de5e3dfe3ce6a4ba,0,0,0,0,0,0,0.2075,0.195,0.195,0.2011529268989144
painel_esus,2025,d21fe44562fd73c4ae46261a40496079b6e94f15,painel-esus/src/infra/db/repositories/pregnacy/sqls/ciap_explode.py,Python,06d135152a004439,23,0,0,0,0,0,0.2075,0.195,0.195,0.2011529268989144
painel_esus,2025,d21fe44562fd73c4ae46261a40496079b6e94f15,painel-esus/src/infra/db/repositories/pregnacy/sqls/cid_explode.py,Python,be56fb5a9a06e833,23,0,0,0,0,0,0.2075,0.195,0.195,0.2011529268989144
painel_esus,2025,d21fe44562fd73c4ae46261a40496079b6e94f15,painel-esus/src/infra/db/repositories/pregnacy/sqls/evaluated_procedures_explode.py,Python,982aac9c917a3891,23,0,0,0,0,0,0.2075,0.195,0.195,0.2011529268989144
painel_esus,2025,d21fe44562fd73c4ae46261a40496079b6e94f15,painel-esus/src/infra/db/repositories/pregnacy/sqls/pregnancy_base.py,Python,9eeaa90e6e9a054c,0,0,0,0,0,0,0.2075,0.195,0.195,0.2011529268989144
painel_esus,2025,d21fe44562fd73c4ae46261a40496079b6e94f15,painel-esus/src/infra/db/repositories/pregnacy/sqls/requested_procedures_explode.py,Python,6770a54a30675df8,23,0,0,0,0,0,0.2075,0.195,0.195,0.2011529268989144
painel_esus,2025,d21fe44562fd73c4ae46261a40496079b6e94f15,painel-esus/src/infra/db/repositories/smoking/__init__.py,Python,f60bb9f0ef691a3b,0,0,0,0,0,0,0.2075,0.195,0.195,0.2011529268989144
painel_esus,2025,d21fe44562fd73c4ae46261a40496079b6e94f15,painel-esus/src/infra/db/repositories/smoking/smoking_repository.py,Python,633ec1147a947558,162,8,0,0,0,0,0.2075,0.79625,0.2075,0.40647493772679266
painel_esus,2025,d21fe44562fd73c4ae46261a40496079b6e94f15,painel-esus/src/infra/db/repositories/sqls/__init__.py,Python,e935a8b66bd71056,15,0,1,1,1,2,0.64625,0.195,0.195,0.35499119707395566
painel_esus,2025,d21fe44562fd73c4ae46261a40496079b6e94f15,painel-esus/src/infra/db/repositories/sqls/atendimento_individual_cid_ciaps.py,Python,16a0a2a6e7966f26,78,0,0,0,0,0,0.2075,0.195,0.195,0.2011529268989144
painel_esus,2025,d21fe44562fd73c4ae46261a40496079b6e94f15,painel-esus/src/infra/db/repositories/sqls/atendimento_individual_cid_ciaps_nascimento.py,Python,55ab6eb1a3ccb9c5,79,0,0,0,0,0,0.2075,0.195,0.195,0.2011529268989144
painel_esus,2025,d21fe44562fd73c4ae46261a40496079b6e94f15,painel-esus/src/infra/db/repositories/sqls/atendimento_individual_cid_ciaps_procedimentos.py,Python,5851a3c978161044,10,3,0,0,0,0,0.2075,0.6175,0.2075,0.3579542568541405
painel_esus,2025,d21fe44562fd73c4ae46261a40496079b6e94f15,painel-esus/src/infra/db/repositories/sqls/atendimento_individual_procedimentos_nascimento.py,Python,d4ae987af46d8297,79,0,0,0,0,0,0.2075,0.195,0.195,0.2011529268989144
painel_esus,2025,d21fe44562fd73c4ae46261a40496079b6e94f15,painel-esus/src/infra/db/repositories/sqls/auto_referido.py,Python,b8c591f8834d5283,5,4,0,0,0,0,0.2075,0.6525,0.2075,0.3679588971610824
painel_esus,2025,d21fe44562fd73c4ae46261a40496079b6e94f15,painel-esus/src/infra/db/repositories/sqls/cidadao_pec_vivo.py,Python,1c3dcb4ec0352d6a,26,0,0,0,0,0,0.2075,0.195,0.195,0.2011529268989144
painel_esus,2025,d21fe44562fd73c4ae46261a40496079b6e94f15,painel-esus/src/infra/db/repositories/sqls/city_information.py,Python,be6e3df4c4891d39,16,0,1,4,2,6,0.64625,0.195,0.195,0.35499119707395566
painel_esus,2025,d21fe44562fd73c4ae46261a40496079b6e94f15,painel-esus/src/infra/db/repositories/sqls/demographics/__init__.py,Python,ab2585ad7d75d96f,7,0,1,2,8,10,0.64625,0.195,0.195,0.35499119707395566
painel_esus,2025,d21fe44562fd73c4ae46261a40496079b6e94f15,painel-esus/src/infra/db/repositories/sqls/demographics/group_by_sexo.py,Python,327d5b9b979c431e,2,1,2,7,12,19,0.93375,0.42,0.42,0.6262387723544431
painel_esus,2025,d21fe44562fd73c4ae46261a40496079b6e94f15,painel-esus/src/infra/db/repositories/sqls/demographics/indicador_cadastro.py,Python,fd9b75d462795bf1,0,0,0,0,0,0,0.2075,0.195,0.195,0.2011529268989144
painel_esus,2025,d21fe44562fd73c4ae46261a40496079b6e94f15,painel-esus/src/infra/db/repositories/sqls/demographics/indicador_crianca.py,Python,f2baf3b0b24bb838,3,4,0,0,0,0,0.2075,0.6525,0.2075,0.3679588971610824
painel_esus,2025,d21fe44562fd73c4ae46261a40496079b6e94f15,painel-esus/src/infra/db/repositories/sqls/demographics/indicador_diabetes.py,Python,28712dd336fe7f18,1,3,1,0,36,36,0.64625,0.6175,0.6175,0.6317114649901489
painel_esus,2025,d21fe44562fd73c4ae46261a40496079b6e94f15,painel-esus/src/infra/db/repositories/sqls/demographics/indicador_hipertensao.py,Python,4b5294b805cbcb98,1,3,1,0,37,37,0.64625,0.6175,0.6175,0.6317114649901489
painel_esus,2025,d21fe44562fd73c4ae46261a40496079b6e94f15,painel-esus/src/infra/db/repositories/sqls/demographics/indicador_idoso.py,Python,409f3589698665b8,3,4,0,0,0,0,0.2075,0.6525,0.2075,0.3679588971610824
painel_esus,2025,d21fe44562fd73c4ae46261a40496079b6e94f15,painel-esus/src/infra/db/repositories/sqls/demographics/sexo_faixa_etaria.py,Python,cb764c0c356bfbc9,2,1,1,27,36,63,0.64625,0.42,0.42,0.5209846446873458
painel_esus,2025,d21fe44562fd73c4ae46261a40496079b6e94f15,painel-esus/src/infra/db/repositories/sqls/demographics/tipo_localidade.py,Python,bcaa870678c2099a,4,4,1,14,16,30,0.64625,0.6525,0.64625,0.6493674807071879
painel_esus,2025,d21fe44562fd73c4ae46261a40496079b6e94f15,painel-esus/src/infra/db/repositories/sqls/disease/__init__.py,Python,848db052bac91313,2,0,1,2,0,2,0.64625,0.195,0.195,0.35499119707395566
painel_esus,2025,d21fe44562fd73c4ae46261a40496079b6e94f15,painel-esus/src/infra/db/repositories/sqls/disease/auto_referidos.py,Python,376e60ccc7f1fa11,42,30,1,468,0,468,0.64625,0.9575,0.64625,0.7866284860084842
painel_esus,2025,d21fe44562fd73c4ae46261a40496079b6e94f15,painel-esus/src/infra/db/repositories/sqls/disease/by_gender.py,Python,b67fbcdf5c87578d,6,2,1,39,75,114,0.64625,0.5275,0.5275,0.5838637469478646
painel_esus,2025,d21fe44562fd73c4ae46261a40496079b6e94f15,painel-esus/src/infra/db/repositories/sqls/lista_pesos_alturas.py,Python,81b1d546dc1e3ee3,2,4,0,0,0,0,0.2075,0.6525,0.2075,0.3679588971610824
painel_esus,2025,d21fe44562fd73c4ae46261a40496079b6e94f15,painel-esus/src/infra/db/repositories/sqls/listagem_fci.py,Python,bd2591ec963ab60b,61,0,0,0,0,0,0.2075,0.195,0.195,0.2011529268989144
painel_esus,2025,d21fe44562fd73c4ae46261a40496079b6e94f15,painel-esus/src/infra/db/repositories/sqls/login.py,Python,22f749957bdb7594,51,0,1,25,0,25,0.64625,0.195,0.195,0.35499119707395566
painel_esus,2025,d21fe44562fd73c4ae46261a40496079b6e94f15,painel-esus/src/infra/db/repositories/sqls/max_dt_atendimento_atendimento_individual.py,Python,d925615c99d7ccac,8,0,0,0,0,0,0.2075,0.195,0.195,0.2011529268989144
painel_esus,2025,d21fe44562fd73c4ae46261a40496079b6e94f15,painel-esus/src/infra/db/repositories/sqls/odonto/__init__.py,Python,cbc8b8167a1d896f,11,0,0,0,0,0,0.2075,0.195,0.195,0.2011529268989144
painel_esus,2025,d21fe44562fd73c4ae46261a40496079b6e94f15,painel-esus/src/infra/db/repositories/sqls/odonto/atendimento_exodontia.py,Python,b7f9f2e57776ef05,29,2,0,0,0,0,0.2075,0.5275,0.2075,0.33084172953241553
painel_esus,2025,d21fe44562fd73c4ae46261a40496079b6e94f15,painel-esus/src/infra/db/repositories/sqls/odonto/atendimento_linha_servico.py,Python,e82c8afe42cff7e8,14,2,0,0,0,0,0.2075,0.5275,0.2075,0.33084172953241553
painel_esus,2025,d21fe44562fd73c4ae46261a40496079b6e94f15,painel-esus/src/infra/db/repositories/sqls/odonto/atendimento_local_atendimento.py,Python,8299a4e1089aa7ae,13,2,0,0,0,0,0.2075,0.5275,0.2075,0.33084172953241553
painel_esus,2025,d21fe44562fd73c4ae46261a40496079b6e94f15,painel-esus/src/infra/db/repositories/sqls/odonto/atendimento_odonto.py,Python,77e022c88dce9d8f,262,0,0,0,0,0,0.2075,0.195,0.195,0.2011529268989144
painel_esus,2025,d21fe44562fd73c4ae46261a40496079b6e94f15,painel-esus/src/infra/db/repositories/sqls/odonto/atendimento_tipo_servico.py,Python,70341f917c5387c5,17,2,0,0,0,0,0.2075,0.5275,0.2075,0.33084172953241553
painel_esus,2025,d21fe44562fd73c4ae46261a40496079b6e94f15,painel-esus/src/infra/db/repositories/sqls/odonto/atendimentos_desfecho.py,Python,605b4815ff771efe,46,2,0,0,0,0,0.2075,0.5275,0.2075,0.33084172953241553
painel_esus,2025,d21fe44562fd73c4ae46261a40496079b6e94f15,painel-esus/src/infra/db/repositories/sqls/odonto/atendimentos_localizacao.py,Python,f2a8bdff57f596f0,36,2,0,0,0,0,0.2075,0.5275,0.2075,0.33084172953241553
painel_esus,2025,d21fe44562fd73c4ae46261a40496079b6e94f15,painel-esus/src/infra/db/repositories/sqls/odonto/atendimentos_sexo.py,Python,82e6ba5583b33b2c,39,2,0,0,0,0,0.2075,0.5275,0.2075,0.33084172953241553
painel_esus,2025,d21fe44562fd73c4ae46261a40496079b6e94f15,painel-esus/src/infra/db/repositories/sqls/odonto/max_date_atd_odonto.py,Python,5a912b3c9729a00c,1,0,0,0,0,0,0.2075,0.195,0.195,0.2011529268989144
painel_esus,2025,d21fe44562fd73c4ae46261a40496079b6e94f15,painel-esus/src/infra/db/repositories/sqls/odonto/total_atendimentos.py,Python,87bc0fca45489d87,6,2,0,0,0,0,0.2075,0.5275,0.2075,0.33084172953241553
painel_esus,2025,d21fe44562fd73c4ae46261a40496079b6e94f15,painel-esus/src/infra/db/repositories/sqls/odonto/total_atendimentos_localizacao.py,Python,81fe1c9c05d67fc8,7,2,0,0,0,0,0.2075,0.5275,0.2075,0.33084172953241553
painel_esus,2025,d21fe44562fd73c4ae46261a40496079b6e94f15,painel-esus/src/infra/db/repositories/sqls/parquet/__init__.py,Python,32b9086c04b63280,0,0,1,0,0,0,0.64625,0.195,0.195,0.35499119707395566
painel_esus,2025,d21fe44562fd73c4ae46261a40496079b6e94f15,painel-esus/src/infra/db/repositories/sqls/parquet/tb_acompanhamento_vinculo.py,Python,c2f654dcc115b20e,5,5,1,50,0,50,0.64625,0.7025,0.64625,0.6737882642195544
painel_esus,2025,d21fe44562fd73c4ae46261a40496079b6e94f15,painel-esus/src/infra/db/repositories/sqls/pessoa/__init__.py,Python,6b99c3b438297623,0,0,0,0,0,0,0.2075,0.195,0.195,0.2011529268989144
painel_esus,2025,d21fe44562fd73c4ae46261a40496079b6e94f15,painel-esus/src/infra/db/repositories/sqls/pessoa/cidadao_equipe.py,Python,c0dbccdd961e1990,24,0,0,0,0,0,0.2075,0.195,0.195,0.2011529268989144
painel_esus,2025,d21fe44562fd73c4ae46261a40496079b6e94f15,painel-esus/src/infra/db/repositories/sqls/pessoa/equipes.py,Python,66ce9dc16ef8e0ec,2,0,1,0,2,2,0.64625,0.195,0.195,0.35499119707395566
painel_esus,2025,d21fe44562fd73c4ae46261a40496079b6e94f15,painel-esus/src/infra/db/repositories/sqls/pessoa/equipes_join.py,Python,bf7f742b49b7e9fa,21,0,1,2,1,3,0.64625,0.195,0.195,0.35499119707395566
painel_esus,2025,d21fe44562fd73c4ae46261a40496079b6e94f15,painel-esus/src/infra/db/repositories/sqls/pessoa/lista_cidadao_pec_from_fichas.py,Python,7bc576b5d403b85b,11,0,0,0,0,0,0.2075,0.195,0.195,0.2011529268989144
painel_esus,2025,d21fe44562fd73c4ae46261a40496079b6e94f15,painel-esus/src/infra/db/repositories/sqls/pessoa/lista_nominal.py,Python,2b91010e14f3ca3d,213,0,0,0,0,0,0.2075,0.195,0.195,0.2011529268989144
painel_esus,2025,d21fe44562fd73c4ae46261a40496079b6e94f15,painel-esus/src/infra/db/repositories/sqls/pessoa/pessoas.py,Python,83c02d462f4dbedf,54,0,1,0,2,2,0.64625,0.195,0.195,0.35499119707395566
painel_esus,2025,d21fe44562fd73c4ae46261a40496079b6e94f15,painel-esus/src/infra/db/repositories/sqls/pessoa/pessoas_id.py,Python,9f7362379f637cd1,40,0,0,0,0,0,0.2075,0.195,0.195,0.2011529268989144
painel_esus,2025,d21fe44562fd73c4ae46261a40496079b6e94f15,painel-esus/src/infra/db/repositories/sqls/pessoa/pessoas_list.py,Python,19f4a96a6cdd0171,47,0,0,0,0,0,0.2075,0.195,0.195,0.2011529268989144
painel_esus,2025,d21fe44562fd73c4ae46261a40496079b6e94f15,painel-esus/src/infra/db/repositories/sqls/pessoa/status_cadastro.py,Python,d20388c66c60ef5e,3,1,0,0,0,0,0.2075,0.42,0.2075,0.2952117883825102
painel_esus,2025,d21fe44562fd73c4ae46261a40496079b6e94f15,painel-esus/src/infra/db/repositories/sqls/smoking/__init__.py,Python,2d421ad10fdc79a8,0,0,0,0,0,0,0.2075,0.195,0.195,0.2011529268989144
painel_esus,2025,d21fe44562fd73c4ae46261a40496079b6e94f15,painel-esus/src/infra/db/repositories/sqls/smoking/smoking_base.py,Python,4255d27796226cfd,82,0,0,0,0,0,0.2075,0.195,0.195,0.2011529268989144
painel_esus,2025,d21fe44562fd73c4ae46261a40496079b6e94f15,painel-esus/src/infra/db/repositories/sqls/tabelas.py,Python,c82446c8fe0a65fe,190,0,1,13,3,16,0.64625,0.195,0.195,0.35499119707395566
painel_esus,2025,d21fe44562fd73c4ae46261a40496079b6e94f15,painel-esus/src/infra/db/repositories/sqls/units.py,Python,a77b3dcc02fc665f,7,0,0,0,0,0,0.2075,0.195,0.195,0.2011529268989144
painel_esus,2025,d21fe44562fd73c4ae46261a40496079b6e94f15,painel-esus/src/infra/db/repositories/sqls/units_list.py,Python,14d88e0822ac5994,19,0,1,39,17,56,0.64625,0.195,0.195,0.35499119707395566
painel_esus,2025,d21fe44562fd73c4ae46261a40496079b6e94f15,painel-esus/src/infra/db/repositories/update_bases.py,Python,5a2ddff8ee3e25a9,33,7,0,0,0,0,0.2075,0.77375,0.2075,0.4006908097274007
painel_esus,2025,d21fe44562fd73c4ae46261a40496079b6e94f15,painel-esus/src/infra/db/repositories/utils/__init__.py,Python,578b64a5ace6be2c,0,0,1,0,0,0,0.64625,0.195,0.195,0.35499119707395566
painel_esus,2025,d21fe44562fd73c4ae46261a40496079b6e94f15,painel-esus/src/infra/db/repositories/utils/str_utils.py,Python,e212487c2230a68f,97,34,1,113,0,113,0.64625,0.965,0.64625,0.7897032670566837
painel_esus,2025,d21fe44562fd73c4ae46261a40496079b6e94f15,painel-esus/src/infra/db/settings/__init__.py,Python,a04be8c52d868201,0,0,0,0,0,0,0.2075,0.195,0.195,0.2011529268989144
painel_esus,2025,d21fe44562fd73c4ae46261a40496079b6e94f15,painel-esus/src/infra/db/settings/base.py,Python,e1489a643a368e4f,2,0,0,0,0,0,0.2075,0.195,0.195,0.2011529268989144
painel_esus,2025,d21fe44562fd73c4ae46261a40496079b6e94f15,painel-esus/src/infra/db/settings/connection.py,Python,1f08ad383495faa4,40,11,0,0,0,0,0.2075,0.85125,0.2075,0.4202789252389417
painel_esus,2025,d21fe44562fd73c4ae46261a40496079b6e94f15,painel-esus/src/infra/db/settings/connection_duckdb.py,Python,76f32e552032b793,35,10,1,49,0,49,0.64625,0.84,0.64625,0.7367835503049724
painel_esus,2025,d21fe44562fd73c4ae46261a40496079b6e94f15,painel-esus/src/infra/db/settings/connection_irece.py,Python,a5c247becf0a388a,27,6,0,0,0,0,0.2075,0.74875,0.2075,0.39416446440540526
painel_esus,2025,d21fe44562fd73c4ae46261a40496079b6e94f15,painel-esus/src/infra/db/settings/connection_local.py,Python,c80cca7700a62848,35,8,0,0,0,0,0.2075,0.79625,0.2075,0.40647493772679266
painel_esus,2025,d21fe44562fd73c4ae46261a40496079b6e94f15,painel-esus/src/infra/requests/__init__.py,Python,215091f1bae32b11,0,0,1,0,0,0,0.64625,0.195,0.195,0.35499119707395566
painel_esus,2025,d21fe44562fd73c4ae46261a40496079b6e94f15,painel-esus/src/infra/requests/api_log.py,Python,567b6a277f1b57ef,132,20,1,151,0,151,0.64625,0.9175,0.64625,0.7700223211050443
painel_esus,2025,d21fe44562fd73c4ae46261a40496079b6e94f15,painel-esus/src/infra/requests/factory.py,Python,71c08fb862a9ff15,26,2,1,29,0,29,0.64625,0.5275,0.5275,0.5838637469478646
painel_esus,2025,d21fe44562fd73c4ae46261a40496079b6e94f15,painel-esus/src/main/__init__.py,Python,5795362a64c08efa,0,0,0,0,0,0,0.2075,0.195,0.195,0.2011529268989144
painel_esus,2025,d21fe44562fd73c4ae46261a40496079b6e94f15,painel-esus/src/main/adapters/__init__.py,Python,d01192ce5de7c9ca,0,0,0,0,0,0,0.2075,0.195,0.195,0.2011529268989144
painel_esus,2025,d21fe44562fd73c4ae46261a40496079b6e94f15,painel-esus/src/main/adapters/adapters.py,Python,a3601fc40085afc8,109,35,2,136,0,136,0.93375,0.97125,0.93375,0.9523154348743907
painel_esus,2025,d21fe44562fd73c4ae46261a40496079b6e94f15,painel-esus/src/main/adapters/base/base_dashboard_adapter.py,Python,7c5537acfe08bdd6,57,19,2,71,0,71,0.93375,0.905,0.905,0.9192626120973266
painel_esus,2025,d21fe44562fd73c4ae46261a40496079b6e94f15,painel-esus/src/main/adapters/children_adapter.py,Python,87ef6c9bbee711fb,119,34,2,148,101,249,0.93375,0.965,0.93375,0.9492464116339866
painel_esus,2025,d21fe44562fd73c4ae46261a40496079b6e94f15,painel-esus/src/main/adapters/elderly_adapter.py,Python,9835466e0b1d8fab,165,58,2,245,172,417,0.93375,0.995,0.93375,0.9638886087095334
painel_esus,2025,d21fe44562fd73c4ae46261a40496079b6e94f15,painel-esus/src/main/adapters/hypertension_adapter.py,Python,fc0cb9b15983b1cd,121,20,2,152,2,154,0.93375,0.9175,0.9175,0.9255893392860572
painel_esus,2025,d21fe44562fd73c4ae46261a40496079b6e94f15,painel-esus/src/main/adapters/nominal_list_adapter.py,Python,da570d75951ed5f5,831,92,3,652,253,905,0.9925,1.0,0.9925,0.9962429422585638
painel_esus,2025,d21fe44562fd73c4ae46261a40496079b6e94f15,painel-esus/src/main/adapters/oral_healthy_adapter.py,Python,6407543901542d8a,21,9,2,38,0,38,0.93375,0.82125,0.82125,0.8756952594938493
painel_esus,2025,d21fe44562fd73c4ae46261a40496079b6e94f15,painel-esus/src/main/adapters/records_adapter.py,Python,5fd0be5fb1eca80a,120,26,4,58,25,83,0.99875,0.94625,0.94625,0.9721456616680445
painel_esus,2025,d21fe44562fd73c4ae46261a40496079b6e94f15,painel-esus/src/main/adapters/request_adapter.py,Python,910f900751fc26ee,18,3,0,0,0,0,0.2075,0.6175,0.2075,0.3579542568541405
painel_esus,2025,d21fe44562fd73c4ae46261a40496079b6e94f15,painel-esus/src/main/adapters/request_login_adapter.py,Python,603c196b27b11b3c,16,2,2,49,49,98,0.93375,0.5275,0.5275,0.70182129135557
painel_esus,2025,d21fe44562fd73c4ae46261a40496079b6e94f15,painel-esus/src/main/composers/__init__.py,Python,14fbd981f0db8243,0,0,0,0,0,0,0.2075,0.195,0.195,0.2011529268989144
painel_esus,2025,d21fe44562fd73c4ae46261a40496079b6e94f15,painel-esus/src/main/composers/children_compose.py,Python,05bf6a08d4451d1b,40,16,1,73,0,73,0.64625,0.88625,0.64625,0.7567952579793296
painel_esus,2025,d21fe44562fd73c4ae46261a40496079b6e94f15,painel-esus/src/main/composers/city_informations_composer.py,Python,cf13cc3da97aaf21,23,3,0,0,0,0,0.2075,0.6175,0.2075,0.3579542568541405
painel_esus,2025,d21fe44562fd73c4ae46261a40496079b6e94f15,painel-esus/src/main/composers/demographic_composer.py,Python,8be9d99f6a49326d,77,10,1,101,0,101,0.64625,0.84,0.64625,0.7367835503049724
painel_esus,2025,d21fe44562fd73c4ae46261a40496079b6e94f15,painel-esus/src/main/composers/diabetes_dashboard_composer.py,Python,df9f2e7f8795c8e4,31,8,1,23,89,112,0.64625,0.79625,0.64625,0.7173399211670852
painel_esus,2025,d21fe44562fd73c4ae46261a40496079b6e94f15,painel-esus/src/main/composers/elderly_composer.py,Python,777e8bbfe1b517bf,32,14,1,28,20,48,0.64625,0.8675,0.64625,0.7487468697764286
painel_esus,2025,d21fe44562fd73c4ae46261a40496079b6e94f15,painel-esus/src/main/composers/hypertension_dashboard_composer.py,Python,fbcec5d10a0973ae,31,8,1,24,101,125,0.64625,0.79625,0.64625,0.7173399211670852
painel_esus,2025,d21fe44562fd73c4ae46261a40496079b6e94f15,painel-esus/src/main/composers/login_composer.py,Python,5150d080d8b631e2,88,16,1,8,1,9,0.64625,0.88625,0.64625,0.7567952579793296
painel_esus,2025,d21fe44562fd73c4ae46261a40496079b6e94f15,painel-esus/src/main/composers/oral_health_compose.py,Python,df228a8b5fce81ba,74,11,1,59,43,102,0.64625,0.85125,0.64625,0.7417009589450454
painel_esus,2025,d21fe44562fd73c4ae46261a40496079b6e94f15,painel-esus/src/main/composers/records_composer.py,Python,8be4c0f3845032bf,22,9,1,3,0,3,0.64625,0.82125,0.64625,0.728514112766527
painel_esus,2025,d21fe44562fd73c4ae46261a40496079b6e94f15,painel-esus/src/main/composers/schedule_compose.py,Python,29035c0955644080,59,9,1,2,0,2,0.64625,0.82125,0.64625,0.728514112766527
painel_esus,2025,d21fe44562fd73c4ae46261a40496079b6e94f15,painel-esus/src/main/composers/smoking_composer.py,Python,9b37529220789f92,33,6,0,0,0,0,0.2075,0.74875,0.2075,0.39416446440540526
painel_esus,2025,d21fe44562fd73c4ae46261a40496079b6e94f15,painel-esus/src/main/routes/__init__.py,Python,1ded3c00cfe7fedb,0,0,0,0,0,0,0.2075,0.195,0.195,0.2011529268989144
painel_esus,2025,d21fe44562fd73c4ae46261a40496079b6e94f15,painel-esus/src/main/routes/city_informations_route.py,Python,c9ad11319362db4d,26,2,0,0,0,0,0.2075,0.5275,0.2075,0.33084172953241553
painel_esus,2025,d21fe44562fd73c4ae46261a40496079b6e94f15,painel-esus/src/main/routes/demographic_route.py,Python,3bcaff1365d54e80,119,9,1,149,0,149,0.64625,0.82125,0.64625,0.728514112766527
painel_esus,2025,d21fe44562fd73c4ae46261a40496079b6e94f15,painel-esus/src/main/routes/demographics_info_route.py,Python,6da55edd6cb1ae5f,33,3,1,6,4,10,0.64625,0.6175,0.6175,0.6317114649901489
painel_esus,2025,d21fe44562fd73c4ae46261a40496079b6e94f15,painel-esus/src/main/routes/diabetes_routes.py,Python,8760d6dcf6412359,194,19,1,103,114,217,0.64625,0.905,0.64625,0.7647589489505827
painel_esus,2025,d21fe44562fd73c4ae46261a40496079b6e94f15,painel-esus/src/main/routes/elderly_routes.py,Python,e507e96a42463d9d,257,29,1,136,140,276,0.64625,0.95375,0.64625,0.7850865796203627
painel_esus,2025,d21fe44562fd73c4ae46261a40496079b6e94f15,painel-esus/src/main/routes/hypertension_routes.py,Python,4d7b53c781482037,166,19,1,39,77,116,0.64625,0.905,0.64625,0.7647589489505827
painel_esus,2025,d21fe44562fd73c4ae46261a40496079b6e94f15,painel-esus/src/main/routes/infantil_routes.py,Python,c195168548343331,312,35,1,355,0,355,0.64625,0.97125,0.64625,0.7922564688912297
painel_esus,2025,d21fe44562fd73c4ae46261a40496079b6e94f15,painel-esus/src/main/routes/login_route.py,Python,a1e5a49fce0655d4,32,4,0,0,0,0,0.2075,0.6525,0.2075,0.3679588971610824
painel_esus,2025,d21fe44562fd73c4ae46261a40496079b6e94f15,painel-esus/src/main/routes/oral_health.py,Python,32810029b3ebc058,274,23,1,171,107,278,0.64625,0.9375,0.64625,0.7783696904427869
painel_esus,2025,d21fe44562fd73c4ae46261a40496079b6e94f15,painel-esus/src/main/routes/records_routes.py,Python,d6159fab8cb836e8,196,20,2,38,9,47,0.93375,0.9175,0.9175,0.9255893392860572
painel_esus,2025,d21fe44562fd73c4ae46261a40496079b6e94f15,painel-esus/src/main/routes/smoking.py,Python,e4ea4b67a491e4a2,139,12,0,0,0,0,0.2075,0.85625,0.2075,0.42151141740171166
painel_esus,2025,d21fe44562fd73c4ae46261a40496079b6e94f15,painel-esus/src/main/routes/units_route.py,Python,cbce3e1a64b3b452,59,7,1,10,7,17,0.64625,0.77375,0.64625,0.7071321923798972
painel_esus,2025,d21fe44562fd73c4ae46261a40496079b6e94f15,painel-esus/src/main/routes/utils.py,Python,d4ea62574c1669ff,16,4,1,16,0,16,0.64625,0.6525,0.64625,0.6493674807071879
painel_esus,2025,d21fe44562fd73c4ae46261a40496079b6e94f15,painel-esus/src/main/server/__init__.py,Python,f8d89b9deca289c9,0,0,0,0,0,0,0.2075,0.195,0.195,0.2011529268989144
painel_esus,2025,d21fe44562fd73c4ae46261a40496079b6e94f15,painel-esus/src/main/server/cache.py,Python,fee2cbc5cbbf0906,7,0,0,0,0,0,0.2075,0.195,0.195,0.2011529268989144
painel_esus,2025,d21fe44562fd73c4ae46261a40496079b6e94f15,painel-esus/src/main/server/decorators/__init__.py,Python,193d94ecbaad1d94,0,0,0,0,0,0,0.2075,0.195,0.195,0.2011529268989144
painel_esus,2025,d21fe44562fd73c4ae46261a40496079b6e94f15,painel-esus/src/main/server/decorators/check_access.py,Python,aa07d2c3d0513e19,70,25,0,0,0,0,0.2075,0.9425,0.2075,0.4422315569924878
painel_esus,2025,d21fe44562fd73c4ae46261a40496079b6e94f15,painel-esus/src/main/server/decorators/token_required.py,Python,fabcfaf19cf84a7f,78,14,1,15,0,15,0.64625,0.8675,0.64625,0.7487468697764286
painel_esus,2025,d21fe44562fd73c4ae46261a40496079b6e94f15,painel-esus/src/main/server/server.py,Python,d7a99abd9111c74b,99,5,1,25,27,52,0.64625,0.7025,0.64625,0.6737882642195544
painel_esus,2025,d21fe44562fd73c4ae46261a40496079b6e94f15,painel-esus/src/presentations/__init__.py,Python,ca347da85967f0ee,61,8,1,88,0,88,0.64625,0.79625,0.64625,0.7173399211670852
painel_esus,2025,d21fe44562fd73c4ae46261a40496079b6e94f15,painel-esus/src/presentations/controllers/__init__.py,Python,2af8b4857b8c57ed,33,0,1,33,0,33,0.64625,0.195,0.195,0.35499119707395566
painel_esus,2025,d21fe44562fd73c4ae46261a40496079b6e94f15,painel-esus/src/presentations/controllers/cadastros/__init__.py,Python,acce2f909116b758,0,0,0,0,0,0,0.2075,0.195,0.195,0.2011529268989144
painel_esus,2025,d21fe44562fd73c4ae46261a40496079b6e94f15,painel-esus/src/presentations/controllers/cadastros/records_controller.py,Python,4f34d188ebc86afd,69,26,2,12,2,14,0.93375,0.94625,0.93375,0.9399792218448235
painel_esus,2025,d21fe44562fd73c4ae46261a40496079b6e94f15,painel-esus/src/presentations/controllers/children/__init__.py,Python,c8e6506b396089e7,0,0,0,0,0,0,0.2075,0.195,0.195,0.2011529268989144
painel_esus,2025,d21fe44562fd73c4ae46261a40496079b6e94f15,painel-esus/src/presentations/controllers/children/children_controller.py,Python,660ae9be623176ef,172,36,1,187,69,256,0.64625,0.97625,0.64625,0.7942931212719898
painel_esus,2025,d21fe44562fd73c4ae46261a40496079b6e94f15,painel-esus/src/presentations/controllers/city_information_controller.py,Python,9e0f758b26c79006,27,8,0,0,0,0,0.2075,0.79625,0.2075,0.40647493772679266
painel_esus,2025,d21fe44562fd73c4ae46261a40496079b6e94f15,painel-esus/src/presentations/controllers/create_bases/__init__.py,Python,f88775b375745a22,0,0,0,0,0,0,0.2075,0.195,0.195,0.2011529268989144
painel_esus,2025,d21fe44562fd73c4ae46261a40496079b6e94f15,painel-esus/src/presentations/controllers/create_bases/create_base_controller.py,Python,123478a1d206414f,78,5,2,68,103,171,0.93375,0.7025,0.7025,0.8099131897925851
painel_esus,2025,d21fe44562fd73c4ae46261a40496079b6e94f15,painel-esus/src/presentations/controllers/create_bases/rich_progess.py,Python,5895620b3af93f2b,134,17,1,156,0,156,0.64625,0.8925,0.64625,0.7594591002812462
painel_esus,2025,d21fe44562fd73c4ae46261a40496079b6e94f15,painel-esus/src/presentations/controllers/demographic/__init__.py,Python,ebb9f06ca021e885,0,0,1,0,0,0,0.64625,0.195,0.195,0.35499119707395566
painel_esus,2025,d21fe44562fd73c4ae46261a40496079b6e94f15,painel-esus/src/presentations/controllers/demographic/get_age_groups_controller.py,Python,76755274128871a6,13,2,1,17,0,17,0.64625,0.5275,0.5275,0.5838637469478646
painel_esus,2025,d21fe44562fd73c4ae46261a40496079b6e94f15,painel-esus/src/presentations/controllers/demographic/get_gender_controller.py,Python,b90fcfe808f161ed,11,2,1,16,0,16,0.64625,0.5275,0.5275,0.5838637469478646
painel_esus,2025,d21fe44562fd73c4ae46261a40496079b6e94f15,painel-esus/src/presentations/controllers/demographic/get_ibge_population_controller.py,Python,9f7e76f4d87facc4,11,2,1,14,0,14,0.64625,0.5275,0.5275,0.5838637469478646
painel_esus,2025,d21fe44562fd73c4ae46261a40496079b6e94f15,painel-esus/src/presentations/controllers/demographic/get_location_area_controller.py,Python,33aca3e06ade9da4,26,6,1,36,0,36,0.64625,0.74875,0.64625,0.6956146113330283
painel_esus,2025,d21fe44562fd73c4ae46261a40496079b6e94f15,painel-esus/src/presentations/controllers/demographic/get_total_people_controller.py,Python,bd67bfa937534aaf,13,2,1,17,0,17,0.64625,0.5275,0.5275,0.5838637469478646
painel_esus,2025,d21fe44562fd73c4ae46261a40496079b6e94f15,painel-esus/src/presentations/controllers/diabetes/__init__.py,Python,00972e75723b45a0,12,0,0,0,0,0,0.2075,0.195,0.195,0.2011529268989144
painel_esus,2025,d21fe44562fd73c4ae46261a40496079b6e94f15,painel-esus/src/presentations/controllers/diabetes/diabetes_dashboard_get_age_groups_location.py,Python,d1e22725dd3e4173,20,6,0,0,0,0,0.2075,0.74875,0.2075,0.39416446440540526
painel_esus,2025,d21fe44562fd73c4ae46261a40496079b6e94f15,painel-esus/src/presentations/controllers/diabetes/diabetes_dashboard_get_complications.py,Python,d0048122e335b926,20,6,0,0,0,0,0.2075,0.74875,0.2075,0.39416446440540526
painel_esus,2025,d21fe44562fd73c4ae46261a40496079b6e94f15,painel-esus/src/presentations/controllers/diabetes/diabetes_dashboard_get_imc.py,Python,aef914149349d179,20,6,0,0,0,0,0.2075,0.74875,0.2075,0.39416446440540526
painel_esus,2025,d21fe44562fd73c4ae46261a40496079b6e94f15,painel-esus/src/presentations/controllers/diabetes/diabetes_dashboard_get_nominal_list.py,Python,d6ce2f0939d52105,46,20,1,7,3,10,0.64625,0.9175,0.64625,0.7700223211050443
painel_esus,2025,d21fe44562fd73c4ae46261a40496079b6e94f15,painel-esus/src/presentations/controllers/diabetes/diabetes_dashboard_get_profissionals_count.py,Python,ccfbe81c3da7635d,20,6,0,0,0,0,0.2075,0.74875,0.2075,0.39416446440540526
painel_esus,2025,d21fe44562fd73c4ae46261a40496079b6e94f15,painel-esus/src/presentations/controllers/diabetes/diabetes_dashboard_get_total.py,Python,90b818ed5fc047b7,20,6,0,0,0,0,0.2075,0.74875,0.2075,0.39416446440540526
painel_esus,2025,d21fe44562fd73c4ae46261a40496079b6e94f15,painel-esus/src/presentations/controllers/diabetes/diabetes_get_age_group_gender.py,Python,58ee434b6e8a8185,20,6,0,0,0,0,0.2075,0.74875,0.2075,0.39416446440540526
painel_esus,2025,d21fe44562fd73c4ae46261a40496079b6e94f15,painel-esus/src/presentations/controllers/diabetes/diabetes_get_exams_count.py,Python,88e49ad17f806f54,23,6,0,0,0,0,0.2075,0.74875,0.2075,0.39416446440540526
painel_esus,2025,d21fe44562fd73c4ae46261a40496079b6e94f15,painel-esus/src/presentations/controllers/diabetes/diabetes_get_individual_exams_count.py,Python,44e599c350dc9eae,26,8,0,0,0,0,0.2075,0.79625,0.2075,0.40647493772679266
painel_esus,2025,d21fe44562fd73c4ae46261a40496079b6e94f15,painel-esus/src/presentations/controllers/elderly/__init__.py,Python,bb4283450bb038b0,0,0,0,0,0,0,0.2075,0.195,0.195,0.2011529268989144
painel_esus,2025,d21fe44562fd73c4ae46261a40496079b6e94f15,painel-esus/src/presentations/controllers/elderly/elderly_controller.py,Python,4981a3b60af10881,118,37,1,70,40,110,0.64625,0.98,0.64625,0.7958171900631451
painel_esus,2025,d21fe44562fd73c4ae46261a40496079b6e94f15,painel-esus/src/presentations/controllers/get_units_controller.py,Python,c3f5433aabb3329a,14,2,1,1,1,2,0.64625,0.5275,0.5275,0.5838637469478646
painel_esus,2025,d21fe44562fd73c4ae46261a40496079b6e94f15,painel-esus/src/presentations/controllers/hypertension/__init__.py,Python,f13cb4de0c01bc01,0,0,1,0,12,12,0.64625,0.195,0.195,0.35499119707395566
painel_esus,2025,d21fe44562fd73c4ae46261a40496079b6e94f15,painel-esus/src/presentations/controllers/hypertension/hypertension_controller.py,Python,eadcdc3188b5252d,97,33,1,125,0,125,0.64625,0.96,0.64625,0.7876547467006086
painel_esus,2025,d21fe44562fd73c4ae46261a40496079b6e94f15,painel-esus/src/presentations/controllers/hypertension/hypertension_repository_interface.py,Python,33f8a254c01b0713,21,9,1,30,0,30,0.64625,0.82125,0.64625,0.728514112766527
painel_esus,2025,d21fe44562fd73c4ae46261a40496079b6e94f15,painel-esus/src/presentations/controllers/oral_health/__init__.py,Python,e4cb9f438ea2d664,15,0,1,14,10,24,0.64625,0.195,0.195,0.35499119707395566
painel_esus,2025,d21fe44562fd73c4ae46261a40496079b6e94f15,painel-esus/src/presentations/controllers/oral_health/oral_health_get_atraumatic_treatment.py,Python,3c4cea6bad5610c2,19,2,1,25,0,25,0.64625,0.5275,0.5275,0.5838637469478646
painel_esus,2025,d21fe44562fd73c4ae46261a40496079b6e94f15,painel-esus/src/presentations/controllers/oral_health/oral_health_get_cares_by_gender.py,Python,f27acf07c5d6a807,19,2,1,10,57,67,0.64625,0.5275,0.5275,0.5838637469478646
painel_esus,2025,d21fe44562fd73c4ae46261a40496079b6e94f15,painel-esus/src/presentations/controllers/oral_health/oral_health_get_cares_by_race.py,Python,019cca47dbaf992f,19,2,1,25,0,25,0.64625,0.5275,0.5275,0.5838637469478646
painel_esus,2025,d21fe44562fd73c4ae46261a40496079b6e94f15,painel-esus/src/presentations/controllers/oral_health/oral_health_get_conclued_treatment.py,Python,7b71b1a1aedebe90,19,2,1,25,0,25,0.64625,0.5275,0.5275,0.5838637469478646
painel_esus,2025,d21fe44562fd73c4ae46261a40496079b6e94f15,painel-esus/src/presentations/controllers/oral_health/oral_health_get_extraction.py,Python,4f445effd3806c9b,17,2,1,23,0,23,0.64625,0.5275,0.5275,0.5838637469478646
painel_esus,2025,d21fe44562fd73c4ae46261a40496079b6e94f15,painel-esus/src/presentations/controllers/oral_health/oral_health_get_first_appointment.py,Python,b670df35807a7430,19,2,1,24,0,24,0.64625,0.5275,0.5275,0.5838637469478646
painel_esus,2025,d21fe44562fd73c4ae46261a40496079b6e94f15,painel-esus/src/presentations/controllers/oral_health/oral_health_get_prevention_procedures.py,Python,1ab3c29df9d82696,19,2,1,25,0,25,0.64625,0.5275,0.5275,0.5838637469478646
painel_esus,2025,d21fe44562fd73c4ae46261a40496079b6e94f15,painel-esus/src/presentations/controllers/oral_health/oral_health_get_supervised_brushing.py,Python,c937471baab808e5,19,2,1,25,0,25,0.64625,0.5275,0.5275,0.5838637469478646
painel_esus,2025,d21fe44562fd73c4ae46261a40496079b6e94f15,painel-esus/src/presentations/controllers/oral_health/oral_health_nominal_list.py,Python,4b38671e5469721f,59,22,1,75,0,75,0.64625,0.93125,0.64625,0.7757707860573251
painel_esus,2025,d21fe44562fd73c4ae46261a40496079b6e94f15,painel-esus/src/presentations/controllers/oral_health/oral_health_nominal_list_donwload.py,Python,868c1d9bd0dc1b15,50,21,1,66,0,66,0.64625,0.925,0.64625,0.7731631457848984
painel_esus,2025,d21fe44562fd73c4ae46261a40496079b6e94f15,painel-esus/src/presentations/controllers/oral_health/oral_health_total.py,Python,d1fd20a96921161f,27,7,1,36,0,36,0.64625,0.77375,0.64625,0.7071321923798972
painel_esus,2025,d21fe44562fd73c4ae46261a40496079b6e94f15,painel-esus/src/presentations/controllers/smoking/__init__.py,Python,159da66546cb9886,40,10,0,0,0,0,0.2075,0.84,0.2075,0.417492514902962
painel_esus,2025,d21fe44562fd73c4ae46261a40496079b6e94f15,painel-esus/src/presentations/controllers/utils/__init__.py,Python,bc82ba138694f1ef,1,0,0,0,0,0,0.2075,0.195,0.195,0.2011529268989144
painel_esus,2025,d21fe44562fd73c4ae46261a40496079b6e94f15,painel-esus/src/presentations/controllers/utils/requests_utils.py,Python,5f1c1ed79bac0c9c,21,16,0,0,0,0,0.2075,0.88625,0.2075,0.42883198924520544
painel_esus,2025,d21fe44562fd73c4ae46261a40496079b6e94f15,painel-esus/src/presentations/helpers/request_params_helper.py,Python,c591cc8ba32db228,6,6,1,9,0,9,0.64625,0.74875,0.64625,0.6956146113330283
painel_esus,2025,d21fe44562fd73c4ae46261a40496079b6e94f15,painel-esus/src/presentations/http_types/__init__.py,Python,bf3a921a010d49c4,2,0,0,0,0,0,0.2075,0.195,0.195,0.2011529268989144
painel_esus,2025,d21fe44562fd73c4ae46261a40496079b6e94f15,painel-esus/src/presentations/http_types/http_request.py,Python,ec70c2a01683f354,14,1,0,0,0,0,0.2075,0.42,0.2075,0.2952117883825102
painel_esus,2025,d21fe44562fd73c4ae46261a40496079b6e94f15,painel-esus/src/presentations/http_types/http_response.py,Python,c6f202733244c938,6,2,0,0,0,0,0.2075,0.5275,0.2075,0.33084172953241553
painel_esus,2025,d21fe44562fd73c4ae46261a40496079b6e94f15,painel-esus/src/presentations/interfaces/__init__.py,Python,40fcda01b94763fb,0,0,0,0,0,0,0.2075,0.195,0.195,0.2011529268989144
painel_esus,2025,d21fe44562fd73c4ae46261a40496079b6e94f15,painel-esus/src/presentations/interfaces/controller_interface.py,Python,c8846a421cc6e73b,5,0,0,0,0,0,0.2075,0.195,0.195,0.2011529268989144
painel_esus,2025,d21fe44562fd73c4ae46261a40496079b6e94f15,painel-esus/src/presentations/validators/__init__.py,Python,2df4eb63490c6cff,0,0,0,0,0,0,0.2075,0.195,0.195,0.2011529268989144
painel_esus,2025,d21fe44562fd73c4ae46261a40496079b6e94f15,painel-esus/src/presentations/validators/base_validation.py,Python,ca44798f98040364,8,2,0,0,0,0,0.2075,0.5275,0.2075,0.33084172953241553
painel_esus,2025,d21fe44562fd73c4ae46261a40496079b6e94f15,painel-esus/src/presentations/validators/dashboard_validator.py,Python,253b50bb7467e24a,14,4,0,0,0,0,0.2075,0.6525,0.2075,0.3679588971610824
painel_esus,2025,d21fe44562fd73c4ae46261a40496079b6e94f15,painel-esus/src/presentations/validators/schema/__init__.py,Python,6b2ed00f0dac2a81,0,0,0,0,0,0,0.2075,0.195,0.195,0.2011529268989144
painel_esus,2025,d21fe44562fd73c4ae46261a40496079b6e94f15,painel-esus/src/presentations/validators/schema/age_groups_gender_schema.py,Python,f180a90d71bc73ae,42,0,0,0,0,0,0.2075,0.195,0.195,0.2011529268989144
painel_esus,2025,d21fe44562fd73c4ae46261a40496079b6e94f15,painel-esus/src/presentations/validators/schema/age_groups_location_schema.py,Python,be1db4d390bde31d,58,0,0,0,0,0,0.2075,0.195,0.195,0.2011529268989144
painel_esus,2025,d21fe44562fd73c4ae46261a40496079b6e94f15,painel-esus/src/presentations/validators/schema/hypertension_complications_schema.py,Python,fee12a261067bf7a,33,0,0,0,0,0,0.2075,0.195,0.195,0.2011529268989144
painel_esus,2025,d21fe44562fd73c4ae46261a40496079b6e94f15,painel-esus/src/presentations/validators/schema/nominal_list.py,Python,fc040893f0543410,40,0,1,5,0,5,0.64625,0.195,0.195,0.35499119707395566
painel_esus,2025,d21fe44562fd73c4ae46261a40496079b6e94f15,painel-esus/src/presentations/validators/schema/professionals_count_schema.py,Python,e4e4377c99f338ba,25,0,0,0,0,0,0.2075,0.195,0.195,0.2011529268989144
painel_esus,2025,d21fe44562fd73c4ae46261a40496079b6e94f15,painel-esus/src/utils/__init__.py,Python,b3940ebed3b3a420,0,0,1,0,0,0,0.64625,0.195,0.195,0.35499119707395566
painel_esus,2025,d21fe44562fd73c4ae46261a40496079b6e94f15,painel-esus/src/utils/ibge.py,Python,5a712aa05157be50,20,3,1,25,0,25,0.64625,0.6175,0.6175,0.6317114649901489
painel_esus,2025,d21fe44562fd73c4ae46261a40496079b6e94f15,painel-esus/src/utils/query_builders.py,Python,c6910153436c33af,9,5,1,13,0,13,0.64625,0.7025,0.64625,0.6737882642195544
painel_esus,2025,d21fe44562fd73c4ae46261a40496079b6e94f15,painel-esus/src/utils/request_params_helper.py,Python,f7840243392ca8b0,7,5,1,8,0,8,0.64625,0.7025,0.64625,0.6737882642195544
painel_esus,2025,d21fe44562fd73c4ae46261a40496079b6e94f15,painel-esus/src/utils/users_list.py,Python,46f15ed990704f0e,24,2,1,29,0,29,0.64625,0.5275,0.5275,0.5838637469478646
