project_id,year,sha,path,language,file_id,nloc,ccn,nmod,added,deleted,churn,r_nmod,r_ccn,h,h_geom
sapl,2020,522769dcdbd7dff05fd80d9196cc2620cb10980f,docker/create_admin.py,Python,c93741871b84b6e3,45,6,1,0,0,0,0.6948717948717948,0.6025641025641025,0.6025641025641025,0.6470740293614249
sapl,2020,522769dcdbd7dff05fd80d9196cc2620cb10980f,docker/genkey.py,Python,61a0bf489ba63060,7,2,1,0,0,0,0.6948717948717948,0.5076923076923077,0.5076923076923077,0.5939537566921833
sapl,2020,522769dcdbd7dff05fd80d9196cc2620cb10980f,docker/solr_api.py,Python,37f34439e61a74e7,164,24,3,67,16,83,0.8333333333333334,0.7615384615384615,0.7615384615384615,0.7966275068156915
sapl,2020,522769dcdbd7dff05fd80d9196cc2620cb10980f,manage.py,Python,ea8192dce2df8296,6,0,0,0,0,0,0.32051282051282054,0.22564102564102564,0.22564102564102564,0.26892534568465426
sapl,2020,522769dcdbd7dff05fd80d9196cc2620cb10980f,sapl/__init__.py,Python,9d55a50bbea85f33,0,0,0,0,0,0,0.32051282051282054,0.22564102564102564,0.22564102564102564,0.26892534568465426
sapl,2020,522769dcdbd7dff05fd80d9196cc2620cb10980f,sapl/api/__init__.py,Python,bd98e7c11753dc0a,1,0,0,0,0,0,0.32051282051282054,0.22564102564102564,0.22564102564102564,0.26892534568465426
sapl,2020,522769dcdbd7dff05fd80d9196cc2620cb10980f,sapl/api/admin.py,Python,2777c6afa5a95b4f,0,0,0,0,0,0,0.32051282051282054,0.22564102564102564,0.22564102564102564,0.26892534568465426
sapl,2020,522769dcdbd7dff05fd80d9196cc2620cb10980f,sapl/api/apps.py,Python,c0862434cb8882d7,6,0,0,0,0,0,0.32051282051282054,0.22564102564102564,0.22564102564102564,0.26892534568465426
sapl,2020,522769dcdbd7dff05fd80d9196cc2620cb10980f,sapl/api/deprecated.py,Python,8951be30535ae199,413,84,0,0,0,0,0.32051282051282054,0.8846153846153846,0.32051282051282054,0.5324758886485945
sapl,2020,522769dcdbd7dff05fd80d9196cc2620cb10980f,sapl/api/forms.py,Python,0b63a48e8a7d9bf4,50,6,0,0,0,0,0.32051282051282054,0.6025641025641025,0.32051282051282054,0.43946503848724644
sapl,2020,522769dcdbd7dff05fd80d9196cc2620cb10980f,sapl/api/pagination.py,Python,cb6a02afb55755bd,32,5,2,6,1,7,0.782051282051282,0.5794871794871795,0.5794871794871795,0.6731929081995963
sapl,2020,522769dcdbd7dff05fd80d9196cc2620cb10980f,sapl/api/permissions.py,Python,5bceb70dc5eb9425,41,8,1,1,1,2,0.6948717948717948,0.6358974358974359,0.6358974358974359,0.6647309174669277
sapl,2020,522769dcdbd7dff05fd80d9196cc2620cb10980f,sapl/api/serializers.py,Python,66435c88a8993743,130,21,5,118,21,139,0.9102564102564102,0.7410256410256411,0.7410256410256411,0.8212936989335516
sapl,2020,522769dcdbd7dff05fd80d9196cc2620cb10980f,sapl/api/urls.py,Python,927a4f11006a4510,56,0,1,3,2,5,0.6948717948717948,0.22564102564102564,0.22564102564102564,0.39596917112812224
sapl,2020,522769dcdbd7dff05fd80d9196cc2620cb10980f,sapl/api/views.py,Python,31bfc57507210350,370,75,14,286,161,447,0.9692307692307692,0.8769230769230769,0.8769230769230769,0.9219223548663775
sapl,2020,522769dcdbd7dff05fd80d9196cc2620cb10980f,sapl/audiencia/__init__.py,Python,b148575890c3569c,1,0,0,0,0,0,0.32051282051282054,0.22564102564102564,0.22564102564102564,0.26892534568465426
sapl,2020,522769dcdbd7dff05fd80d9196cc2620cb10980f,sapl/audiencia/admin.py,Python,7db682ce4e6b353d,2,0,0,0,0,0,0.32051282051282054,0.22564102564102564,0.22564102564102564,0.26892534568465426
sapl,2020,522769dcdbd7dff05fd80d9196cc2620cb10980f,sapl/audiencia/apps.py,Python,37189946a76357f8,6,0,0,0,0,0,0.32051282051282054,0.22564102564102564,0.22564102564102564,0.26892534568465426
sapl,2020,522769dcdbd7dff05fd80d9196cc2620cb10980f,sapl/audiencia/forms.py,Python,b430267bb0c7e0f0,155,28,5,64,33,97,0.9102564102564102,0.7743589743589744,0.7743589743589744,0.8395625171777475
sapl,2020,522769dcdbd7dff05fd80d9196cc2620cb10980f,sapl/audiencia/models.py,Python,68d5b5ae13437ee2,184,21,2,14,0,14,0.782051282051282,0.7410256410256411,0.7410256410256411,0.7612621444660017
sapl,2020,522769dcdbd7dff05fd80d9196cc2620cb10980f,sapl/audiencia/urls.py,Python,836ea69714280178,7,0,0,0,0,0,0.32051282051282054,0.22564102564102564,0.22564102564102564,0.26892534568465426
sapl,2020,522769dcdbd7dff05fd80d9196cc2620cb10980f,sapl/audiencia/views.py,Python,08e954878725cf6a,79,14,4,19,18,37,0.8743589743589744,0.7051282051282052,0.7051282051282052,0.7851975383478236
sapl,2020,522769dcdbd7dff05fd80d9196cc2620cb10980f,sapl/base/__init__.py,Python,e80b192cd0f8e7e6,1,0,0,0,0,0,0.32051282051282054,0.22564102564102564,0.22564102564102564,0.26892534568465426
sapl,2020,522769dcdbd7dff05fd80d9196cc2620cb10980f,sapl/base/admin.py,Python,5164eb55a28cb806,31,6,0,0,0,0,0.32051282051282054,0.6025641025641025,0.32051282051282054,0.43946503848724644
sapl,2020,522769dcdbd7dff05fd80d9196cc2620cb10980f,sapl/base/apps.py,Python,5b07a8af48db3be4,6,0,0,0,0,0,0.32051282051282054,0.22564102564102564,0.22564102564102564,0.26892534568465426
sapl,2020,522769dcdbd7dff05fd80d9196cc2620cb10980f,sapl/base/email_utils.py,Python,4fe25c9014e5def0,200,29,2,2,2,4,0.782051282051282,0.7794871794871795,0.7794871794871795,0.7807681781812618
sapl,2020,522769dcdbd7dff05fd80d9196cc2620cb10980f,sapl/base/forms.py,Python,3eba1379d2383eb6,1507,160,18,283,203,486,0.9846153846153847,0.9384615384615385,0.9384615384615385,0.9612614985731267
sapl,2020,522769dcdbd7dff05fd80d9196cc2620cb10980f,sapl/base/models.py,Python,20b3b832ae2046c4,262,11,4,36,20,56,0.8743589743589744,0.6794871794871795,0.6794871794871795,0.7707890199960574
sapl,2020,522769dcdbd7dff05fd80d9196cc2620cb10980f,sapl/base/receivers.py,Python,35c2cdc491987fcb,94,23,2,58,20,78,0.782051282051282,0.7538461538461538,0.7538461538461538,0.7678192177100105
sapl,2020,522769dcdbd7dff05fd80d9196cc2620cb10980f,sapl/base/search_indexes.py,Python,830f1d85a06093c7,137,26,0,0,0,0,0.32051282051282054,0.7692307692307693,0.32051282051282054,0.49653632643684836
sapl,2020,522769dcdbd7dff05fd80d9196cc2620cb10980f,sapl/base/signals.py,Python,c2100fa5d90d7bd8,37,3,1,0,3,3,0.6948717948717948,0.5384615384615384,0.5384615384615384,0.61168761283861
sapl,2020,522769dcdbd7dff05fd80d9196cc2620cb10980f,sapl/base/templatetags/__init__.py,Python,72b1f88b8819ab4c,0,0,0,0,0,0,0.32051282051282054,0.22564102564102564,0.22564102564102564,0.26892534568465426
sapl,2020,522769dcdbd7dff05fd80d9196cc2620cb10980f,sapl/base/templatetags/base_tags.py,Python,72b830105fde6386,5,1,0,0,0,0,0.32051282051282054,0.4717948717948718,0.32051282051282054,0.388865407387259
sapl,2020,522769dcdbd7dff05fd80d9196cc2620cb10980f,sapl/base/templatetags/common_tags.py,Python,6f74a32feb952228,242,73,0,0,0,0,0.32051282051282054,0.8717948717948718,0.32051282051282054,0.5286032853355975
sapl,2020,522769dcdbd7dff05fd80d9196cc2620cb10980f,sapl/base/templatetags/menus.py,Python,7331ca12752ab210,135,40,2,2,2,4,0.782051282051282,0.8128205128205128,0.782051282051282,0.7972874789740917
sapl,2020,522769dcdbd7dff05fd80d9196cc2620cb10980f,sapl/base/urls.py,Python,55ca87487c9d09c4,162,0,4,33,63,96,0.8743589743589744,0.22564102564102564,0.22564102564102564,0.44417480314938423
sapl,2020,522769dcdbd7dff05fd80d9196cc2620cb10980f,sapl/base/views.py,Python,2b1ea23ae76b50cb,1867,354,15,374,174,548,0.9794871794871794,0.9794871794871794,0.9794871794871794,0.9794871794871794
sapl,2020,522769dcdbd7dff05fd80d9196cc2620cb10980f,sapl/comissoes/__init__.py,Python,8d6b2bd13c3fb46b,1,0,0,0,0,0,0.32051282051282054,0.22564102564102564,0.22564102564102564,0.26892534568465426
sapl,2020,522769dcdbd7dff05fd80d9196cc2620cb10980f,sapl/comissoes/admin.py,Python,5a0b3c9a4676061d,2,0,0,0,0,0,0.32051282051282054,0.22564102564102564,0.22564102564102564,0.26892534568465426
sapl,2020,522769dcdbd7dff05fd80d9196cc2620cb10980f,sapl/comissoes/apps.py,Python,3ee56fcf25032e13,6,0,0,0,0,0,0.32051282051282054,0.22564102564102564,0.22564102564102564,0.26892534568465426
sapl,2020,522769dcdbd7dff05fd80d9196cc2620cb10980f,sapl/comissoes/forms.py,Python,73786b539ef44bac,435,84,4,108,75,183,0.8743589743589744,0.8846153846153846,0.8743589743589744,0.8794722283247364
sapl,2020,522769dcdbd7dff05fd80d9196cc2620cb10980f,sapl/comissoes/models.py,Python,ccaebd27f398bdc1,319,30,3,6,3,9,0.8333333333333334,0.7846153846153846,0.7846153846153846,0.8086075400626399
sapl,2020,522769dcdbd7dff05fd80d9196cc2620cb10980f,sapl/comissoes/urls.py,Python,c13233ae8dc130b9,24,0,0,0,0,0,0.32051282051282054,0.22564102564102564,0.22564102564102564,0.26892534568465426
sapl,2020,522769dcdbd7dff05fd80d9196cc2620cb10980f,sapl/comissoes/views.py,Python,59929324acf258a0,317,40,2,8,1,9,0.782051282051282,0.8128205128205128,0.782051282051282,0.7972874789740917
sapl,2020,522769dcdbd7dff05fd80d9196cc2620cb10980f,sapl/compilacao/__init__.py,Python,02bafff79a698ead,1,0,0,0,0,0,0.32051282051282054,0.22564102564102564,0.22564102564102564,0.26892534568465426
sapl,2020,522769dcdbd7dff05fd80d9196cc2620cb10980f,sapl/compilacao/admin.py,Python,9adab920b7d35049,9,0,1,9,0,9,0.6948717948717948,0.22564102564102564,0.22564102564102564,0.39596917112812224
sapl,2020,522769dcdbd7dff05fd80d9196cc2620cb10980f,sapl/compilacao/apps.py,Python,f158c49e188a57cc,68,21,1,3,12,15,0.6948717948717948,0.7410256410256411,0.6948717948717948,0.7175777429836502
sapl,2020,522769dcdbd7dff05fd80d9196cc2620cb10980f,sapl/compilacao/forms.py,Python,baaab395bff2b4bc,1238,132,0,0,0,0,0.32051282051282054,0.9282051282051282,0.32051282051282054,0.5454371124662217
sapl,2020,522769dcdbd7dff05fd80d9196cc2620cb10980f,sapl/compilacao/models.py,Python,326895f3f33cbc27,1595,237,2,265,78,343,0.782051282051282,0.9692307692307692,0.782051282051282,0.8706251579643638
sapl,2020,522769dcdbd7dff05fd80d9196cc2620cb10980f,sapl/compilacao/templatetags/__init__.py,Python,9b4a4f7c2c8409e9,0,0,0,0,0,0,0.32051282051282054,0.22564102564102564,0.22564102564102564,0.26892534568465426
sapl,2020,522769dcdbd7dff05fd80d9196cc2620cb10980f,sapl/compilacao/templatetags/compilacao_filters.py,Python,57ab3b3de0109349,223,69,0,0,0,0,0.32051282051282054,0.8615384615384616,0.32051282051282054,0.5254846546645948
sapl,2020,522769dcdbd7dff05fd80d9196cc2620cb10980f,sapl/compilacao/urls.py,Python,59c8fcb7ff2f557a,88,0,0,0,0,0,0.32051282051282054,0.22564102564102564,0.22564102564102564,0.26892534568465426
sapl,2020,522769dcdbd7dff05fd80d9196cc2620cb10980f,sapl/compilacao/utils.py,Python,677bcbae96e0f281,58,13,0,0,0,0,0.32051282051282054,0.6948717948717948,0.32051282051282054,0.47192723895656313
sapl,2020,522769dcdbd7dff05fd80d9196cc2620cb10980f,sapl/compilacao/views.py,Python,4a9fed402fd79f45,2707,606,4,79,44,123,0.8743589743589744,0.9948717948717949,0.8743589743589744,0.9326709399261749
sapl,2020,522769dcdbd7dff05fd80d9196cc2620cb10980f,sapl/context_processors.py,Python,e2cb246d7d362bbe,17,4,0,0,0,0,0.32051282051282054,0.5641025641025641,0.32051282051282054,0.42520830645582053
sapl,2020,522769dcdbd7dff05fd80d9196cc2620cb10980f,sapl/crispy_layout_mixin.py,Python,34ba10ecf9851d6f,252,85,3,11,9,20,0.8333333333333334,0.8923076923076924,0.8333333333333334,0.8623164985025763
sapl,2020,522769dcdbd7dff05fd80d9196cc2620cb10980f,sapl/crud/__init__.py,Python,fbdb8c583da8c222,0,0,0,0,0,0,0.32051282051282054,0.22564102564102564,0.22564102564102564,0.26892534568465426
sapl,2020,522769dcdbd7dff05fd80d9196cc2620cb10980f,sapl/crud/base.py,Python,b829f1d7044d28a3,1162,370,6,32,58,90,0.9358974358974359,0.9846153846153847,0.9358974358974359,0.9599474015833921
sapl,2020,522769dcdbd7dff05fd80d9196cc2620cb10980f,sapl/crud/urls.py,Python,13c8c7972037669d,4,0,0,0,0,0,0.32051282051282054,0.22564102564102564,0.22564102564102564,0.26892534568465426
sapl,2020,522769dcdbd7dff05fd80d9196cc2620cb10980f,sapl/decorators.py,Python,7c5a8425b413ac2b,28,5,0,0,0,0,0.32051282051282054,0.5794871794871795,0.32051282051282054,0.4309675977941439
sapl,2020,522769dcdbd7dff05fd80d9196cc2620cb10980f,sapl/hashers.py,Python,56ecd1ee7dc74313,30,6,0,0,0,0,0.32051282051282054,0.6025641025641025,0.32051282051282054,0.43946503848724644
sapl,2020,522769dcdbd7dff05fd80d9196cc2620cb10980f,sapl/legacy/__init__.py,Python,216993cc81d3bdb8,0,0,0,0,0,0,0.32051282051282054,0.22564102564102564,0.22564102564102564,0.26892534568465426
sapl,2020,522769dcdbd7dff05fd80d9196cc2620cb10980f,sapl/legacy/admin.py,Python,ebd0811c256f84aa,0,0,0,0,0,0,0.32051282051282054,0.22564102564102564,0.22564102564102564,0.26892534568465426
sapl,2020,522769dcdbd7dff05fd80d9196cc2620cb10980f,sapl/legacy/management/__init__.py,Python,d3829ea40267dd5c,0,0,0,0,0,0,0.32051282051282054,0.22564102564102564,0.22564102564102564,0.26892534568465426
sapl,2020,522769dcdbd7dff05fd80d9196cc2620cb10980f,sapl/legacy/management/commands/__init__.py,Python,ab78e06809ce6387,0,0,0,0,0,0,0.32051282051282054,0.22564102564102564,0.22564102564102564,0.26892534568465426
sapl,2020,522769dcdbd7dff05fd80d9196cc2620cb10980f,sapl/legacy/management/commands/migracao_25_31.py,Python,8107717b4cdfb058,14,2,0,0,0,0,0.32051282051282054,0.5076923076923077,0.32051282051282054,0.40338801852698136
sapl,2020,522769dcdbd7dff05fd80d9196cc2620cb10980f,sapl/legacy/management/commands/migracao_documentos.py,Python,b1860ae91d6a1f1b,6,1,0,0,0,0,0.32051282051282054,0.4717948717948718,0.32051282051282054,0.388865407387259
sapl,2020,522769dcdbd7dff05fd80d9196cc2620cb10980f,sapl/legacy/management/commands/ressuscitar_deps.py,Python,f26ba7fc85a92f68,7,1,0,0,0,0,0.32051282051282054,0.4717948717948718,0.32051282051282054,0.388865407387259
sapl,2020,522769dcdbd7dff05fd80d9196cc2620cb10980f,sapl/legacy/migracao.py,Python,27e8d26ba6dbc587,61,9,0,0,0,0,0.32051282051282054,0.6538461538461539,0.32051282051282054,0.4577838736245417
sapl,2020,522769dcdbd7dff05fd80d9196cc2620cb10980f,sapl/legacy/migracao_dados.py,Python,c25a4b1eb90b3a36,1021,234,1,4,2,6,0.6948717948717948,0.9641025641025641,0.6948717948717948,0.8184910990099089
sapl,2020,522769dcdbd7dff05fd80d9196cc2620cb10980f,sapl/legacy/migracao_documentos.py,Python,3d88e87e9ead7f1b,163,35,0,0,0,0,0.32051282051282054,0.7974358974358975,0.32051282051282054,0.5055575423879579
sapl,2020,522769dcdbd7dff05fd80d9196cc2620cb10980f,sapl/legacy/migracao_usuarios.py,Python,14581ba390dd3f3c,66,12,1,1,1,2,0.6948717948717948,0.6871794871794872,0.6871794871794872,0.6910149373606115
sapl,2020,522769dcdbd7dff05fd80d9196cc2620cb10980f,sapl/legacy/models.py,Python,b0ebfe374d33cfe0,876,0,0,0,0,0,0.32051282051282054,0.22564102564102564,0.22564102564102564,0.26892534568465426
sapl,2020,522769dcdbd7dff05fd80d9196cc2620cb10980f,sapl/legacy/router.py,Python,0b9fba7c285f0244,18,9,0,0,0,0,0.32051282051282054,0.6538461538461539,0.32051282051282054,0.4577838736245417
sapl,2020,522769dcdbd7dff05fd80d9196cc2620cb10980f,sapl/legacy/scripts/__init__.py,Python,2c6db389472940fb,0,0,0,0,0,0,0.32051282051282054,0.22564102564102564,0.22564102564102564,0.26892534568465426
sapl,2020,522769dcdbd7dff05fd80d9196cc2620cb10980f,sapl/legacy/scripts/exporta_zope/dump30.py,Python,121874f2cf49ca99,20,3,0,0,0,0,0.32051282051282054,0.5384615384615384,0.32051282051282054,0.4154320960517859
sapl,2020,522769dcdbd7dff05fd80d9196cc2620cb10980f,sapl/legacy/scripts/exporta_zope/exporta_zope.py,Python,f2d6d10dc41fcbde,364,90,1,3,1,4,0.6948717948717948,0.9025641025641026,0.6948717948717948,0.7919383422562445
sapl,2020,522769dcdbd7dff05fd80d9196cc2620cb10980f,sapl/legacy/scripts/exporta_zope/variaveis_comuns.py,Python,73ea0d8179999bf1,3,0,0,0,0,0,0.32051282051282054,0.22564102564102564,0.22564102564102564,0.26892534568465426
sapl,2020,522769dcdbd7dff05fd80d9196cc2620cb10980f,sapl/legacy/scripts/normaliza_dump_mysql.py,Python,63f5577312c79a2b,33,1,0,0,0,0,0.32051282051282054,0.4717948717948718,0.32051282051282054,0.388865407387259
sapl,2020,522769dcdbd7dff05fd80d9196cc2620cb10980f,sapl/legacy/scripts/ressuscita_dependencias.py,Python,426836b9ebe81525,354,55,1,4,2,6,0.6948717948717948,0.8358974358974359,0.6948717948717948,0.7621296160173691
sapl,2020,522769dcdbd7dff05fd80d9196cc2620cb10980f,sapl/legacy/scripts/utils.py,Python,0f8ae69bc640d095,9,6,0,0,0,0,0.32051282051282054,0.6025641025641025,0.32051282051282054,0.43946503848724644
sapl,2020,522769dcdbd7dff05fd80d9196cc2620cb10980f,sapl/legacy/timezonesbrasil.py,Python,84e1d521a13c5b02,181,6,0,0,0,0,0.32051282051282054,0.6025641025641025,0.32051282051282054,0.43946503848724644
sapl,2020,522769dcdbd7dff05fd80d9196cc2620cb10980f,sapl/legacy/views.py,Python,2fdd163aa2ee12ae,0,0,0,0,0,0,0.32051282051282054,0.22564102564102564,0.22564102564102564,0.26892534568465426
sapl,2020,522769dcdbd7dff05fd80d9196cc2620cb10980f,sapl/legacy_migration_settings.py,Python,8b6627c2185bb758,42,0,1,1,1,2,0.6948717948717948,0.22564102564102564,0.22564102564102564,0.39596917112812224
sapl,2020,522769dcdbd7dff05fd80d9196cc2620cb10980f,sapl/lexml/OAIServer.py,Python,ea211969c4a29b64,256,64,0,0,0,0,0.32051282051282054,0.8512820512820513,0.32051282051282054,0.5223474048067529
sapl,2020,522769dcdbd7dff05fd80d9196cc2620cb10980f,sapl/lexml/__init__.py,Python,333f0cc5d1aec796,1,0,0,0,0,0,0.32051282051282054,0.22564102564102564,0.22564102564102564,0.26892534568465426
sapl,2020,522769dcdbd7dff05fd80d9196cc2620cb10980f,sapl/lexml/admin.py,Python,54bef07a591dc403,2,0,0,0,0,0,0.32051282051282054,0.22564102564102564,0.22564102564102564,0.26892534568465426
sapl,2020,522769dcdbd7dff05fd80d9196cc2620cb10980f,sapl/lexml/apps.py,Python,ba198e2c0384affa,6,0,0,0,0,0,0.32051282051282054,0.22564102564102564,0.22564102564102564,0.26892534568465426
sapl,2020,522769dcdbd7dff05fd80d9196cc2620cb10980f,sapl/lexml/forms.py,Python,a990ac5f47cb7dea,45,7,1,57,0,57,0.6948717948717948,0.6230769230769231,0.6230769230769231,0.6579958813561502
sapl,2020,522769dcdbd7dff05fd80d9196cc2620cb10980f,sapl/lexml/models.py,Python,cc55eb268a64bc74,60,3,1,2,0,2,0.6948717948717948,0.5384615384615384,0.5384615384615384,0.61168761283861
sapl,2020,522769dcdbd7dff05fd80d9196cc2620cb10980f,sapl/lexml/urls.py,Python,701bf8fdc12ab600,12,0,0,0,0,0,0.32051282051282054,0.22564102564102564,0.22564102564102564,0.26892534568465426
sapl,2020,522769dcdbd7dff05fd80d9196cc2620cb10980f,sapl/lexml/views.py,Python,5a31b33300a6af7e,29,3,1,8,0,8,0.6948717948717948,0.5384615384615384,0.5384615384615384,0.61168761283861
sapl,2020,522769dcdbd7dff05fd80d9196cc2620cb10980f,sapl/materia/__init__.py,Python,6a1f5def9b5501a3,1,0,0,0,0,0,0.32051282051282054,0.22564102564102564,0.22564102564102564,0.26892534568465426
sapl,2020,522769dcdbd7dff05fd80d9196cc2620cb10980f,sapl/materia/admin.py,Python,9403758a2e71e168,29,3,0,0,0,0,0.32051282051282054,0.5384615384615384,0.32051282051282054,0.4154320960517859
sapl,2020,522769dcdbd7dff05fd80d9196cc2620cb10980f,sapl/materia/apps.py,Python,4bf9d9b3b1a5aa85,8,1,0,0,0,0,0.32051282051282054,0.4717948717948718,0.32051282051282054,0.388865407387259
sapl,2020,522769dcdbd7dff05fd80d9196cc2620cb10980f,sapl/materia/forms.py,Python,94f38869fdb3fba6,2300,350,13,108,75,183,0.9564102564102565,0.9743589743589743,0.9564102564102565,0.9653429009954448
sapl,2020,522769dcdbd7dff05fd80d9196cc2620cb10980f,sapl/materia/models.py,Python,41d990dabc9a4e77,971,88,9,164,69,233,0.9487179487179487,0.8974358974358975,0.8974358974358975,0.9227207289972605
sapl,2020,522769dcdbd7dff05fd80d9196cc2620cb10980f,sapl/materia/urls.py,Python,87c8e8c64dee3b5d,167,0,3,26,8,34,0.8333333333333334,0.22564102564102564,0.22564102564102564,0.43362909039199393
sapl,2020,522769dcdbd7dff05fd80d9196cc2620cb10980f,sapl/materia/views.py,Python,11b2afe97076f159,2269,399,13,491,268,759,0.9564102564102565,0.9897435897435898,0.9564102564102565,0.972934180942922
sapl,2020,522769dcdbd7dff05fd80d9196cc2620cb10980f,sapl/norma/__init__.py,Python,e6c08d6bf4d5971a,1,0,0,0,0,0,0.32051282051282054,0.22564102564102564,0.22564102564102564,0.26892534568465426
sapl,2020,522769dcdbd7dff05fd80d9196cc2620cb10980f,sapl/norma/admin.py,Python,726973431759b934,2,0,0,0,0,0,0.32051282051282054,0.22564102564102564,0.22564102564102564,0.26892534568465426
sapl,2020,522769dcdbd7dff05fd80d9196cc2620cb10980f,sapl/norma/apps.py,Python,065d03cd55a4d6df,6,0,0,0,0,0,0.32051282051282054,0.22564102564102564,0.22564102564102564,0.26892534568465426
sapl,2020,522769dcdbd7dff05fd80d9196cc2620cb10980f,sapl/norma/forms.py,Python,74b221157d83f01b,358,44,2,26,1,27,0.782051282051282,0.823076923076923,0.782051282051282,0.8023019150663496
sapl,2020,522769dcdbd7dff05fd80d9196cc2620cb10980f,sapl/norma/models.py,Python,b2e0bcbc19ef340d,398,39,5,75,7,82,0.9102564102564102,0.8051282051282052,0.8051282051282052,0.8560800837516235
sapl,2020,522769dcdbd7dff05fd80d9196cc2620cb10980f,sapl/norma/signals.py,Python,a7c6ddf54fcf026e,0,0,0,0,0,0,0.32051282051282054,0.22564102564102564,0.22564102564102564,0.26892534568465426
sapl,2020,522769dcdbd7dff05fd80d9196cc2620cb10980f,sapl/norma/urls.py,Python,5c3e3f75577c266e,29,0,1,10,2,12,0.6948717948717948,0.22564102564102564,0.22564102564102564,0.39596917112812224
sapl,2020,522769dcdbd7dff05fd80d9196cc2620cb10980f,sapl/norma/views.py,Python,e71f7bd22abca298,404,58,5,127,16,143,0.9102564102564102,0.841025641025641,0.841025641025641,0.8749565594551517
sapl,2020,522769dcdbd7dff05fd80d9196cc2620cb10980f,sapl/painel/__init__.py,Python,af1d54eee94be5b7,1,0,0,0,0,0,0.32051282051282054,0.22564102564102564,0.22564102564102564,0.26892534568465426
sapl,2020,522769dcdbd7dff05fd80d9196cc2620cb10980f,sapl/painel/admin.py,Python,85e1bb8b1ae8aaf5,0,0,0,0,0,0,0.32051282051282054,0.22564102564102564,0.22564102564102564,0.26892534568465426
sapl,2020,522769dcdbd7dff05fd80d9196cc2620cb10980f,sapl/painel/apps.py,Python,0ed3f5c15411d1cb,6,0,0,0,0,0,0.32051282051282054,0.22564102564102564,0.22564102564102564,0.26892534568465426
sapl,2020,522769dcdbd7dff05fd80d9196cc2620cb10980f,sapl/painel/models.py,Python,76209356ab107bb4,43,1,1,6,0,6,0.6948717948717948,0.4717948717948718,0.4717948717948718,0.5725704754660433
sapl,2020,522769dcdbd7dff05fd80d9196cc2620cb10980f,sapl/painel/urls.py,Python,ce2fb875f861448b,22,0,0,0,0,0,0.32051282051282054,0.22564102564102564,0.22564102564102564,0.26892534568465426
sapl,2020,522769dcdbd7dff05fd80d9196cc2620cb10980f,sapl/painel/views.py,Python,c25fa8a967c0b4c1,500,103,3,13,11,24,0.8333333333333334,0.9179487179487179,0.8333333333333334,0.8746183538877199
sapl,2020,522769dcdbd7dff05fd80d9196cc2620cb10980f,sapl/parlamentares/__init__.py,Python,2e16213924ad8b30,1,0,0,0,0,0,0.32051282051282054,0.22564102564102564,0.22564102564102564,0.26892534568465426
sapl,2020,522769dcdbd7dff05fd80d9196cc2620cb10980f,sapl/parlamentares/admin.py,Python,6c6987653626463f,2,0,0,0,0,0,0.32051282051282054,0.22564102564102564,0.22564102564102564,0.26892534568465426
sapl,2020,522769dcdbd7dff05fd80d9196cc2620cb10980f,sapl/parlamentares/apps.py,Python,ecdc4141509d7e67,6,0,0,0,0,0,0.32051282051282054,0.22564102564102564,0.22564102564102564,0.26892534568465426
sapl,2020,522769dcdbd7dff05fd80d9196cc2620cb10980f,sapl/parlamentares/forms.py,Python,3beb6a4b0e225b81,544,101,5,141,12,153,0.9102564102564102,0.9128205128205128,0.9102564102564102,0.9115375599548355
sapl,2020,522769dcdbd7dff05fd80d9196cc2620cb10980f,sapl/parlamentares/models.py,Python,6912635a78814045,581,46,6,185,19,204,0.9358974358974359,0.8307692307692308,0.8307692307692308,0.8817679926712062
sapl,2020,522769dcdbd7dff05fd80d9196cc2620cb10980f,sapl/parlamentares/urls.py,Python,49a8beaed92e4d5b,90,0,5,39,16,55,0.9102564102564102,0.22564102564102564,0.22564102564102564,0.45320104810842465
sapl,2020,522769dcdbd7dff05fd80d9196cc2620cb10980f,sapl/parlamentares/views.py,Python,fab4a7e6fcc30889,975,161,14,330,161,491,0.9692307692307692,0.9435897435897436,0.9435897435897436,0.9563243241796956
sapl,2020,522769dcdbd7dff05fd80d9196cc2620cb10980f,sapl/protocoloadm/__init__.py,Python,436faa0b94315044,1,0,0,0,0,0,0.32051282051282054,0.22564102564102564,0.22564102564102564,0.26892534568465426
sapl,2020,522769dcdbd7dff05fd80d9196cc2620cb10980f,sapl/protocoloadm/admin.py,Python,9af7c678cd566901,5,0,0,0,0,0,0.32051282051282054,0.22564102564102564,0.22564102564102564,0.26892534568465426
sapl,2020,522769dcdbd7dff05fd80d9196cc2620cb10980f,sapl/protocoloadm/apps.py,Python,a3513c815728e003,8,1,0,0,0,0,0.32051282051282054,0.4717948717948718,0.32051282051282054,0.388865407387259
sapl,2020,522769dcdbd7dff05fd80d9196cc2620cb10980f,sapl/protocoloadm/forms.py,Python,0b965857f647e956,1401,175,4,102,99,201,0.8743589743589744,0.9487179487179487,0.8743589743589744,0.9107799144672524
sapl,2020,522769dcdbd7dff05fd80d9196cc2620cb10980f,sapl/protocoloadm/models.py,Python,23e78b47c21c8f0c,379,19,4,60,34,94,0.8743589743589744,0.7282051282051282,0.7282051282051282,0.7979427855556946
sapl,2020,522769dcdbd7dff05fd80d9196cc2620cb10980f,sapl/protocoloadm/urls.py,Python,84c7e2753ea5a865,92,0,1,6,1,7,0.6948717948717948,0.22564102564102564,0.22564102564102564,0.39596917112812224
sapl,2020,522769dcdbd7dff05fd80d9196cc2620cb10980f,sapl/protocoloadm/views.py,Python,1d4dd9e563aef08b,1345,214,6,182,136,318,0.9358974358974359,0.958974358974359,0.9358974358974359,0.9473656335626124
sapl,2020,522769dcdbd7dff05fd80d9196cc2620cb10980f,sapl/redireciona_urls/__init__.py,Python,3f9521c8b0c6dcfd,0,0,0,0,0,0,0.32051282051282054,0.22564102564102564,0.22564102564102564,0.26892534568465426
sapl,2020,522769dcdbd7dff05fd80d9196cc2620cb10980f,sapl/redireciona_urls/apps.py,Python,842fad2432b27782,6,0,0,0,0,0,0.32051282051282054,0.22564102564102564,0.22564102564102564,0.26892534568465426
sapl,2020,522769dcdbd7dff05fd80d9196cc2620cb10980f,sapl/redireciona_urls/exceptions.py,Python,1c81a89fe430f993,9,2,0,0,0,0,0.32051282051282054,0.5076923076923077,0.32051282051282054,0.40338801852698136
sapl,2020,522769dcdbd7dff05fd80d9196cc2620cb10980f,sapl/redireciona_urls/urls.py,Python,961167c173391142,83,0,0,0,0,0,0.32051282051282054,0.22564102564102564,0.22564102564102564,0.26892534568465426
sapl,2020,522769dcdbd7dff05fd80d9196cc2620cb10980f,sapl/redireciona_urls/views.py,Python,16ac6d5684c34cc5,656,65,1,1,1,2,0.6948717948717948,0.8564102564102564,0.6948717948717948,0.7714242231213698
sapl,2020,522769dcdbd7dff05fd80d9196cc2620cb10980f,sapl/relatorios/__init__.py,Python,9463e1276de17647,1,0,0,0,0,0,0.32051282051282054,0.22564102564102564,0.22564102564102564,0.26892534568465426
sapl,2020,522769dcdbd7dff05fd80d9196cc2620cb10980f,sapl/relatorios/admin.py,Python,1a24cd7da2b56fae,0,0,0,0,0,0,0.32051282051282054,0.22564102564102564,0.22564102564102564,0.26892534568465426
sapl,2020,522769dcdbd7dff05fd80d9196cc2620cb10980f,sapl/relatorios/apps.py,Python,fbaf96f49e8aab04,6,0,0,0,0,0,0.32051282051282054,0.22564102564102564,0.22564102564102564,0.26892534568465426
sapl,2020,522769dcdbd7dff05fd80d9196cc2620cb10980f,sapl/relatorios/models.py,Python,f606dd4c08040377,0,0,0,0,0,0,0.32051282051282054,0.22564102564102564,0.22564102564102564,0.26892534568465426
sapl,2020,522769dcdbd7dff05fd80d9196cc2620cb10980f,sapl/relatorios/templates/__init__.py,Python,e466947b514062c3,0,0,0,0,0,0,0.32051282051282054,0.22564102564102564,0.22564102564102564,0.26892534568465426
sapl,2020,522769dcdbd7dff05fd80d9196cc2620cb10980f,sapl/relatorios/templates/pdf_capa_processo_gerar.py,Python,8ff631b62339b6d2,60,4,0,0,0,0,0.32051282051282054,0.5641025641025641,0.32051282051282054,0.42520830645582053
sapl,2020,522769dcdbd7dff05fd80d9196cc2620cb10980f,sapl/relatorios/templates/pdf_capa_processo_preparar_pysc.py,Python,57c0ad78f373dd69,116,0,0,0,0,0,0.32051282051282054,0.22564102564102564,0.22564102564102564,0.26892534568465426
sapl,2020,522769dcdbd7dff05fd80d9196cc2620cb10980f,sapl/relatorios/templates/pdf_detalhe_materia_gerar.py,Python,dc4b7669bfadde7b,311,94,0,0,0,0,0.32051282051282054,0.9076923076923077,0.32051282051282054,0.5393765119990418
sapl,2020,522769dcdbd7dff05fd80d9196cc2620cb10980f,sapl/relatorios/templates/pdf_detalhe_materia_preparar_pysc.py,Python,b09ebf272337e792,202,0,0,0,0,0,0.32051282051282054,0.22564102564102564,0.22564102564102564,0.26892534568465426
sapl,2020,522769dcdbd7dff05fd80d9196cc2620cb10980f,sapl/relatorios/templates/pdf_documento_administrativo_gerar.py,Python,e4dd82a9bd169bf9,96,13,0,0,0,0,0.32051282051282054,0.6948717948717948,0.32051282051282054,0.47192723895656313
sapl,2020,522769dcdbd7dff05fd80d9196cc2620cb10980f,sapl/relatorios/templates/pdf_documento_administrativo_preparar_pysc.py,Python,017c2c28aaace221,107,0,0,0,0,0,0.32051282051282054,0.22564102564102564,0.22564102564102564,0.26892534568465426
sapl,2020,522769dcdbd7dff05fd80d9196cc2620cb10980f,sapl/relatorios/templates/pdf_espelho_gerar.py,Python,d9e55b20247e3ace,98,11,0,0,0,0,0.32051282051282054,0.6794871794871795,0.32051282051282054,0.4666737108513153
sapl,2020,522769dcdbd7dff05fd80d9196cc2620cb10980f,sapl/relatorios/templates/pdf_espelho_preparar_pysc.py,Python,3a3254736c301330,155,0,0,0,0,0,0.32051282051282054,0.22564102564102564,0.22564102564102564,0.26892534568465426
sapl,2020,522769dcdbd7dff05fd80d9196cc2620cb10980f,sapl/relatorios/templates/pdf_etiqueta_protocolo_gerar.py,Python,283c4e464ac87add,93,10,0,0,0,0,0.32051282051282054,0.6692307692307692,0.32051282051282054,0.4631382530304729
sapl,2020,522769dcdbd7dff05fd80d9196cc2620cb10980f,sapl/relatorios/templates/pdf_etiqueta_protocolo_preparar_pysc.py,Python,e94c091e696f65ad,107,0,0,0,0,0,0.32051282051282054,0.22564102564102564,0.22564102564102564,0.26892534568465426
sapl,2020,522769dcdbd7dff05fd80d9196cc2620cb10980f,sapl/relatorios/templates/pdf_materia_gerar.py,Python,3fffda0582e8e3a3,82,8,0,0,0,0,0.32051282051282054,0.6358974358974359,0.32051282051282054,0.45145684260664126
sapl,2020,522769dcdbd7dff05fd80d9196cc2620cb10980f,sapl/relatorios/templates/pdf_materia_preparar_pysc.py,Python,a742639bbd8a440e,134,0,0,0,0,0,0.32051282051282054,0.22564102564102564,0.22564102564102564,0.26892534568465426
sapl,2020,522769dcdbd7dff05fd80d9196cc2620cb10980f,sapl/relatorios/templates/pdf_norma_gerar.py,Python,f6f3bfaaf8d44eea,84,9,0,0,0,0,0.32051282051282054,0.6538461538461539,0.32051282051282054,0.4577838736245417
sapl,2020,522769dcdbd7dff05fd80d9196cc2620cb10980f,sapl/relatorios/templates/pdf_norma_preparar_pysc.py,Python,f1e599dfce157920,82,0,0,0,0,0,0.32051282051282054,0.22564102564102564,0.22564102564102564,0.26892534568465426
sapl,2020,522769dcdbd7dff05fd80d9196cc2620cb10980f,sapl/relatorios/templates/pdf_ordem_dia_gerar.py,Python,f3e0d570f9c8c074,124,17,0,0,0,0,0.32051282051282054,0.717948717948718,0.32051282051282054,0.4796996649710182
sapl,2020,522769dcdbd7dff05fd80d9196cc2620cb10980f,sapl/relatorios/templates/pdf_ordem_dia_preparar_pysc.py,Python,ed1aa87959fa2a1b,132,0,0,0,0,0,0.32051282051282054,0.22564102564102564,0.22564102564102564,0.26892534568465426
sapl,2020,522769dcdbd7dff05fd80d9196cc2620cb10980f,sapl/relatorios/templates/pdf_pauta_sessao_gerar.py,Python,2ab00fd718a8c09b,164,14,0,0,0,0,0.32051282051282054,0.7051282051282052,0.32051282051282054,0.4753973389163887
sapl,2020,522769dcdbd7dff05fd80d9196cc2620cb10980f,sapl/relatorios/templates/pdf_pauta_sessao_preparar_pysc.py,Python,b677f585c0fcf73c,153,0,0,0,0,0,0.32051282051282054,0.22564102564102564,0.22564102564102564,0.26892534568465426
sapl,2020,522769dcdbd7dff05fd80d9196cc2620cb10980f,sapl/relatorios/templates/pdf_protocolo_gerar.py,Python,d7588d73147a81a2,101,15,0,0,0,0,0.32051282051282054,0.7128205128205128,0.32051282051282054,0.4779833815976218
sapl,2020,522769dcdbd7dff05fd80d9196cc2620cb10980f,sapl/relatorios/templates/pdf_protocolo_preparar_pysc.py,Python,e6685acaab144464,99,0,0,0,0,0,0.32051282051282054,0.22564102564102564,0.22564102564102564,0.26892534568465426
sapl,2020,522769dcdbd7dff05fd80d9196cc2620cb10980f,sapl/relatorios/templates/pdf_sessao_plenaria_gerar.py,Python,8adf8de23b0391a5,418,72,0,0,0,0,0.32051282051282054,0.8666666666666667,0.32051282051282054,0.5270462766947299
sapl,2020,522769dcdbd7dff05fd80d9196cc2620cb10980f,sapl/relatorios/templates/pdf_sessao_plenaria_preparar_pysc.py,Python,bea9e89b15b496d1,239,0,0,0,0,0,0.32051282051282054,0.22564102564102564,0.22564102564102564,0.26892534568465426
sapl,2020,522769dcdbd7dff05fd80d9196cc2620cb10980f,sapl/relatorios/urls.py,Python,f25181eed82d4ba3,35,0,4,17,9,26,0.8743589743589744,0.22564102564102564,0.22564102564102564,0.44417480314938423
sapl,2020,522769dcdbd7dff05fd80d9196cc2620cb10980f,sapl/relatorios/views.py,Python,710c9fb76ba1bbc3,1122,187,14,403,342,745,0.9692307692307692,0.9538461538461539,0.9538461538461539,0.9615076918153689
sapl,2020,522769dcdbd7dff05fd80d9196cc2620cb10980f,sapl/rules/__init__.py,Python,565865e6f0800dbf,32,0,0,0,0,0,0.32051282051282054,0.22564102564102564,0.22564102564102564,0.26892534568465426
sapl,2020,522769dcdbd7dff05fd80d9196cc2620cb10980f,sapl/rules/apps.py,Python,fc77782d7660cb21,191,44,2,6,21,27,0.782051282051282,0.823076923076923,0.782051282051282,0.8023019150663496
sapl,2020,522769dcdbd7dff05fd80d9196cc2620cb10980f,sapl/rules/management/commands/check_ids_sequences.py,Python,2fd3bbb21f32198b,33,10,1,67,0,67,0.6948717948717948,0.6692307692307692,0.6692307692307692,0.681930777864452
sapl,2020,522769dcdbd7dff05fd80d9196cc2620cb10980f,sapl/rules/map_rules.py,Python,c3b8bf46eb27d154,297,1,3,8,1,9,0.8333333333333334,0.4717948717948718,0.4717948717948718,0.6270266287506402
sapl,2020,522769dcdbd7dff05fd80d9196cc2620cb10980f,sapl/rules/models.py,Python,65668cdfe5793a55,0,0,0,0,0,0,0.32051282051282054,0.22564102564102564,0.22564102564102564,0.26892534568465426
sapl,2020,522769dcdbd7dff05fd80d9196cc2620cb10980f,sapl/sessao/__init__.py,Python,683fe6dff3109245,1,0,0,0,0,0,0.32051282051282054,0.22564102564102564,0.22564102564102564,0.26892534568465426
sapl,2020,522769dcdbd7dff05fd80d9196cc2620cb10980f,sapl/sessao/admin.py,Python,731827703e9a0b81,2,0,0,0,0,0,0.32051282051282054,0.22564102564102564,0.22564102564102564,0.26892534568465426
sapl,2020,522769dcdbd7dff05fd80d9196cc2620cb10980f,sapl/sessao/apps.py,Python,b84cadf57b8feea5,6,0,0,0,0,0,0.32051282051282054,0.22564102564102564,0.22564102564102564,0.26892534568465426
sapl,2020,522769dcdbd7dff05fd80d9196cc2620cb10980f,sapl/sessao/forms.py,Python,c22c88a1cb819a91,795,110,6,27,86,113,0.9358974358974359,0.9230769230769231,0.9230769230769231,0.9294650748918902
sapl,2020,522769dcdbd7dff05fd80d9196cc2620cb10980f,sapl/sessao/models.py,Python,8991cdb3433793b5,761,61,3,49,18,67,0.8333333333333334,0.8461538461538461,0.8333333333333334,0.8397191227596316
sapl,2020,522769dcdbd7dff05fd80d9196cc2620cb10980f,sapl/sessao/serializers.py,Python,77e0965b71ed5624,2,0,0,0,0,0,0.32051282051282054,0.22564102564102564,0.22564102564102564,0.26892534568465426
sapl,2020,522769dcdbd7dff05fd80d9196cc2620cb10980f,sapl/sessao/urls.py,Python,1b2b956c75f568bc,187,0,3,22,16,38,0.8333333333333334,0.22564102564102564,0.22564102564102564,0.43362909039199393
sapl,2020,522769dcdbd7dff05fd80d9196cc2620cb10980f,sapl/sessao/views.py,Python,c4bec0aa3f27a78d,3707,641,26,769,481,1250,0.9897435897435898,1.0,0.9897435897435898,0.9948585777604724
sapl,2020,522769dcdbd7dff05fd80d9196cc2620cb10980f,sapl/settings.py,Python,b5ea40e821c853b1,273,1,32,50,51,101,1.0,0.4717948717948718,0.4717948717948718,0.6868732574462859
sapl,2020,522769dcdbd7dff05fd80d9196cc2620cb10980f,sapl/urls.py,Python,d0ca975f5f417ca9,55,0,2,5,3,8,0.782051282051282,0.22564102564102564,0.22564102564102564,0.42007481879533115
sapl,2020,522769dcdbd7dff05fd80d9196cc2620cb10980f,sapl/utils.py,Python,b38f2cf8d9bb2f72,704,155,2,35,3,38,0.782051282051282,0.9333333333333333,0.782051282051282,0.8543503554833519
sapl,2020,522769dcdbd7dff05fd80d9196cc2620cb10980f,sapl/wsgi.py,Python,6da0b3def5cd62ad,4,0,0,0,0,0,0.32051282051282054,0.22564102564102564,0.22564102564102564,0.26892534568465426
sapl,2020,522769dcdbd7dff05fd80d9196cc2620cb10980f,scripts/anonimizador/anon.py,Python,0c8f6dbd179da9e1,58,18,0,0,0,0,0.32051282051282054,0.7230769230769231,0.32051282051282054,0.48140982962868173
sapl,2020,522769dcdbd7dff05fd80d9196cc2620cb10980f,scripts/atualizar_requirements.py,Python,3c3c90ec093624cf,24,3,0,0,0,0,0.32051282051282054,0.5384615384615384,0.32051282051282054,0.4154320960517859
sapl,2020,522769dcdbd7dff05fd80d9196cc2620cb10980f,scripts/check_commits.py,Python,ac0d041a6214aaa3,16,0,0,0,0,0,0.32051282051282054,0.22564102564102564,0.22564102564102564,0.26892534568465426
sapl,2020,522769dcdbd7dff05fd80d9196cc2620cb10980f,scripts/convert_null_to_empty_in_all_char_fields.py,Python,62805fa66d97ace0,19,9,0,0,0,0,0.32051282051282054,0.6538461538461539,0.32051282051282054,0.4577838736245417
sapl,2020,522769dcdbd7dff05fd80d9196cc2620cb10980f,scripts/deduplica_parlamentares.py,Python,06b4a2a480d7791f,80,24,0,0,0,0,0.32051282051282054,0.7615384615384615,0.32051282051282054,0.4940474068717357
sapl,2020,522769dcdbd7dff05fd80d9196cc2620cb10980f,scripts/fk_protocoloadm_docadm.py,Python,9cfd12d24cfb2d7b,14,4,0,0,0,0,0.32051282051282054,0.5641025641025641,0.32051282051282054,0.42520830645582053
sapl,2020,522769dcdbd7dff05fd80d9196cc2620cb10980f,scripts/gerar_hash_proposicoes.py,Python,2147258a7847d759,29,7,2,36,1,37,0.782051282051282,0.6230769230769231,0.6230769230769231,0.6980530828732696
sapl,2020,522769dcdbd7dff05fd80d9196cc2620cb10980f,scripts/id_numero_legislatura.py,Python,69df878b3934f161,7,2,0,0,0,0,0.32051282051282054,0.5076923076923077,0.32051282051282054,0.40338801852698136
sapl,2020,522769dcdbd7dff05fd80d9196cc2620cb10980f,scripts/lista_permissions_in_decorators.py,Python,de69cb2a44acad43,93,35,0,0,0,0,0.32051282051282054,0.7974358974358975,0.32051282051282054,0.5055575423879579
sapl,2020,522769dcdbd7dff05fd80d9196cc2620cb10980f,scripts/lista_urls.py,Python,a32a901c51dbc517,33,8,1,2,2,4,0.6948717948717948,0.6358974358974359,0.6358974358974359,0.6647309174669277
sapl,2020,522769dcdbd7dff05fd80d9196cc2620cb10980f,scripts/redbaron.py,Python,233389a22034fd08,74,33,0,0,0,0,0.32051282051282054,0.7897435897435897,0.32051282051282054,0.5031132530858611
sapl,2020,522769dcdbd7dff05fd80d9196cc2620cb10980f,scripts/remove_multiplos_autores.py,Python,4c69bd43760adbd4,63,21,0,0,0,0,0.32051282051282054,0.7410256410256411,0.32051282051282054,0.4873481489422619
sapl,2020,522769dcdbd7dff05fd80d9196cc2620cb10980f,scripts/remove_protocolos_inexistentes_materias.py,Python,db41c080705a8d45,9,3,0,0,0,0,0.32051282051282054,0.5384615384615384,0.32051282051282054,0.4154320960517859
sapl,2020,522769dcdbd7dff05fd80d9196cc2620cb10980f,scripts/set_inicio_mandato.py,Python,7bdb2222b469a423,7,2,0,0,0,0,0.32051282051282054,0.5076923076923077,0.32051282051282054,0.40338801852698136
sapl,2020,522769dcdbd7dff05fd80d9196cc2620cb10980f,scripts/solr_password.py,Python,e61f2f37d8f9a083,48,5,1,86,0,86,0.6948717948717948,0.5794871794871795,0.5794871794871795,0.6345622873410067
sapl,2020,522769dcdbd7dff05fd80d9196cc2620cb10980f,setup.py,Python,7d5dec7a3271fd2c,61,0,28,27,28,55,0.9948717948717949,0.22564102564102564,0.22564102564102564,0.47379731128004504
sapl,2020,522769dcdbd7dff05fd80d9196cc2620cb10980f,solr/docs_stats.py,Python,dc4bbfc4bc58aa09,20,0,0,0,0,0,0.32051282051282054,0.22564102564102564,0.22564102564102564,0.26892534568465426
sapl,2021,42cdc0b0602db0a6d5c7957a445ff06c26dd2ace,docker/create_admin.py,Python,c93741871b84b6e3,45,6,0,0,0,0,0.3175355450236967,0.6090047393364929,0.3175355450236967,0.4397506700702429
sapl,2021,42cdc0b0602db0a6d5c7957a445ff06c26dd2ace,docker/genkey.py,Python,61a0bf489ba63060,7,2,0,0,0,0,0.3175355450236967,0.5355450236966824,0.3175355450236967,0.41237674641552546
sapl,2021,42cdc0b0602db0a6d5c7957a445ff06c26dd2ace,docker/solr_api.py,Python,37f34439e61a74e7,164,24,0,0,0,0,0.3175355450236967,0.7701421800947867,0.3175355450236967,0.49451745864239827
sapl,2021,42cdc0b0602db0a6d5c7957a445ff06c26dd2ace,manage.py,Python,ea8192dce2df8296,6,0,0,0,0,0,0.3175355450236967,0.24644549763033174,0.24644549763033174,0.2797413187369423
sapl,2021,42cdc0b0602db0a6d5c7957a445ff06c26dd2ace,sapl/__init__.py,Python,9d55a50bbea85f33,0,0,0,0,0,0,0.3175355450236967,0.24644549763033174,0.24644549763033174,0.2797413187369423
sapl,2021,42cdc0b0602db0a6d5c7957a445ff06c26dd2ace,sapl/api/__init__.py,Python,bd98e7c11753dc0a,1,0,0,0,0,0,0.3175355450236967,0.24644549763033174,0.24644549763033174,0.2797413187369423
sapl,2021,42cdc0b0602db0a6d5c7957a445ff06c26dd2ace,sapl/api/admin.py,Python,2777c6afa5a95b4f,0,0,0,0,0,0,0.3175355450236967,0.24644549763033174,0.24644549763033174,0.2797413187369423
sapl,2021,42cdc0b0602db0a6d5c7957a445ff06c26dd2ace,sapl/api/apps.py,Python,c0862434cb8882d7,6,0,0,0,0,0,0.3175355450236967,0.24644549763033174,0.24644549763033174,0.2797413187369423
sapl,2021,42cdc0b0602db0a6d5c7957a445ff06c26dd2ace,sapl/api/core/__init__.py,Python,56a508258d50ad4b,138,29,7,312,20,332,0.9620853080568721,0.7890995260663507,0.7890995260663507,0.8713099681646462
sapl,2021,42cdc0b0602db0a6d5c7957a445ff06c26dd2ace,sapl/api/core/filters.py,Python,d694e0000ac5d7cd,75,21,6,121,11,132,0.9478672985781991,0.7559241706161137,0.7559241706161137,0.846472563956955
sapl,2021,42cdc0b0602db0a6d5c7957a445ff06c26dd2ace,sapl/api/core/forms.py,Python,896476230f2d2e14,5,0,1,25,0,25,0.7156398104265402,0.24644549763033174,0.24644549763033174,0.41995977093603265
sapl,2021,42cdc0b0602db0a6d5c7957a445ff06c26dd2ace,sapl/api/core/schema.py,Python,ae96e5ef03794e53,3,0,1,5,0,5,0.7156398104265402,0.24644549763033174,0.24644549763033174,0.41995977093603265
sapl,2021,42cdc0b0602db0a6d5c7957a445ff06c26dd2ace,sapl/api/core/serializers.py,Python,ba89fcbbcde9b6c1,30,7,1,50,0,50,0.7156398104265402,0.6303317535545023,0.6303317535545023,0.6716327096111183
sapl,2021,42cdc0b0602db0a6d5c7957a445ff06c26dd2ace,sapl/api/deprecated.py,Python,8951be30535ae199,418,86,3,15,9,24,0.8672985781990521,0.8981042654028436,0.8672985781990521,0.8825670243434152
sapl,2021,42cdc0b0602db0a6d5c7957a445ff06c26dd2ace,sapl/api/forms.py,Python,0b63a48e8a7d9bf4,0,0,3,12,77,89,0.8672985781990521,0.24644549763033174,0.24644549763033174,0.4623222141519317
sapl,2021,42cdc0b0602db0a6d5c7957a445ff06c26dd2ace,sapl/api/pagination.py,Python,cb6a02afb55755bd,96,6,2,66,1,67,0.8222748815165877,0.6090047393364929,0.6090047393364929,0.7076505492691679
sapl,2021,42cdc0b0602db0a6d5c7957a445ff06c26dd2ace,sapl/api/permissions.py,Python,5bceb70dc5eb9425,41,8,0,0,0,0,0.3175355450236967,0.6469194312796208,0.3175355450236967,0.4532327373411968
sapl,2021,42cdc0b0602db0a6d5c7957a445ff06c26dd2ace,sapl/api/serializers.py,Python,66435c88a8993743,100,14,3,28,76,104,0.8672985781990521,0.7180094786729858,0.7180094786729858,0.7891315479604926
sapl,2021,42cdc0b0602db0a6d5c7957a445ff06c26dd2ace,sapl/api/urls.py,Python,927a4f11006a4510,42,0,5,23,43,66,0.9289099526066351,0.24644549763033174,0.24644549763033174,0.47846178063029243
sapl,2021,42cdc0b0602db0a6d5c7957a445ff06c26dd2ace,sapl/api/views.py,Python,31bfc57507210350,31,4,3,48,702,750,0.8672985781990521,0.5829383886255924,0.5829383886255924,0.7110426398132694
sapl,2021,42cdc0b0602db0a6d5c7957a445ff06c26dd2ace,sapl/api/viewset.py,Python,d2e0307e7183d89c,232,45,4,431,18,449,0.9028436018957346,0.8436018957345972,0.8436018957345972,0.8727202152529147
sapl,2021,42cdc0b0602db0a6d5c7957a445ff06c26dd2ace,sapl/audiencia/__init__.py,Python,b148575890c3569c,1,0,0,0,0,0,0.3175355450236967,0.24644549763033174,0.24644549763033174,0.2797413187369423
sapl,2021,42cdc0b0602db0a6d5c7957a445ff06c26dd2ace,sapl/audiencia/admin.py,Python,7db682ce4e6b353d,2,0,0,0,0,0,0.3175355450236967,0.24644549763033174,0.24644549763033174,0.2797413187369423
sapl,2021,42cdc0b0602db0a6d5c7957a445ff06c26dd2ace,sapl/audiencia/apps.py,Python,37189946a76357f8,6,0,0,0,0,0,0.3175355450236967,0.24644549763033174,0.24644549763033174,0.2797413187369423
sapl,2021,42cdc0b0602db0a6d5c7957a445ff06c26dd2ace,sapl/audiencia/forms.py,Python,b430267bb0c7e0f0,155,28,0,0,0,0,0.3175355450236967,0.7819905213270142,0.3175355450236967,0.49830691987262044
sapl,2021,42cdc0b0602db0a6d5c7957a445ff06c26dd2ace,sapl/audiencia/models.py,Python,68d5b5ae13437ee2,184,21,0,0,0,0,0.3175355450236967,0.7559241706161137,0.3175355450236967,0.48993141715261895
sapl,2021,42cdc0b0602db0a6d5c7957a445ff06c26dd2ace,sapl/audiencia/urls.py,Python,836ea69714280178,7,0,0,0,0,0,0.3175355450236967,0.24644549763033174,0.24644549763033174,0.2797413187369423
sapl,2021,42cdc0b0602db0a6d5c7957a445ff06c26dd2ace,sapl/audiencia/views.py,Python,08e954878725cf6a,79,14,1,1,1,2,0.7156398104265402,0.7180094786729858,0.7156398104265402,0.7168236653473394
sapl,2021,42cdc0b0602db0a6d5c7957a445ff06c26dd2ace,sapl/base/__init__.py,Python,e80b192cd0f8e7e6,1,0,0,0,0,0,0.3175355450236967,0.24644549763033174,0.24644549763033174,0.2797413187369423
sapl,2021,42cdc0b0602db0a6d5c7957a445ff06c26dd2ace,sapl/base/admin.py,Python,5164eb55a28cb806,31,6,0,0,0,0,0.3175355450236967,0.6090047393364929,0.3175355450236967,0.4397506700702429
sapl,2021,42cdc0b0602db0a6d5c7957a445ff06c26dd2ace,sapl/base/apps.py,Python,5b07a8af48db3be4,8,1,1,3,0,3,0.7156398104265402,0.5071090047393365,0.5071090047393365,0.6024179545940263
sapl,2021,42cdc0b0602db0a6d5c7957a445ff06c26dd2ace,sapl/base/email_utils.py,Python,4fe25c9014e5def0,200,29,0,0,0,0,0.3175355450236967,0.7890995260663507,0.3175355450236967,0.5005668267948041
sapl,2021,42cdc0b0602db0a6d5c7957a445ff06c26dd2ace,sapl/base/forms.py,Python,3eba1379d2383eb6,1499,160,10,465,458,923,0.976303317535545,0.9383886255924171,0.9383886255924171,0.9571582566657915
sapl,2021,42cdc0b0602db0a6d5c7957a445ff06c26dd2ace,sapl/base/models.py,Python,20b3b832ae2046c4,301,12,3,65,15,80,0.8672985781990521,0.6943127962085308,0.6943127962085308,0.7760003227944348
sapl,2021,42cdc0b0602db0a6d5c7957a445ff06c26dd2ace,sapl/base/receivers.py,Python,35c2cdc491987fcb,150,32,2,91,21,112,0.8222748815165877,0.8009478672985783,0.8009478672985783,0.8115413191476464
sapl,2021,42cdc0b0602db0a6d5c7957a445ff06c26dd2ace,sapl/base/search_indexes.py,Python,830f1d85a06093c7,148,26,1,14,1,15,0.7156398104265402,0.7772511848341233,0.7156398104265402,0.7458095538195363
sapl,2021,42cdc0b0602db0a6d5c7957a445ff06c26dd2ace,sapl/base/templatetags/__init__.py,Python,72b1f88b8819ab4c,0,0,0,0,0,0,0.3175355450236967,0.24644549763033174,0.24644549763033174,0.2797413187369423
sapl,2021,42cdc0b0602db0a6d5c7957a445ff06c26dd2ace,sapl/base/templatetags/base_tags.py,Python,72b830105fde6386,5,1,0,0,0,0,0.3175355450236967,0.5071090047393365,0.3175355450236967,0.40127937176776185
sapl,2021,42cdc0b0602db0a6d5c7957a445ff06c26dd2ace,sapl/base/templatetags/common_tags.py,Python,6f74a32feb952228,270,82,7,50,15,65,0.9620853080568721,0.8862559241706162,0.8862559241706162,0.923392551314399
sapl,2021,42cdc0b0602db0a6d5c7957a445ff06c26dd2ace,sapl/base/templatetags/menus.py,Python,7331ca12752ab210,135,40,0,0,0,0,0.3175355450236967,0.8222748815165877,0.3175355450236967,0.5109809220134008
sapl,2021,42cdc0b0602db0a6d5c7957a445ff06c26dd2ace,sapl/base/urls.py,Python,55ca87487c9d09c4,162,0,5,39,37,76,0.9289099526066351,0.24644549763033174,0.24644549763033174,0.47846178063029243
sapl,2021,42cdc0b0602db0a6d5c7957a445ff06c26dd2ace,sapl/base/views.py,Python,2b1ea23ae76b50cb,1869,346,14,513,531,1044,0.990521327014218,0.976303317535545,0.976303317535545,0.9833866267413298
sapl,2021,42cdc0b0602db0a6d5c7957a445ff06c26dd2ace,sapl/comissoes/__init__.py,Python,8d6b2bd13c3fb46b,1,0,0,0,0,0,0.3175355450236967,0.24644549763033174,0.24644549763033174,0.2797413187369423
sapl,2021,42cdc0b0602db0a6d5c7957a445ff06c26dd2ace,sapl/comissoes/admin.py,Python,5a0b3c9a4676061d,2,0,0,0,0,0,0.3175355450236967,0.24644549763033174,0.24644549763033174,0.2797413187369423
sapl,2021,42cdc0b0602db0a6d5c7957a445ff06c26dd2ace,sapl/comissoes/apps.py,Python,3ee56fcf25032e13,6,0,0,0,0,0,0.3175355450236967,0.24644549763033174,0.24644549763033174,0.2797413187369423
sapl,2021,42cdc0b0602db0a6d5c7957a445ff06c26dd2ace,sapl/comissoes/forms.py,Python,73786b539ef44bac,435,84,2,26,14,40,0.8222748815165877,0.8909952606635071,0.8222748815165877,0.8559456889277067
sapl,2021,42cdc0b0602db0a6d5c7957a445ff06c26dd2ace,sapl/comissoes/models.py,Python,ccaebd27f398bdc1,319,30,1,1,1,2,0.7156398104265402,0.7962085308056872,0.7156398104265402,0.7548499996991297
sapl,2021,42cdc0b0602db0a6d5c7957a445ff06c26dd2ace,sapl/comissoes/urls.py,Python,c13233ae8dc130b9,24,0,0,0,0,0,0.3175355450236967,0.24644549763033174,0.24644549763033174,0.2797413187369423
sapl,2021,42cdc0b0602db0a6d5c7957a445ff06c26dd2ace,sapl/comissoes/views.py,Python,59929324acf258a0,320,41,1,8,6,14,0.7156398104265402,0.8293838862559242,0.7156398104265402,0.770415554834543
sapl,2021,42cdc0b0602db0a6d5c7957a445ff06c26dd2ace,sapl/compilacao/__init__.py,Python,02bafff79a698ead,1,0,0,0,0,0,0.3175355450236967,0.24644549763033174,0.24644549763033174,0.2797413187369423
sapl,2021,42cdc0b0602db0a6d5c7957a445ff06c26dd2ace,sapl/compilacao/admin.py,Python,9adab920b7d35049,9,0,0,0,0,0,0.3175355450236967,0.24644549763033174,0.24644549763033174,0.2797413187369423
sapl,2021,42cdc0b0602db0a6d5c7957a445ff06c26dd2ace,sapl/compilacao/apps.py,Python,f158c49e188a57cc,68,21,0,0,0,0,0.3175355450236967,0.7559241706161137,0.3175355450236967,0.48993141715261895
sapl,2021,42cdc0b0602db0a6d5c7957a445ff06c26dd2ace,sapl/compilacao/forms.py,Python,baaab395bff2b4bc,1255,135,2,48,12,60,0.8222748815165877,0.933649289099526,0.8222748815165877,0.8761942470550461
sapl,2021,42cdc0b0602db0a6d5c7957a445ff06c26dd2ace,sapl/compilacao/models.py,Python,326895f3f33cbc27,1606,238,2,19,5,24,0.8222748815165877,0.9715639810426541,0.8222748815165877,0.8938079533085576
sapl,2021,42cdc0b0602db0a6d5c7957a445ff06c26dd2ace,sapl/compilacao/templatetags/__init__.py,Python,9b4a4f7c2c8409e9,0,0,0,0,0,0,0.3175355450236967,0.24644549763033174,0.24644549763033174,0.2797413187369423
sapl,2021,42cdc0b0602db0a6d5c7957a445ff06c26dd2ace,sapl/compilacao/templatetags/compilacao_filters.py,Python,57ab3b3de0109349,223,69,0,0,0,0,0.3175355450236967,0.8767772511848341,0.3175355450236967,0.5276437645981945
sapl,2021,42cdc0b0602db0a6d5c7957a445ff06c26dd2ace,sapl/compilacao/urls.py,Python,59c8fcb7ff2f557a,88,0,0,0,0,0,0.3175355450236967,0.24644549763033174,0.24644549763033174,0.2797413187369423
sapl,2021,42cdc0b0602db0a6d5c7957a445ff06c26dd2ace,sapl/compilacao/utils.py,Python,677bcbae96e0f281,58,13,0,0,0,0,0.3175355450236967,0.7037914691943128,0.3175355450236967,0.47273545218615065
sapl,2021,42cdc0b0602db0a6d5c7957a445ff06c26dd2ace,sapl/compilacao/views.py,Python,4a9fed402fd79f45,2716,607,1,32,20,52,0.7156398104265402,0.995260663507109,0.7156398104265402,0.8439479560714749
sapl,2021,42cdc0b0602db0a6d5c7957a445ff06c26dd2ace,sapl/context_processors.py,Python,e2cb246d7d362bbe,32,8,2,24,3,27,0.8222748815165877,0.6469194312796208,0.6469194312796208,0.7293460075343037
sapl,2021,42cdc0b0602db0a6d5c7957a445ff06c26dd2ace,sapl/crispy_layout_mixin.py,Python,34ba10ecf9851d6f,253,86,1,3,2,5,0.7156398104265402,0.8981042654028436,0.7156398104265402,0.8016976775793717
sapl,2021,42cdc0b0602db0a6d5c7957a445ff06c26dd2ace,sapl/crud/__init__.py,Python,fbdb8c583da8c222,0,0,0,0,0,0,0.3175355450236967,0.24644549763033174,0.24644549763033174,0.2797413187369423
sapl,2021,42cdc0b0602db0a6d5c7957a445ff06c26dd2ace,sapl/crud/base.py,Python,b829f1d7044d28a3,1166,372,3,17,16,33,0.8672985781990521,0.985781990521327,0.8672985781990521,0.9246444283038634
sapl,2021,42cdc0b0602db0a6d5c7957a445ff06c26dd2ace,sapl/crud/urls.py,Python,13c8c7972037669d,4,0,0,0,0,0,0.3175355450236967,0.24644549763033174,0.24644549763033174,0.2797413187369423
sapl,2021,42cdc0b0602db0a6d5c7957a445ff06c26dd2ace,sapl/decorators.py,Python,7c5a8425b413ac2b,49,14,1,40,0,40,0.7156398104265402,0.7180094786729858,0.7156398104265402,0.7168236653473394
sapl,2021,42cdc0b0602db0a6d5c7957a445ff06c26dd2ace,sapl/hashers.py,Python,56ecd1ee7dc74313,30,6,0,0,0,0,0.3175355450236967,0.6090047393364929,0.3175355450236967,0.4397506700702429
sapl,2021,42cdc0b0602db0a6d5c7957a445ff06c26dd2ace,sapl/legacy/__init__.py,Python,216993cc81d3bdb8,0,0,0,0,0,0,0.3175355450236967,0.24644549763033174,0.24644549763033174,0.2797413187369423
sapl,2021,42cdc0b0602db0a6d5c7957a445ff06c26dd2ace,sapl/legacy/admin.py,Python,ebd0811c256f84aa,0,0,0,0,0,0,0.3175355450236967,0.24644549763033174,0.24644549763033174,0.2797413187369423
sapl,2021,42cdc0b0602db0a6d5c7957a445ff06c26dd2ace,sapl/legacy/management/__init__.py,Python,d3829ea40267dd5c,0,0,0,0,0,0,0.3175355450236967,0.24644549763033174,0.24644549763033174,0.2797413187369423
sapl,2021,42cdc0b0602db0a6d5c7957a445ff06c26dd2ace,sapl/legacy/management/commands/__init__.py,Python,ab78e06809ce6387,0,0,0,0,0,0,0.3175355450236967,0.24644549763033174,0.24644549763033174,0.2797413187369423
sapl,2021,42cdc0b0602db0a6d5c7957a445ff06c26dd2ace,sapl/legacy/management/commands/migracao_25_31.py,Python,8107717b4cdfb058,14,2,0,0,0,0,0.3175355450236967,0.5355450236966824,0.3175355450236967,0.41237674641552546
sapl,2021,42cdc0b0602db0a6d5c7957a445ff06c26dd2ace,sapl/legacy/management/commands/migracao_documentos.py,Python,b1860ae91d6a1f1b,6,1,0,0,0,0,0.3175355450236967,0.5071090047393365,0.3175355450236967,0.40127937176776185
sapl,2021,42cdc0b0602db0a6d5c7957a445ff06c26dd2ace,sapl/legacy/management/commands/ressuscitar_deps.py,Python,f26ba7fc85a92f68,7,1,0,0,0,0,0.3175355450236967,0.5071090047393365,0.3175355450236967,0.40127937176776185
sapl,2021,42cdc0b0602db0a6d5c7957a445ff06c26dd2ace,sapl/legacy/migracao.py,Python,27e8d26ba6dbc587,61,9,0,0,0,0,0.3175355450236967,0.6658767772511849,0.3175355450236967,0.4598255597322507
sapl,2021,42cdc0b0602db0a6d5c7957a445ff06c26dd2ace,sapl/legacy/migracao_dados.py,Python,c25a4b1eb90b3a36,1021,234,0,0,0,0,0.3175355450236967,0.966824644549763,0.3175355450236967,0.554076881352625
sapl,2021,42cdc0b0602db0a6d5c7957a445ff06c26dd2ace,sapl/legacy/migracao_documentos.py,Python,3d88e87e9ead7f1b,163,35,0,0,0,0,0.3175355450236967,0.8127962085308057,0.3175355450236967,0.5080272503213028
sapl,2021,42cdc0b0602db0a6d5c7957a445ff06c26dd2ace,sapl/legacy/migracao_usuarios.py,Python,14581ba390dd3f3c,66,12,0,0,0,0,0.3175355450236967,0.6943127962085308,0.3175355450236967,0.4695412571446759
sapl,2021,42cdc0b0602db0a6d5c7957a445ff06c26dd2ace,sapl/legacy/models.py,Python,b0ebfe374d33cfe0,876,0,0,0,0,0,0.3175355450236967,0.24644549763033174,0.24644549763033174,0.2797413187369423
sapl,2021,42cdc0b0602db0a6d5c7957a445ff06c26dd2ace,sapl/legacy/router.py,Python,0b9fba7c285f0244,18,9,0,0,0,0,0.3175355450236967,0.6658767772511849,0.3175355450236967,0.4598255597322507
sapl,2021,42cdc0b0602db0a6d5c7957a445ff06c26dd2ace,sapl/legacy/scripts/__init__.py,Python,2c6db389472940fb,0,0,0,0,0,0,0.3175355450236967,0.24644549763033174,0.24644549763033174,0.2797413187369423
sapl,2021,42cdc0b0602db0a6d5c7957a445ff06c26dd2ace,sapl/legacy/scripts/exporta_zope/dump30.py,Python,121874f2cf49ca99,20,3,0,0,0,0,0.3175355450236967,0.5616113744075829,0.3175355450236967,0.42229323208408065
sapl,2021,42cdc0b0602db0a6d5c7957a445ff06c26dd2ace,sapl/legacy/scripts/exporta_zope/exporta_zope.py,Python,f2d6d10dc41fcbde,364,90,0,0,0,0,0.3175355450236967,0.9075829383886256,0.3175355450236967,0.536833161229297
sapl,2021,42cdc0b0602db0a6d5c7957a445ff06c26dd2ace,sapl/legacy/scripts/exporta_zope/variaveis_comuns.py,Python,73ea0d8179999bf1,3,0,0,0,0,0,0.3175355450236967,0.24644549763033174,0.24644549763033174,0.2797413187369423
sapl,2021,42cdc0b0602db0a6d5c7957a445ff06c26dd2ace,sapl/legacy/scripts/normaliza_dump_mysql.py,Python,63f5577312c79a2b,33,1,0,0,0,0,0.3175355450236967,0.5071090047393365,0.3175355450236967,0.40127937176776185
sapl,2021,42cdc0b0602db0a6d5c7957a445ff06c26dd2ace,sapl/legacy/scripts/ressuscita_dependencias.py,Python,426836b9ebe81525,354,55,0,0,0,0,0.3175355450236967,0.8530805687203792,0.3175355450236967,0.520464603347577
sapl,2021,42cdc0b0602db0a6d5c7957a445ff06c26dd2ace,sapl/legacy/scripts/utils.py,Python,0f8ae69bc640d095,9,6,0,0,0,0,0.3175355450236967,0.6090047393364929,0.3175355450236967,0.4397506700702429
sapl,2021,42cdc0b0602db0a6d5c7957a445ff06c26dd2ace,sapl/legacy/timezonesbrasil.py,Python,84e1d521a13c5b02,181,6,0,0,0,0,0.3175355450236967,0.6090047393364929,0.3175355450236967,0.4397506700702429
sapl,2021,42cdc0b0602db0a6d5c7957a445ff06c26dd2ace,sapl/legacy/views.py,Python,2fdd163aa2ee12ae,0,0,0,0,0,0,0.3175355450236967,0.24644549763033174,0.24644549763033174,0.2797413187369423
sapl,2021,42cdc0b0602db0a6d5c7957a445ff06c26dd2ace,sapl/legacy_migration_settings.py,Python,8b6627c2185bb758,42,0,0,0,0,0,0.3175355450236967,0.24644549763033174,0.24644549763033174,0.2797413187369423
sapl,2021,42cdc0b0602db0a6d5c7957a445ff06c26dd2ace,sapl/lexml/OAIServer.py,Python,ea211969c4a29b64,268,64,2,19,4,23,0.8222748815165877,0.8578199052132701,0.8222748815165877,0.8398593697291304
sapl,2021,42cdc0b0602db0a6d5c7957a445ff06c26dd2ace,sapl/lexml/__init__.py,Python,333f0cc5d1aec796,1,0,0,0,0,0,0.3175355450236967,0.24644549763033174,0.24644549763033174,0.2797413187369423
sapl,2021,42cdc0b0602db0a6d5c7957a445ff06c26dd2ace,sapl/lexml/admin.py,Python,54bef07a591dc403,2,0,0,0,0,0,0.3175355450236967,0.24644549763033174,0.24644549763033174,0.2797413187369423
sapl,2021,42cdc0b0602db0a6d5c7957a445ff06c26dd2ace,sapl/lexml/apps.py,Python,ba198e2c0384affa,6,0,0,0,0,0,0.3175355450236967,0.24644549763033174,0.24644549763033174,0.2797413187369423
sapl,2021,42cdc0b0602db0a6d5c7957a445ff06c26dd2ace,sapl/lexml/forms.py,Python,a990ac5f47cb7dea,45,7,0,0,0,0,0.3175355450236967,0.6303317535545023,0.3175355450236967,0.44738432796720917
sapl,2021,42cdc0b0602db0a6d5c7957a445ff06c26dd2ace,sapl/lexml/models.py,Python,cc55eb268a64bc74,60,3,0,0,0,0,0.3175355450236967,0.5616113744075829,0.3175355450236967,0.42229323208408065
sapl,2021,42cdc0b0602db0a6d5c7957a445ff06c26dd2ace,sapl/lexml/urls.py,Python,701bf8fdc12ab600,12,0,0,0,0,0,0.3175355450236967,0.24644549763033174,0.24644549763033174,0.2797413187369423
sapl,2021,42cdc0b0602db0a6d5c7957a445ff06c26dd2ace,sapl/lexml/views.py,Python,5a31b33300a6af7e,29,3,0,0,0,0,0.3175355450236967,0.5616113744075829,0.3175355450236967,0.42229323208408065
sapl,2021,42cdc0b0602db0a6d5c7957a445ff06c26dd2ace,sapl/materia/__init__.py,Python,6a1f5def9b5501a3,1,0,0,0,0,0,0.3175355450236967,0.24644549763033174,0.24644549763033174,0.2797413187369423
sapl,2021,42cdc0b0602db0a6d5c7957a445ff06c26dd2ace,sapl/materia/admin.py,Python,9403758a2e71e168,29,3,0,0,0,0,0.3175355450236967,0.5616113744075829,0.3175355450236967,0.42229323208408065
sapl,2021,42cdc0b0602db0a6d5c7957a445ff06c26dd2ace,sapl/materia/apps.py,Python,4bf9d9b3b1a5aa85,6,0,1,0,3,3,0.7156398104265402,0.24644549763033174,0.24644549763033174,0.41995977093603265
sapl,2021,42cdc0b0602db0a6d5c7957a445ff06c26dd2ace,sapl/materia/forms.py,Python,94f38869fdb3fba6,2333,350,9,86,43,129,0.9715639810426541,0.981042654028436,0.9715639810426541,0.9762918142238612
sapl,2021,42cdc0b0602db0a6d5c7957a445ff06c26dd2ace,sapl/materia/models.py,Python,41d990dabc9a4e77,1016,90,4,63,12,75,0.9028436018957346,0.9075829383886256,0.9028436018957346,0.9052101684768579
sapl,2021,42cdc0b0602db0a6d5c7957a445ff06c26dd2ace,sapl/materia/urls.py,Python,87c8e8c64dee3b5d,169,0,1,3,1,4,0.7156398104265402,0.24644549763033174,0.24644549763033174,0.41995977093603265
sapl,2021,42cdc0b0602db0a6d5c7957a445ff06c26dd2ace,sapl/materia/views.py,Python,11b2afe97076f159,2310,407,12,179,130,309,0.9834123222748815,0.990521327014218,0.9834123222748815,0.9869604239592636
sapl,2021,42cdc0b0602db0a6d5c7957a445ff06c26dd2ace,sapl/norma/__init__.py,Python,e6c08d6bf4d5971a,1,0,0,0,0,0,0.3175355450236967,0.24644549763033174,0.24644549763033174,0.2797413187369423
sapl,2021,42cdc0b0602db0a6d5c7957a445ff06c26dd2ace,sapl/norma/admin.py,Python,726973431759b934,2,0,0,0,0,0,0.3175355450236967,0.24644549763033174,0.24644549763033174,0.2797413187369423
sapl,2021,42cdc0b0602db0a6d5c7957a445ff06c26dd2ace,sapl/norma/apps.py,Python,065d03cd55a4d6df,6,0,0,0,0,0,0.3175355450236967,0.24644549763033174,0.24644549763033174,0.2797413187369423
sapl,2021,42cdc0b0602db0a6d5c7957a445ff06c26dd2ace,sapl/norma/forms.py,Python,74b221157d83f01b,378,44,4,59,38,97,0.9028436018957346,0.8364928909952607,0.8364928909952607,0.8690352436272866
sapl,2021,42cdc0b0602db0a6d5c7957a445ff06c26dd2ace,sapl/norma/models.py,Python,b2e0bcbc19ef340d,402,40,1,6,2,8,0.7156398104265402,0.8222748815165877,0.7156398104265402,0.7671066681544598
sapl,2021,42cdc0b0602db0a6d5c7957a445ff06c26dd2ace,sapl/norma/urls.py,Python,5c3e3f75577c266e,30,0,1,3,1,4,0.7156398104265402,0.24644549763033174,0.24644549763033174,0.41995977093603265
sapl,2021,42cdc0b0602db0a6d5c7957a445ff06c26dd2ace,sapl/norma/views.py,Python,e71f7bd22abca298,420,65,4,31,13,44,0.9028436018957346,0.8649289099526066,0.8649289099526066,0.8836829366041663
sapl,2021,42cdc0b0602db0a6d5c7957a445ff06c26dd2ace,sapl/painel/__init__.py,Python,af1d54eee94be5b7,1,0,0,0,0,0,0.3175355450236967,0.24644549763033174,0.24644549763033174,0.2797413187369423
sapl,2021,42cdc0b0602db0a6d5c7957a445ff06c26dd2ace,sapl/painel/admin.py,Python,85e1bb8b1ae8aaf5,0,0,0,0,0,0,0.3175355450236967,0.24644549763033174,0.24644549763033174,0.2797413187369423
sapl,2021,42cdc0b0602db0a6d5c7957a445ff06c26dd2ace,sapl/painel/apps.py,Python,0ed3f5c15411d1cb,6,0,0,0,0,0,0.3175355450236967,0.24644549763033174,0.24644549763033174,0.2797413187369423
sapl,2021,42cdc0b0602db0a6d5c7957a445ff06c26dd2ace,sapl/painel/models.py,Python,76209356ab107bb4,43,1,0,0,0,0,0.3175355450236967,0.5071090047393365,0.3175355450236967,0.40127937176776185
sapl,2021,42cdc0b0602db0a6d5c7957a445ff06c26dd2ace,sapl/painel/urls.py,Python,ce2fb875f861448b,22,0,0,0,0,0,0.3175355450236967,0.24644549763033174,0.24644549763033174,0.2797413187369423
sapl,2021,42cdc0b0602db0a6d5c7957a445ff06c26dd2ace,sapl/painel/views.py,Python,c25fa8a967c0b4c1,498,103,1,2,2,4,0.7156398104265402,0.9241706161137441,0.7156398104265402,0.813248599456168
sapl,2021,42cdc0b0602db0a6d5c7957a445ff06c26dd2ace,sapl/parlamentares/__init__.py,Python,2e16213924ad8b30,1,0,0,0,0,0,0.3175355450236967,0.24644549763033174,0.24644549763033174,0.2797413187369423
sapl,2021,42cdc0b0602db0a6d5c7957a445ff06c26dd2ace,sapl/parlamentares/admin.py,Python,6c6987653626463f,2,0,0,0,0,0,0.3175355450236967,0.24644549763033174,0.24644549763033174,0.2797413187369423
sapl,2021,42cdc0b0602db0a6d5c7957a445ff06c26dd2ace,sapl/parlamentares/apps.py,Python,ecdc4141509d7e67,6,0,0,0,0,0,0.3175355450236967,0.24644549763033174,0.24644549763033174,0.2797413187369423
sapl,2021,42cdc0b0602db0a6d5c7957a445ff06c26dd2ace,sapl/parlamentares/forms.py,Python,3beb6a4b0e225b81,555,102,4,40,28,68,0.9028436018957346,0.919431279620853,0.9028436018957346,0.9110996916849963
sapl,2021,42cdc0b0602db0a6d5c7957a445ff06c26dd2ace,sapl/parlamentares/models.py,Python,6912635a78814045,596,47,5,28,8,36,0.9289099526066351,0.8483412322274881,0.8483412322274881,0.8877120106333418
sapl,2021,42cdc0b0602db0a6d5c7957a445ff06c26dd2ace,sapl/parlamentares/urls.py,Python,49a8beaed92e4d5b,89,0,1,0,2,2,0.7156398104265402,0.24644549763033174,0.24644549763033174,0.41995977093603265
sapl,2021,42cdc0b0602db0a6d5c7957a445ff06c26dd2ace,sapl/parlamentares/views.py,Python,fab4a7e6fcc30889,1022,167,6,202,131,333,0.9478672985781991,0.943127962085308,0.943127962085308,0.9454946608180096
sapl,2021,42cdc0b0602db0a6d5c7957a445ff06c26dd2ace,sapl/protocoloadm/__init__.py,Python,436faa0b94315044,1,0,0,0,0,0,0.3175355450236967,0.24644549763033174,0.24644549763033174,0.2797413187369423
sapl,2021,42cdc0b0602db0a6d5c7957a445ff06c26dd2ace,sapl/protocoloadm/admin.py,Python,9af7c678cd566901,5,0,0,0,0,0,0.3175355450236967,0.24644549763033174,0.24644549763033174,0.2797413187369423
sapl,2021,42cdc0b0602db0a6d5c7957a445ff06c26dd2ace,sapl/protocoloadm/apps.py,Python,a3513c815728e003,6,0,1,0,3,3,0.7156398104265402,0.24644549763033174,0.24644549763033174,0.41995977093603265
sapl,2021,42cdc0b0602db0a6d5c7957a445ff06c26dd2ace,sapl/protocoloadm/forms.py,Python,0b965857f647e956,1398,175,5,49,37,86,0.9289099526066351,0.9478672985781991,0.9289099526066351,0.938340752285466
sapl,2021,42cdc0b0602db0a6d5c7957a445ff06c26dd2ace,sapl/protocoloadm/models.py,Python,23e78b47c21c8f0c,387,19,3,10,2,12,0.8672985781990521,0.7440758293838863,0.7440758293838863,0.8033280207343231
sapl,2021,42cdc0b0602db0a6d5c7957a445ff06c26dd2ace,sapl/protocoloadm/urls.py,Python,84c7e2753ea5a865,92,0,0,0,0,0,0.3175355450236967,0.24644549763033174,0.24644549763033174,0.2797413187369423
sapl,2021,42cdc0b0602db0a6d5c7957a445ff06c26dd2ace,sapl/protocoloadm/views.py,Python,1d4dd9e563aef08b,1325,213,4,51,70,121,0.9028436018957346,0.9620853080568721,0.9028436018957346,0.9319938652464586
sapl,2021,42cdc0b0602db0a6d5c7957a445ff06c26dd2ace,sapl/redireciona_urls/__init__.py,Python,3f9521c8b0c6dcfd,0,0,0,0,0,0,0.3175355450236967,0.24644549763033174,0.24644549763033174,0.2797413187369423
sapl,2021,42cdc0b0602db0a6d5c7957a445ff06c26dd2ace,sapl/redireciona_urls/apps.py,Python,842fad2432b27782,6,0,0,0,0,0,0.3175355450236967,0.24644549763033174,0.24644549763033174,0.2797413187369423
sapl,2021,42cdc0b0602db0a6d5c7957a445ff06c26dd2ace,sapl/redireciona_urls/exceptions.py,Python,1c81a89fe430f993,9,2,0,0,0,0,0.3175355450236967,0.5355450236966824,0.3175355450236967,0.41237674641552546
sapl,2021,42cdc0b0602db0a6d5c7957a445ff06c26dd2ace,sapl/redireciona_urls/urls.py,Python,961167c173391142,83,0,0,0,0,0,0.3175355450236967,0.24644549763033174,0.24644549763033174,0.2797413187369423
sapl,2021,42cdc0b0602db0a6d5c7957a445ff06c26dd2ace,sapl/redireciona_urls/views.py,Python,16ac6d5684c34cc5,687,65,1,72,41,113,0.7156398104265402,0.8649289099526066,0.7156398104265402,0.7867512701933932
sapl,2021,42cdc0b0602db0a6d5c7957a445ff06c26dd2ace,sapl/relatorios/__init__.py,Python,9463e1276de17647,1,0,0,0,0,0,0.3175355450236967,0.24644549763033174,0.24644549763033174,0.2797413187369423
sapl,2021,42cdc0b0602db0a6d5c7957a445ff06c26dd2ace,sapl/relatorios/admin.py,Python,1a24cd7da2b56fae,0,0,0,0,0,0,0.3175355450236967,0.24644549763033174,0.24644549763033174,0.2797413187369423
sapl,2021,42cdc0b0602db0a6d5c7957a445ff06c26dd2ace,sapl/relatorios/apps.py,Python,fbaf96f49e8aab04,6,0,0,0,0,0,0.3175355450236967,0.24644549763033174,0.24644549763033174,0.2797413187369423
sapl,2021,42cdc0b0602db0a6d5c7957a445ff06c26dd2ace,sapl/relatorios/models.py,Python,f606dd4c08040377,0,0,0,0,0,0,0.3175355450236967,0.24644549763033174,0.24644549763033174,0.2797413187369423
sapl,2021,42cdc0b0602db0a6d5c7957a445ff06c26dd2ace,sapl/relatorios/templates/__init__.py,Python,e466947b514062c3,0,0,0,0,0,0,0.3175355450236967,0.24644549763033174,0.24644549763033174,0.2797413187369423
sapl,2021,42cdc0b0602db0a6d5c7957a445ff06c26dd2ace,sapl/relatorios/templates/pdf_capa_processo_gerar.py,Python,8ff631b62339b6d2,60,4,0,0,0,0,0.3175355450236967,0.5829383886255924,0.3175355450236967,0.43023674755588115
sapl,2021,42cdc0b0602db0a6d5c7957a445ff06c26dd2ace,sapl/relatorios/templates/pdf_capa_processo_preparar_pysc.py,Python,57c0ad78f373dd69,116,0,0,0,0,0,0.3175355450236967,0.24644549763033174,0.24644549763033174,0.2797413187369423
sapl,2021,42cdc0b0602db0a6d5c7957a445ff06c26dd2ace,sapl/relatorios/templates/pdf_detalhe_materia_gerar.py,Python,dc4b7669bfadde7b,311,94,0,0,0,0,0.3175355450236967,0.9146919431279621,0.3175355450236967,0.538931539891591
sapl,2021,42cdc0b0602db0a6d5c7957a445ff06c26dd2ace,sapl/relatorios/templates/pdf_detalhe_materia_preparar_pysc.py,Python,b09ebf272337e792,202,0,0,0,0,0,0.3175355450236967,0.24644549763033174,0.24644549763033174,0.2797413187369423
sapl,2021,42cdc0b0602db0a6d5c7957a445ff06c26dd2ace,sapl/relatorios/templates/pdf_documento_administrativo_gerar.py,Python,e4dd82a9bd169bf9,96,13,0,0,0,0,0.3175355450236967,0.7037914691943128,0.3175355450236967,0.47273545218615065
sapl,2021,42cdc0b0602db0a6d5c7957a445ff06c26dd2ace,sapl/relatorios/templates/pdf_documento_administrativo_preparar_pysc.py,Python,017c2c28aaace221,107,0,0,0,0,0,0.3175355450236967,0.24644549763033174,0.24644549763033174,0.2797413187369423
sapl,2021,42cdc0b0602db0a6d5c7957a445ff06c26dd2ace,sapl/relatorios/templates/pdf_espelho_gerar.py,Python,d9e55b20247e3ace,98,11,0,0,0,0,0.3175355450236967,0.6872037914691943,0.3175355450236967,0.4671312775510985
sapl,2021,42cdc0b0602db0a6d5c7957a445ff06c26dd2ace,sapl/relatorios/templates/pdf_espelho_preparar_pysc.py,Python,3a3254736c301330,155,0,0,0,0,0,0.3175355450236967,0.24644549763033174,0.24644549763033174,0.2797413187369423
sapl,2021,42cdc0b0602db0a6d5c7957a445ff06c26dd2ace,sapl/relatorios/templates/pdf_etiqueta_protocolo_gerar.py,Python,283c4e464ac87add,93,10,0,0,0,0,0.3175355450236967,0.6800947867298578,0.3175355450236967,0.4647087999726712
sapl,2021,42cdc0b0602db0a6d5c7957a445ff06c26dd2ace,sapl/relatorios/templates/pdf_etiqueta_protocolo_preparar_pysc.py,Python,e94c091e696f65ad,107,0,0,0,0,0,0.3175355450236967,0.24644549763033174,0.24644549763033174,0.2797413187369423
sapl,2021,42cdc0b0602db0a6d5c7957a445ff06c26dd2ace,sapl/relatorios/templates/pdf_materia_gerar.py,Python,3fffda0582e8e3a3,82,8,0,0,0,0,0.3175355450236967,0.6469194312796208,0.3175355450236967,0.4532327373411968
sapl,2021,42cdc0b0602db0a6d5c7957a445ff06c26dd2ace,sapl/relatorios/templates/pdf_materia_preparar_pysc.py,Python,a742639bbd8a440e,134,0,0,0,0,0,0.3175355450236967,0.24644549763033174,0.24644549763033174,0.2797413187369423
sapl,2021,42cdc0b0602db0a6d5c7957a445ff06c26dd2ace,sapl/relatorios/templates/pdf_norma_gerar.py,Python,f6f3bfaaf8d44eea,84,9,0,0,0,0,0.3175355450236967,0.6658767772511849,0.3175355450236967,0.4598255597322507
sapl,2021,42cdc0b0602db0a6d5c7957a445ff06c26dd2ace,sapl/relatorios/templates/pdf_norma_preparar_pysc.py,Python,f1e599dfce157920,82,0,0,0,0,0,0.3175355450236967,0.24644549763033174,0.24644549763033174,0.2797413187369423
sapl,2021,42cdc0b0602db0a6d5c7957a445ff06c26dd2ace,sapl/relatorios/templates/pdf_ordem_dia_gerar.py,Python,f3e0d570f9c8c074,124,17,0,0,0,0,0.3175355450236967,0.7345971563981043,0.3175355450236967,0.48297071177218376
sapl,2021,42cdc0b0602db0a6d5c7957a445ff06c26dd2ace,sapl/relatorios/templates/pdf_ordem_dia_preparar_pysc.py,Python,ed1aa87959fa2a1b,132,0,0,0,0,0,0.3175355450236967,0.24644549763033174,0.24644549763033174,0.2797413187369423
sapl,2021,42cdc0b0602db0a6d5c7957a445ff06c26dd2ace,sapl/relatorios/templates/pdf_pauta_sessao_gerar.py,Python,2ab00fd718a8c09b,164,14,0,0,0,0,0.3175355450236967,0.7180094786729858,0.3175355450236967,0.47748668163898234
sapl,2021,42cdc0b0602db0a6d5c7957a445ff06c26dd2ace,sapl/relatorios/templates/pdf_pauta_sessao_preparar_pysc.py,Python,b677f585c0fcf73c,153,0,0,0,0,0,0.3175355450236967,0.24644549763033174,0.24644549763033174,0.2797413187369423
sapl,2021,42cdc0b0602db0a6d5c7957a445ff06c26dd2ace,sapl/relatorios/templates/pdf_protocolo_gerar.py,Python,d7588d73147a81a2,101,15,0,0,0,0,0.3175355450236967,0.7298578199052133,0.3175355450236967,0.4814102207404917
sapl,2021,42cdc0b0602db0a6d5c7957a445ff06c26dd2ace,sapl/relatorios/templates/pdf_protocolo_preparar_pysc.py,Python,e6685acaab144464,99,0,0,0,0,0,0.3175355450236967,0.24644549763033174,0.24644549763033174,0.2797413187369423
sapl,2021,42cdc0b0602db0a6d5c7957a445ff06c26dd2ace,sapl/relatorios/templates/pdf_sessao_plenaria_gerar.py,Python,8adf8de23b0391a5,436,75,1,21,2,23,0.7156398104265402,0.8815165876777251,0.7156398104265402,0.7942596324209973
sapl,2021,42cdc0b0602db0a6d5c7957a445ff06c26dd2ace,sapl/relatorios/templates/pdf_sessao_plenaria_preparar_pysc.py,Python,bea9e89b15b496d1,239,0,1,1,1,2,0.7156398104265402,0.24644549763033174,0.24644549763033174,0.41995977093603265
sapl,2021,42cdc0b0602db0a6d5c7957a445ff06c26dd2ace,sapl/relatorios/urls.py,Python,f25181eed82d4ba3,33,0,1,3,3,6,0.7156398104265402,0.24644549763033174,0.24644549763033174,0.41995977093603265
sapl,2021,42cdc0b0602db0a6d5c7957a445ff06c26dd2ace,sapl/relatorios/views.py,Python,710c9fb76ba1bbc3,1205,192,5,210,102,312,0.9289099526066351,0.957345971563981,0.9289099526066351,0.943020785069794
sapl,2021,42cdc0b0602db0a6d5c7957a445ff06c26dd2ace,sapl/rules/__init__.py,Python,565865e6f0800dbf,36,0,2,44,4,48,0.8222748815165877,0.24644549763033174,0.24644549763033174,0.4501621289760807
sapl,2021,42cdc0b0602db0a6d5c7957a445ff06c26dd2ace,sapl/rules/apps.py,Python,fc77782d7660cb21,194,44,1,7,3,10,0.7156398104265402,0.8364928909952607,0.7156398104265402,0.7737102906999473
sapl,2021,42cdc0b0602db0a6d5c7957a445ff06c26dd2ace,sapl/rules/group_administrativo.py,Python,b9a8f0011f5cfc27,14,0,1,16,0,16,0.7156398104265402,0.24644549763033174,0.24644549763033174,0.41995977093603265
sapl,2021,42cdc0b0602db0a6d5c7957a445ff06c26dd2ace,sapl/rules/group_anonymous.py,Python,7d2863ede8a8096e,10,0,1,14,0,14,0.7156398104265402,0.24644549763033174,0.24644549763033174,0.41995977093603265
sapl,2021,42cdc0b0602db0a6d5c7957a445ff06c26dd2ace,sapl/rules/group_audiencia.py,Python,c7e8a2b7514f2e8b,10,0,1,10,0,10,0.7156398104265402,0.24644549763033174,0.24644549763033174,0.41995977093603265
sapl,2021,42cdc0b0602db0a6d5c7957a445ff06c26dd2ace,sapl/rules/group_autor.py,Python,7d44f4f2ef604f66,13,0,1,13,0,13,0.7156398104265402,0.24644549763033174,0.24644549763033174,0.41995977093603265
sapl,2021,42cdc0b0602db0a6d5c7957a445ff06c26dd2ace,sapl/rules/group_comissoes.py,Python,c60cb5e241dbb9be,15,0,1,16,0,16,0.7156398104265402,0.24644549763033174,0.24644549763033174,0.41995977093603265
sapl,2021,42cdc0b0602db0a6d5c7957a445ff06c26dd2ace,sapl/rules/group_geral.py,Python,7b52b269979defa3,99,0,2,117,0,117,0.8222748815165877,0.24644549763033174,0.24644549763033174,0.4501621289760807
sapl,2021,42cdc0b0602db0a6d5c7957a445ff06c26dd2ace,sapl/rules/group_materia.py,Python,54c3f4afcb7fd22f,25,0,1,36,0,36,0.7156398104265402,0.24644549763033174,0.24644549763033174,0.41995977093603265
sapl,2021,42cdc0b0602db0a6d5c7957a445ff06c26dd2ace,sapl/rules/group_norma.py,Python,d48aec6308d85fc3,23,0,1,28,0,28,0.7156398104265402,0.24644549763033174,0.24644549763033174,0.41995977093603265
sapl,2021,42cdc0b0602db0a6d5c7957a445ff06c26dd2ace,sapl/rules/group_painel.py,Python,31eba35cc452586b,9,0,1,10,0,10,0.7156398104265402,0.24644549763033174,0.24644549763033174,0.41995977093603265
sapl,2021,42cdc0b0602db0a6d5c7957a445ff06c26dd2ace,sapl/rules/group_protocolo.py,Python,557afa2c5d4f6e97,23,0,1,26,0,26,0.7156398104265402,0.24644549763033174,0.24644549763033174,0.41995977093603265
sapl,2021,42cdc0b0602db0a6d5c7957a445ff06c26dd2ace,sapl/rules/group_sessao.py,Python,6b4d151704dfd90a,24,0,2,26,0,26,0.8222748815165877,0.24644549763033174,0.24644549763033174,0.4501621289760807
sapl,2021,42cdc0b0602db0a6d5c7957a445ff06c26dd2ace,sapl/rules/group_votante.py,Python,21d833d83e2e4792,8,0,1,10,0,10,0.7156398104265402,0.24644549763033174,0.24644549763033174,0.41995977093603265
sapl,2021,42cdc0b0602db0a6d5c7957a445ff06c26dd2ace,sapl/rules/management/commands/check_ids_sequences.py,Python,2fd3bbb21f32198b,33,10,0,0,0,0,0.3175355450236967,0.6800947867298578,0.3175355450236967,0.4647087999726712
sapl,2021,42cdc0b0602db0a6d5c7957a445ff06c26dd2ace,sapl/rules/map_rules.py,Python,c3b8bf46eb27d154,55,1,3,63,341,404,0.8672985781990521,0.5071090047393365,0.5071090047393365,0.6631854331952436
sapl,2021,42cdc0b0602db0a6d5c7957a445ff06c26dd2ace,sapl/rules/models.py,Python,65668cdfe5793a55,0,0,0,0,0,0,0.3175355450236967,0.24644549763033174,0.24644549763033174,0.2797413187369423
sapl,2021,42cdc0b0602db0a6d5c7957a445ff06c26dd2ace,sapl/sessao/__init__.py,Python,683fe6dff3109245,1,0,0,0,0,0,0.3175355450236967,0.24644549763033174,0.24644549763033174,0.2797413187369423
sapl,2021,42cdc0b0602db0a6d5c7957a445ff06c26dd2ace,sapl/sessao/admin.py,Python,731827703e9a0b81,2,0,0,0,0,0,0.3175355450236967,0.24644549763033174,0.24644549763033174,0.2797413187369423
sapl,2021,42cdc0b0602db0a6d5c7957a445ff06c26dd2ace,sapl/sessao/apps.py,Python,b84cadf57b8feea5,6,0,0,0,0,0,0.3175355450236967,0.24644549763033174,0.24644549763033174,0.2797413187369423
sapl,2021,42cdc0b0602db0a6d5c7957a445ff06c26dd2ace,sapl/sessao/forms.py,Python,c22c88a1cb819a91,808,111,3,26,12,38,0.8672985781990521,0.9289099526066351,0.8672985781990521,0.8975757801827562
sapl,2021,42cdc0b0602db0a6d5c7957a445ff06c26dd2ace,sapl/sessao/models.py,Python,8991cdb3433793b5,796,66,6,61,17,78,0.9478672985781991,0.8720379146919431,0.8720379146919431,0.9091623740877194
sapl,2021,42cdc0b0602db0a6d5c7957a445ff06c26dd2ace,sapl/sessao/serializers.py,Python,77e0965b71ed5624,2,0,0,0,0,0,0.3175355450236967,0.24644549763033174,0.24644549763033174,0.2797413187369423
sapl,2021,42cdc0b0602db0a6d5c7957a445ff06c26dd2ace,sapl/sessao/urls.py,Python,1b2b956c75f568bc,189,0,1,3,1,4,0.7156398104265402,0.24644549763033174,0.24644549763033174,0.41995977093603265
sapl,2021,42cdc0b0602db0a6d5c7957a445ff06c26dd2ace,sapl/sessao/views.py,Python,c4bec0aa3f27a78d,3816,661,12,226,76,302,0.9834123222748815,1.0,0.9834123222748815,0.9916714790064709
sapl,2021,42cdc0b0602db0a6d5c7957a445ff06c26dd2ace,sapl/settings.py,Python,b5ea40e821c853b1,294,0,28,62,45,107,1.0,0.24644549763033174,0.24644549763033174,0.49643277251842644
sapl,2021,42cdc0b0602db0a6d5c7957a445ff06c26dd2ace,sapl/urls.py,Python,d0ca975f5f417ca9,56,0,1,11,7,18,0.7156398104265402,0.24644549763033174,0.24644549763033174,0.41995977093603265
sapl,2021,42cdc0b0602db0a6d5c7957a445ff06c26dd2ace,sapl/utils.py,Python,b38f2cf8d9bb2f72,803,179,7,199,62,261,0.9620853080568721,0.95260663507109,0.95260663507109,0.9573342404611829
sapl,2021,42cdc0b0602db0a6d5c7957a445ff06c26dd2ace,sapl/wsgi.py,Python,6da0b3def5cd62ad,4,0,0,0,0,0,0.3175355450236967,0.24644549763033174,0.24644549763033174,0.2797413187369423
sapl,2021,42cdc0b0602db0a6d5c7957a445ff06c26dd2ace,scripts/anonimizador/anon.py,Python,0c8f6dbd179da9e1,58,18,0,0,0,0,0.3175355450236967,0.7393364928909952,0.3175355450236967,0.4845261770287036
sapl,2021,42cdc0b0602db0a6d5c7957a445ff06c26dd2ace,scripts/atualizar_requirements.py,Python,3c3c90ec093624cf,24,3,0,0,0,0,0.3175355450236967,0.5616113744075829,0.3175355450236967,0.42229323208408065
sapl,2021,42cdc0b0602db0a6d5c7957a445ff06c26dd2ace,scripts/check_commits.py,Python,ac0d041a6214aaa3,16,0,0,0,0,0,0.3175355450236967,0.24644549763033174,0.24644549763033174,0.2797413187369423
sapl,2021,42cdc0b0602db0a6d5c7957a445ff06c26dd2ace,scripts/convert_null_to_empty_in_all_char_fields.py,Python,62805fa66d97ace0,19,9,0,0,0,0,0.3175355450236967,0.6658767772511849,0.3175355450236967,0.4598255597322507
sapl,2021,42cdc0b0602db0a6d5c7957a445ff06c26dd2ace,scripts/deduplica_parlamentares.py,Python,06b4a2a480d7791f,80,24,0,0,0,0,0.3175355450236967,0.7701421800947867,0.3175355450236967,0.49451745864239827
sapl,2021,42cdc0b0602db0a6d5c7957a445ff06c26dd2ace,scripts/fk_protocoloadm_docadm.py,Python,9cfd12d24cfb2d7b,14,4,0,0,0,0,0.3175355450236967,0.5829383886255924,0.3175355450236967,0.43023674755588115
sapl,2021,42cdc0b0602db0a6d5c7957a445ff06c26dd2ace,scripts/gerar_hash_proposicoes.py,Python,2147258a7847d759,29,7,0,0,0,0,0.3175355450236967,0.6303317535545023,0.3175355450236967,0.44738432796720917
sapl,2021,42cdc0b0602db0a6d5c7957a445ff06c26dd2ace,scripts/id_numero_legislatura.py,Python,69df878b3934f161,7,2,0,0,0,0,0.3175355450236967,0.5355450236966824,0.3175355450236967,0.41237674641552546
sapl,2021,42cdc0b0602db0a6d5c7957a445ff06c26dd2ace,scripts/lista_permissions_in_decorators.py,Python,de69cb2a44acad43,93,35,0,0,0,0,0.3175355450236967,0.8127962085308057,0.3175355450236967,0.5080272503213028
sapl,2021,42cdc0b0602db0a6d5c7957a445ff06c26dd2ace,scripts/lista_urls.py,Python,a32a901c51dbc517,33,8,0,0,0,0,0.3175355450236967,0.6469194312796208,0.3175355450236967,0.4532327373411968
sapl,2021,42cdc0b0602db0a6d5c7957a445ff06c26dd2ace,scripts/redbaron.py,Python,233389a22034fd08,74,33,0,0,0,0,0.3175355450236967,0.8056872037914692,0.3175355450236967,0.5058006775149104
sapl,2021,42cdc0b0602db0a6d5c7957a445ff06c26dd2ace,scripts/remove_multiplos_autores.py,Python,4c69bd43760adbd4,63,21,0,0,0,0,0.3175355450236967,0.7559241706161137,0.3175355450236967,0.48993141715261895
sapl,2021,42cdc0b0602db0a6d5c7957a445ff06c26dd2ace,scripts/remove_protocolos_inexistentes_materias.py,Python,db41c080705a8d45,9,3,0,0,0,0,0.3175355450236967,0.5616113744075829,0.3175355450236967,0.42229323208408065
sapl,2021,42cdc0b0602db0a6d5c7957a445ff06c26dd2ace,scripts/set_inicio_mandato.py,Python,7bdb2222b469a423,7,2,0,0,0,0,0.3175355450236967,0.5355450236966824,0.3175355450236967,0.41237674641552546
sapl,2021,42cdc0b0602db0a6d5c7957a445ff06c26dd2ace,scripts/solr_password.py,Python,e61f2f37d8f9a083,48,5,0,0,0,0,0.3175355450236967,0.5924170616113744,0.3175355450236967,0.4337205027896476
sapl,2021,42cdc0b0602db0a6d5c7957a445ff06c26dd2ace,setup.py,Python,7d5dec7a3271fd2c,61,0,23,24,24,48,0.995260663507109,0.24644549763033174,0.24644549763033174,0.49525499441187226
sapl,2021,42cdc0b0602db0a6d5c7957a445ff06c26dd2ace,solr/docs_stats.py,Python,dc4bbfc4bc58aa09,20,0,0,0,0,0,0.3175355450236967,0.24644549763033174,0.24644549763033174,0.2797413187369423
sapl,2022,71f445fcc95d35ff485374552a5c9a9d5e5d3e64,docker/create_admin.py,Python,c93741871b84b6e3,45,6,0,0,0,0,0.3137755102040816,0.6122448979591837,0.3137755102040816,0.4383006447941741
sapl,2022,71f445fcc95d35ff485374552a5c9a9d5e5d3e64,docker/genkey.py,Python,61a0bf489ba63060,7,2,0,0,0,0,0.3137755102040816,0.5382653061224489,0.3137755102040816,0.41096772507549495
sapl,2022,71f445fcc95d35ff485374552a5c9a9d5e5d3e64,docker/solr_cli.py,Python,37f34439e61a74e7,245,35,1,120,9,129,0.7219387755102041,0.8137755102040817,0.7219387755102041,0.7664829387383169
sapl,2022,71f445fcc95d35ff485374552a5c9a9d5e5d3e64,drfautoapi/__init__.py,Python,9bfbdba60d7031ce,0,0,1,1,0,1,0.7219387755102041,0.25,0.25,0.42483490190608286
sapl,2022,71f445fcc95d35ff485374552a5c9a9d5e5d3e64,drfautoapi/drfautoapi.py,Python,9e32170f07434f40,293,74,2,415,6,421,0.8469387755102041,0.8826530612244898,0.8469387755102041,0.8646115329289811
sapl,2022,71f445fcc95d35ff485374552a5c9a9d5e5d3e64,manage.py,Python,ea8192dce2df8296,6,0,0,0,0,0,0.3137755102040816,0.25,0.25,0.28007834180996644
sapl,2022,71f445fcc95d35ff485374552a5c9a9d5e5d3e64,sapl/__init__.py,Python,9d55a50bbea85f33,0,0,0,0,0,0,0.3137755102040816,0.25,0.25,0.28007834180996644
sapl,2022,71f445fcc95d35ff485374552a5c9a9d5e5d3e64,sapl/api/__init__.py,Python,bd98e7c11753dc0a,1,0,0,0,0,0,0.3137755102040816,0.25,0.25,0.28007834180996644
sapl,2022,71f445fcc95d35ff485374552a5c9a9d5e5d3e64,sapl/api/admin.py,Python,2777c6afa5a95b4f,0,0,0,0,0,0,0.3137755102040816,0.25,0.25,0.28007834180996644
sapl,2022,71f445fcc95d35ff485374552a5c9a9d5e5d3e64,sapl/api/apps.py,Python,c0862434cb8882d7,8,1,1,3,0,3,0.7219387755102041,0.5102040816326531,0.5102040816326531,0.6069070027229755
sapl,2022,71f445fcc95d35ff485374552a5c9a9d5e5d3e64,sapl/api/deprecated.py,Python,8951be30535ae199,14,0,1,10,659,669,0.7219387755102041,0.25,0.25,0.42483490190608286
sapl,2022,71f445fcc95d35ff485374552a5c9a9d5e5d3e64,sapl/api/forms.py,Python,0b63a48e8a7d9bf4,137,30,1,182,0,182,0.7219387755102041,0.7882653061224489,0.7219387755102041,0.7543734419233069
sapl,2022,71f445fcc95d35ff485374552a5c9a9d5e5d3e64,sapl/api/pagination.py,Python,cb6a02afb55755bd,96,6,0,0,0,0,0.3137755102040816,0.6122448979591837,0.3137755102040816,0.4383006447941741
sapl,2022,71f445fcc95d35ff485374552a5c9a9d5e5d3e64,sapl/api/permissions.py,Python,5bceb70dc5eb9425,41,8,0,0,0,0,0.3137755102040816,0.6454081632653061,0.3137755102040816,0.4500147505565241
sapl,2022,71f445fcc95d35ff485374552a5c9a9d5e5d3e64,sapl/api/schema.py,Python,ae96e5ef03794e53,3,0,1,0,0,0,0.7219387755102041,0.25,0.25,0.42483490190608286
sapl,2022,71f445fcc95d35ff485374552a5c9a9d5e5d3e64,sapl/api/serializers.py,Python,66435c88a8993743,240,45,2,194,13,207,0.8469387755102041,0.8443877551020408,0.8443877551020408,0.8456623033823446
sapl,2022,71f445fcc95d35ff485374552a5c9a9d5e5d3e64,sapl/api/signals.py,Python,9b0bb8413dc3b65a,8,2,1,10,0,10,0.7219387755102041,0.5382653061224489,0.5382653061224489,0.6233735605571237
sapl,2022,71f445fcc95d35ff485374552a5c9a9d5e5d3e64,sapl/api/urls.py,Python,927a4f11006a4510,29,0,2,20,35,55,0.8469387755102041,0.25,0.25,0.4601463830973259
sapl,2022,71f445fcc95d35ff485374552a5c9a9d5e5d3e64,sapl/api/views.py,Python,31bfc57507210350,39,2,2,83,8,91,0.8469387755102041,0.5382653061224489,0.5382653061224489,0.6751872031273787
sapl,2022,71f445fcc95d35ff485374552a5c9a9d5e5d3e64,sapl/api/views_audiencia.py,Python,d3c37562fc71cc75,8,0,1,11,0,11,0.7219387755102041,0.25,0.25,0.42483490190608286
sapl,2022,71f445fcc95d35ff485374552a5c9a9d5e5d3e64,sapl/api/views_base.py,Python,7917b6c1967c3788,111,19,1,180,0,180,0.7219387755102041,0.7448979591836735,0.7219387755102041,0.7333285215598199
sapl,2022,71f445fcc95d35ff485374552a5c9a9d5e5d3e64,sapl/api/views_comissoes.py,Python,db43ee0434e59e67,8,0,1,12,0,12,0.7219387755102041,0.25,0.25,0.42483490190608286
sapl,2022,71f445fcc95d35ff485374552a5c9a9d5e5d3e64,sapl/api/views_compilacao.py,Python,427b8a425cb5c7c7,8,0,1,12,0,12,0.7219387755102041,0.25,0.25,0.42483490190608286
sapl,2022,71f445fcc95d35ff485374552a5c9a9d5e5d3e64,sapl/api/views_materia.py,Python,3ae579529eb2a1a3,68,13,2,130,1,131,0.8469387755102041,0.6989795918367347,0.6989795918367347,0.7694107613081757
sapl,2022,71f445fcc95d35ff485374552a5c9a9d5e5d3e64,sapl/api/views_norma.py,Python,7452dea43677937e,10,0,1,14,0,14,0.7219387755102041,0.25,0.25,0.42483490190608286
sapl,2022,71f445fcc95d35ff485374552a5c9a9d5e5d3e64,sapl/api/views_painel.py,Python,c2f60a0e79f7b4da,8,0,1,11,0,11,0.7219387755102041,0.25,0.25,0.42483490190608286
sapl,2022,71f445fcc95d35ff485374552a5c9a9d5e5d3e64,sapl/api/views_parlamentares.py,Python,5a87f5311c559cfe,81,12,1,119,0,119,0.7219387755102041,0.6887755102040817,0.6887755102040817,0.7051622142728231
sapl,2022,71f445fcc95d35ff485374552a5c9a9d5e5d3e64,sapl/api/views_protocoloadm.py,Python,226d54741d68c2ff,56,11,1,102,0,102,0.7219387755102041,0.6811224489795918,0.6811224489795918,0.7012337034033932
sapl,2022,71f445fcc95d35ff485374552a5c9a9d5e5d3e64,sapl/api/views_sessao.py,Python,fed65581dcec0a39,35,5,1,47,0,47,0.7219387755102041,0.5969387755102041,0.5969387755102041,0.6564702953267554
sapl,2022,71f445fcc95d35ff485374552a5c9a9d5e5d3e64,sapl/audiencia/__init__.py,Python,b148575890c3569c,1,0,0,0,0,0,0.3137755102040816,0.25,0.25,0.28007834180996644
sapl,2022,71f445fcc95d35ff485374552a5c9a9d5e5d3e64,sapl/audiencia/admin.py,Python,7db682ce4e6b353d,2,0,0,0,0,0,0.3137755102040816,0.25,0.25,0.28007834180996644
sapl,2022,71f445fcc95d35ff485374552a5c9a9d5e5d3e64,sapl/audiencia/apps.py,Python,37189946a76357f8,6,0,0,0,0,0,0.3137755102040816,0.25,0.25,0.28007834180996644
sapl,2022,71f445fcc95d35ff485374552a5c9a9d5e5d3e64,sapl/audiencia/forms.py,Python,b430267bb0c7e0f0,155,28,0,0,0,0,0.3137755102040816,0.7755102040816326,0.3137755102040816,0.4932911006233396
sapl,2022,71f445fcc95d35ff485374552a5c9a9d5e5d3e64,sapl/audiencia/models.py,Python,68d5b5ae13437ee2,180,21,1,0,4,4,0.7219387755102041,0.7551020408163265,0.7219387755102041,0.738334235107783
sapl,2022,71f445fcc95d35ff485374552a5c9a9d5e5d3e64,sapl/audiencia/urls.py,Python,836ea69714280178,7,0,0,0,0,0,0.3137755102040816,0.25,0.25,0.28007834180996644
sapl,2022,71f445fcc95d35ff485374552a5c9a9d5e5d3e64,sapl/audiencia/views.py,Python,08e954878725cf6a,79,14,0,0,0,0,0.3137755102040816,0.7142857142857143,0.3137755102040816,0.4734188044760019
sapl,2022,71f445fcc95d35ff485374552a5c9a9d5e5d3e64,sapl/base/__init__.py,Python,e80b192cd0f8e7e6,1,0,0,0,0,0,0.3137755102040816,0.25,0.25,0.28007834180996644
sapl,2022,71f445fcc95d35ff485374552a5c9a9d5e5d3e64,sapl/base/admin.py,Python,5164eb55a28cb806,22,5,1,0,13,13,0.7219387755102041,0.5969387755102041,0.5969387755102041,0.6564702953267554
sapl,2022,71f445fcc95d35ff485374552a5c9a9d5e5d3e64,sapl/base/apps.py,Python,5b07a8af48db3be4,8,1,0,0,0,0,0.3137755102040816,0.5102040816326531,0.3137755102040816,0.40011191687138065
sapl,2022,71f445fcc95d35ff485374552a5c9a9d5e5d3e64,sapl/base/email_utils.py,Python,4fe25c9014e5def0,200,29,0,0,0,0,0.3137755102040816,0.7806122448979592,0.3137755102040816,0.4949111085987166
sapl,2022,71f445fcc95d35ff485374552a5c9a9d5e5d3e64,sapl/base/forms.py,Python,3eba1379d2383eb6,1570,167,9,117,29,146,0.9770408163265306,0.9387755102040817,0.9387755102040817,0.9577170724369235
sapl,2022,71f445fcc95d35ff485374552a5c9a9d5e5d3e64,sapl/base/management/commands/backfill_auditlog.py,Python,dde302740f2162c8,32,7,1,38,0,38,0.7219387755102041,0.6275510204081632,0.6275510204081632,0.6730924269694679
sapl,2022,71f445fcc95d35ff485374552a5c9a9d5e5d3e64,sapl/base/models.py,Python,20b3b832ae2046c4,365,18,9,170,75,245,0.9770408163265306,0.7372448979591837,0.7372448979591837,0.8487157103144789
sapl,2022,71f445fcc95d35ff485374552a5c9a9d5e5d3e64,sapl/base/receivers.py,Python,35c2cdc491987fcb,154,32,1,11,5,16,0.7219387755102041,0.7959183673469388,0.7219387755102041,0.7580266034437907
sapl,2022,71f445fcc95d35ff485374552a5c9a9d5e5d3e64,sapl/base/search_indexes.py,Python,830f1d85a06093c7,152,27,1,8,3,11,0.7219387755102041,0.7704081632653061,0.7219387755102041,0.7457798106886647
sapl,2022,71f445fcc95d35ff485374552a5c9a9d5e5d3e64,sapl/base/templatetags/__init__.py,Python,72b1f88b8819ab4c,0,0,0,0,0,0,0.3137755102040816,0.25,0.25,0.28007834180996644
sapl,2022,71f445fcc95d35ff485374552a5c9a9d5e5d3e64,sapl/base/templatetags/base_tags.py,Python,72b830105fde6386,5,1,0,0,0,0,0.3137755102040816,0.5102040816326531,0.3137755102040816,0.40011191687138065
sapl,2022,71f445fcc95d35ff485374552a5c9a9d5e5d3e64,sapl/base/templatetags/common_tags.py,Python,6f74a32feb952228,293,92,1,30,0,30,0.7219387755102041,0.9081632653061225,0.7219387755102041,0.8097149348495745
sapl,2022,71f445fcc95d35ff485374552a5c9a9d5e5d3e64,sapl/base/templatetags/menus.py,Python,7331ca12752ab210,135,40,0,0,0,0,0.3137755102040816,0.8239795918367347,0.3137755102040816,0.5084728280118047
sapl,2022,71f445fcc95d35ff485374552a5c9a9d5e5d3e64,sapl/base/urls.py,Python,55ca87487c9d09c4,163,0,1,3,1,4,0.7219387755102041,0.25,0.25,0.42483490190608286
sapl,2022,71f445fcc95d35ff485374552a5c9a9d5e5d3e64,sapl/base/views.py,Python,2b1ea23ae76b50cb,1957,369,8,157,34,191,0.9668367346938775,0.9795918367346939,0.9668367346938775,0.9731933891890909
sapl,2022,71f445fcc95d35ff485374552a5c9a9d5e5d3e64,sapl/comissoes/__init__.py,Python,8d6b2bd13c3fb46b,1,0,0,0,0,0,0.3137755102040816,0.25,0.25,0.28007834180996644
sapl,2022,71f445fcc95d35ff485374552a5c9a9d5e5d3e64,sapl/comissoes/admin.py,Python,5a0b3c9a4676061d,2,0,0,0,0,0,0.3137755102040816,0.25,0.25,0.28007834180996644
sapl,2022,71f445fcc95d35ff485374552a5c9a9d5e5d3e64,sapl/comissoes/apps.py,Python,3ee56fcf25032e13,6,0,0,0,0,0,0.3137755102040816,0.25,0.25,0.28007834180996644
sapl,2022,71f445fcc95d35ff485374552a5c9a9d5e5d3e64,sapl/comissoes/forms.py,Python,73786b539ef44bac,435,84,0,0,0,0,0.3137755102040816,0.8928571428571429,0.3137755102040816,0.529298314317511
sapl,2022,71f445fcc95d35ff485374552a5c9a9d5e5d3e64,sapl/comissoes/models.py,Python,ccaebd27f398bdc1,310,30,3,5,14,19,0.9005102040816326,0.7882653061224489,0.7882653061224489,0.8425205942211722
sapl,2022,71f445fcc95d35ff485374552a5c9a9d5e5d3e64,sapl/comissoes/urls.py,Python,c13233ae8dc130b9,24,0,0,0,0,0,0.3137755102040816,0.25,0.25,0.28007834180996644
sapl,2022,71f445fcc95d35ff485374552a5c9a9d5e5d3e64,sapl/comissoes/views.py,Python,59929324acf258a0,319,41,1,0,1,1,0.7219387755102041,0.8316326530612245,0.7219387755102041,0.7748469908474336
sapl,2022,71f445fcc95d35ff485374552a5c9a9d5e5d3e64,sapl/compilacao/__init__.py,Python,02bafff79a698ead,1,0,0,0,0,0,0.3137755102040816,0.25,0.25,0.28007834180996644
sapl,2022,71f445fcc95d35ff485374552a5c9a9d5e5d3e64,sapl/compilacao/admin.py,Python,9adab920b7d35049,9,0,0,0,0,0,0.3137755102040816,0.25,0.25,0.28007834180996644
sapl,2022,71f445fcc95d35ff485374552a5c9a9d5e5d3e64,sapl/compilacao/apps.py,Python,f158c49e188a57cc,68,21,0,0,0,0,0.3137755102040816,0.7551020408163265,0.3137755102040816,0.48675715517420604
sapl,2022,71f445fcc95d35ff485374552a5c9a9d5e5d3e64,sapl/compilacao/forms.py,Python,baaab395bff2b4bc,1255,135,0,0,0,0,0.3137755102040816,0.9336734693877551,0.3137755102040816,0.5412613686761303
sapl,2022,71f445fcc95d35ff485374552a5c9a9d5e5d3e64,sapl/compilacao/models.py,Python,326895f3f33cbc27,1593,238,3,40,60,100,0.9005102040816326,0.9693877551020408,0.9005102040816326,0.9343144894419515
sapl,2022,71f445fcc95d35ff485374552a5c9a9d5e5d3e64,sapl/compilacao/templatetags/__init__.py,Python,9b4a4f7c2c8409e9,0,0,0,0,0,0,0.3137755102040816,0.25,0.25,0.28007834180996644
sapl,2022,71f445fcc95d35ff485374552a5c9a9d5e5d3e64,sapl/compilacao/templatetags/compilacao_filters.py,Python,57ab3b3de0109349,223,71,1,1,1,2,0.7219387755102041,0.8775510204081632,0.7219387755102041,0.7959510720648597
sapl,2022,71f445fcc95d35ff485374552a5c9a9d5e5d3e64,sapl/compilacao/urls.py,Python,59c8fcb7ff2f557a,90,0,1,4,0,4,0.7219387755102041,0.25,0.25,0.42483490190608286
sapl,2022,71f445fcc95d35ff485374552a5c9a9d5e5d3e64,sapl/compilacao/utils.py,Python,677bcbae96e0f281,58,13,0,0,0,0,0.3137755102040816,0.6989795918367347,0.3137755102040816,0.4683189917682308
sapl,2022,71f445fcc95d35ff485374552a5c9a9d5e5d3e64,sapl/compilacao/views.py,Python,4a9fed402fd79f45,2771,619,2,77,2,79,0.8469387755102041,0.9948979591836735,0.8469387755102041,0.9179420784061604
sapl,2022,71f445fcc95d35ff485374552a5c9a9d5e5d3e64,sapl/context_processors.py,Python,e2cb246d7d362bbe,32,8,1,1,1,2,0.7219387755102041,0.6454081632653061,0.6454081632653061,0.6826017719666754
sapl,2022,71f445fcc95d35ff485374552a5c9a9d5e5d3e64,sapl/crispy_layout_mixin.py,Python,34ba10ecf9851d6f,261,90,3,20,10,30,0.9005102040816326,0.9005102040816326,0.9005102040816326,0.9005102040816326
sapl,2022,71f445fcc95d35ff485374552a5c9a9d5e5d3e64,sapl/crud/__init__.py,Python,fbdb8c583da8c222,0,0,0,0,0,0,0.3137755102040816,0.25,0.25,0.28007834180996644
sapl,2022,71f445fcc95d35ff485374552a5c9a9d5e5d3e64,sapl/crud/base.py,Python,b829f1d7044d28a3,1181,377,3,30,13,43,0.9005102040816326,0.9846938775510204,0.9005102040816326,0.9416617676381491
sapl,2022,71f445fcc95d35ff485374552a5c9a9d5e5d3e64,sapl/crud/urls.py,Python,13c8c7972037669d,4,0,0,0,0,0,0.3137755102040816,0.25,0.25,0.28007834180996644
sapl,2022,71f445fcc95d35ff485374552a5c9a9d5e5d3e64,sapl/decorators.py,Python,7c5a8425b413ac2b,49,14,0,0,0,0,0.3137755102040816,0.7142857142857143,0.3137755102040816,0.4734188044760019
sapl,2022,71f445fcc95d35ff485374552a5c9a9d5e5d3e64,sapl/hashers.py,Python,56ecd1ee7dc74313,30,6,0,0,0,0,0.3137755102040816,0.6122448979591837,0.3137755102040816,0.4383006447941741
sapl,2022,71f445fcc95d35ff485374552a5c9a9d5e5d3e64,sapl/lexml/OAIServer.py,Python,ea211969c4a29b64,269,65,1,2,1,3,0.7219387755102041,0.8596938775510204,0.7219387755102041,0.7878111101481136
sapl,2022,71f445fcc95d35ff485374552a5c9a9d5e5d3e64,sapl/lexml/__init__.py,Python,333f0cc5d1aec796,1,0,0,0,0,0,0.3137755102040816,0.25,0.25,0.28007834180996644
sapl,2022,71f445fcc95d35ff485374552a5c9a9d5e5d3e64,sapl/lexml/admin.py,Python,54bef07a591dc403,2,0,0,0,0,0,0.3137755102040816,0.25,0.25,0.28007834180996644
sapl,2022,71f445fcc95d35ff485374552a5c9a9d5e5d3e64,sapl/lexml/apps.py,Python,ba198e2c0384affa,6,0,0,0,0,0,0.3137755102040816,0.25,0.25,0.28007834180996644
sapl,2022,71f445fcc95d35ff485374552a5c9a9d5e5d3e64,sapl/lexml/forms.py,Python,a990ac5f47cb7dea,45,7,0,0,0,0,0.3137755102040816,0.6275510204081632,0.3137755102040816,0.4437455820711497
sapl,2022,71f445fcc95d35ff485374552a5c9a9d5e5d3e64,sapl/lexml/models.py,Python,cc55eb268a64bc74,57,3,1,0,3,3,0.7219387755102041,0.5663265306122449,0.5663265306122449,0.6394162040870924
sapl,2022,71f445fcc95d35ff485374552a5c9a9d5e5d3e64,sapl/lexml/urls.py,Python,701bf8fdc12ab600,12,0,0,0,0,0,0.3137755102040816,0.25,0.25,0.28007834180996644
sapl,2022,71f445fcc95d35ff485374552a5c9a9d5e5d3e64,sapl/lexml/views.py,Python,5a31b33300a6af7e,29,3,0,0,0,0,0.3137755102040816,0.5663265306122449,0.3137755102040816,0.4215440618547065
sapl,2022,71f445fcc95d35ff485374552a5c9a9d5e5d3e64,sapl/materia/__init__.py,Python,6a1f5def9b5501a3,1,0,0,0,0,0,0.3137755102040816,0.25,0.25,0.28007834180996644
sapl,2022,71f445fcc95d35ff485374552a5c9a9d5e5d3e64,sapl/materia/admin.py,Python,9403758a2e71e168,29,3,0,0,0,0,0.3137755102040816,0.5663265306122449,0.3137755102040816,0.4215440618547065
sapl,2022,71f445fcc95d35ff485374552a5c9a9d5e5d3e64,sapl/materia/apps.py,Python,4bf9d9b3b1a5aa85,6,0,0,0,0,0,0.3137755102040816,0.25,0.25,0.28007834180996644
sapl,2022,71f445fcc95d35ff485374552a5c9a9d5e5d3e64,sapl/materia/forms.py,Python,94f38869fdb3fba6,2345,351,3,51,41,92,0.9005102040816326,0.9744897959183674,0.9005102040816326,0.9367699851072928
sapl,2022,71f445fcc95d35ff485374552a5c9a9d5e5d3e64,sapl/materia/models.py,Python,41d990dabc9a4e77,992,90,2,2,26,28,0.8469387755102041,0.9005102040816326,0.8469387755102041,0.8733138093373664
sapl,2022,71f445fcc95d35ff485374552a5c9a9d5e5d3e64,sapl/materia/urls.py,Python,87c8e8c64dee3b5d,169,0,0,0,0,0,0.3137755102040816,0.25,0.25,0.28007834180996644
sapl,2022,71f445fcc95d35ff485374552a5c9a9d5e5d3e64,sapl/materia/views.py,Python,11b2afe97076f159,2329,414,5,46,24,70,0.9489795918367347,0.9897959183673469,0.9489795918367347,0.9691729085224736
sapl,2022,71f445fcc95d35ff485374552a5c9a9d5e5d3e64,sapl/norma/__init__.py,Python,e6c08d6bf4d5971a,1,0,0,0,0,0,0.3137755102040816,0.25,0.25,0.28007834180996644
sapl,2022,71f445fcc95d35ff485374552a5c9a9d5e5d3e64,sapl/norma/admin.py,Python,726973431759b934,2,0,0,0,0,0,0.3137755102040816,0.25,0.25,0.28007834180996644
sapl,2022,71f445fcc95d35ff485374552a5c9a9d5e5d3e64,sapl/norma/apps.py,Python,065d03cd55a4d6df,6,0,0,0,0,0,0.3137755102040816,0.25,0.25,0.28007834180996644
sapl,2022,71f445fcc95d35ff485374552a5c9a9d5e5d3e64,sapl/norma/forms.py,Python,74b221157d83f01b,410,45,4,64,30,94,0.9311224489795918,0.8443877551020408,0.8443877551020408,0.8866952094259853
sapl,2022,71f445fcc95d35ff485374552a5c9a9d5e5d3e64,sapl/norma/models.py,Python,b2e0bcbc19ef340d,427,40,5,44,10,54,0.9489795918367347,0.8239795918367347,0.8239795918367347,0.884273609661073
sapl,2022,71f445fcc95d35ff485374552a5c9a9d5e5d3e64,sapl/norma/urls.py,Python,5c3e3f75577c266e,30,0,0,0,0,0,0.3137755102040816,0.25,0.25,0.28007834180996644
sapl,2022,71f445fcc95d35ff485374552a5c9a9d5e5d3e64,sapl/norma/views.py,Python,e71f7bd22abca298,425,68,3,21,15,36,0.9005102040816326,0.8698979591836735,0.8698979591836735,0.8850717421512708
sapl,2022,71f445fcc95d35ff485374552a5c9a9d5e5d3e64,sapl/painel/__init__.py,Python,af1d54eee94be5b7,1,0,0,0,0,0,0.3137755102040816,0.25,0.25,0.28007834180996644
sapl,2022,71f445fcc95d35ff485374552a5c9a9d5e5d3e64,sapl/painel/admin.py,Python,85e1bb8b1ae8aaf5,0,0,0,0,0,0,0.3137755102040816,0.25,0.25,0.28007834180996644
sapl,2022,71f445fcc95d35ff485374552a5c9a9d5e5d3e64,sapl/painel/apps.py,Python,0ed3f5c15411d1cb,6,0,0,0,0,0,0.3137755102040816,0.25,0.25,0.28007834180996644
sapl,2022,71f445fcc95d35ff485374552a5c9a9d5e5d3e64,sapl/painel/models.py,Python,76209356ab107bb4,40,1,1,0,3,3,0.7219387755102041,0.5102040816326531,0.5102040816326531,0.6069070027229755
sapl,2022,71f445fcc95d35ff485374552a5c9a9d5e5d3e64,sapl/painel/urls.py,Python,ce2fb875f861448b,22,0,0,0,0,0,0.3137755102040816,0.25,0.25,0.28007834180996644
sapl,2022,71f445fcc95d35ff485374552a5c9a9d5e5d3e64,sapl/painel/views.py,Python,c25fa8a967c0b4c1,503,104,3,24,18,42,0.9005102040816326,0.923469387755102,0.9005102040816326,0.9119175438769052
sapl,2022,71f445fcc95d35ff485374552a5c9a9d5e5d3e64,sapl/parlamentares/__init__.py,Python,2e16213924ad8b30,1,0,0,0,0,0,0.3137755102040816,0.25,0.25,0.28007834180996644
sapl,2022,71f445fcc95d35ff485374552a5c9a9d5e5d3e64,sapl/parlamentares/admin.py,Python,6c6987653626463f,2,0,0,0,0,0,0.3137755102040816,0.25,0.25,0.28007834180996644
sapl,2022,71f445fcc95d35ff485374552a5c9a9d5e5d3e64,sapl/parlamentares/apps.py,Python,ecdc4141509d7e67,6,0,0,0,0,0,0.3137755102040816,0.25,0.25,0.28007834180996644
sapl,2022,71f445fcc95d35ff485374552a5c9a9d5e5d3e64,sapl/parlamentares/forms.py,Python,3beb6a4b0e225b81,569,102,2,29,13,42,0.8469387755102041,0.9183673469387755,0.8469387755102041,0.881930221891098
sapl,2022,71f445fcc95d35ff485374552a5c9a9d5e5d3e64,sapl/parlamentares/models.py,Python,6912635a78814045,576,47,3,9,28,37,0.9005102040816326,0.8520408163265306,0.8520408163265306,0.8759403229650322
sapl,2022,71f445fcc95d35ff485374552a5c9a9d5e5d3e64,sapl/parlamentares/urls.py,Python,49a8beaed92e4d5b,91,0,1,4,1,5,0.7219387755102041,0.25,0.25,0.42483490190608286
sapl,2022,71f445fcc95d35ff485374552a5c9a9d5e5d3e64,sapl/parlamentares/views.py,Python,fab4a7e6fcc30889,1116,177,5,161,52,213,0.9489795918367347,0.9438775510204082,0.9438775510204082,0.9464251333894318
sapl,2022,71f445fcc95d35ff485374552a5c9a9d5e5d3e64,sapl/protocoloadm/__init__.py,Python,436faa0b94315044,1,0,0,0,0,0,0.3137755102040816,0.25,0.25,0.28007834180996644
sapl,2022,71f445fcc95d35ff485374552a5c9a9d5e5d3e64,sapl/protocoloadm/admin.py,Python,9af7c678cd566901,5,0,0,0,0,0,0.3137755102040816,0.25,0.25,0.28007834180996644
sapl,2022,71f445fcc95d35ff485374552a5c9a9d5e5d3e64,sapl/protocoloadm/apps.py,Python,a3513c815728e003,6,0,0,0,0,0,0.3137755102040816,0.25,0.25,0.28007834180996644
sapl,2022,71f445fcc95d35ff485374552a5c9a9d5e5d3e64,sapl/protocoloadm/forms.py,Python,0b965857f647e956,1471,184,2,105,6,111,0.8469387755102041,0.9540816326530612,0.8469387755102041,0.8989153072987244
sapl,2022,71f445fcc95d35ff485374552a5c9a9d5e5d3e64,sapl/protocoloadm/models.py,Python,23e78b47c21c8f0c,468,33,5,126,29,155,0.9489795918367347,0.8035714285714286,0.8035714285714286,0.8732541934038314
sapl,2022,71f445fcc95d35ff485374552a5c9a9d5e5d3e64,sapl/protocoloadm/urls.py,Python,84c7e2753ea5a865,97,0,2,9,10,19,0.8469387755102041,0.25,0.25,0.4601463830973259
sapl,2022,71f445fcc95d35ff485374552a5c9a9d5e5d3e64,sapl/protocoloadm/views.py,Python,1d4dd9e563aef08b,1439,235,2,157,5,162,0.8469387755102041,0.9642857142857143,0.8469387755102041,0.9037095562729905
sapl,2022,71f445fcc95d35ff485374552a5c9a9d5e5d3e64,sapl/redireciona_urls/__init__.py,Python,3f9521c8b0c6dcfd,0,0,0,0,0,0,0.3137755102040816,0.25,0.25,0.28007834180996644
sapl,2022,71f445fcc95d35ff485374552a5c9a9d5e5d3e64,sapl/redireciona_urls/apps.py,Python,842fad2432b27782,6,0,0,0,0,0,0.3137755102040816,0.25,0.25,0.28007834180996644
sapl,2022,71f445fcc95d35ff485374552a5c9a9d5e5d3e64,sapl/redireciona_urls/exceptions.py,Python,1c81a89fe430f993,9,2,0,0,0,0,0.3137755102040816,0.5382653061224489,0.3137755102040816,0.41096772507549495
sapl,2022,71f445fcc95d35ff485374552a5c9a9d5e5d3e64,sapl/redireciona_urls/urls.py,Python,961167c173391142,83,0,0,0,0,0,0.3137755102040816,0.25,0.25,0.28007834180996644
sapl,2022,71f445fcc95d35ff485374552a5c9a9d5e5d3e64,sapl/redireciona_urls/views.py,Python,16ac6d5684c34cc5,687,65,0,0,0,0,0.3137755102040816,0.8596938775510204,0.3137755102040816,0.5193754759785032
sapl,2022,71f445fcc95d35ff485374552a5c9a9d5e5d3e64,sapl/relatorios/__init__.py,Python,9463e1276de17647,1,0,0,0,0,0,0.3137755102040816,0.25,0.25,0.28007834180996644
sapl,2022,71f445fcc95d35ff485374552a5c9a9d5e5d3e64,sapl/relatorios/admin.py,Python,1a24cd7da2b56fae,0,0,0,0,0,0,0.3137755102040816,0.25,0.25,0.28007834180996644
sapl,2022,71f445fcc95d35ff485374552a5c9a9d5e5d3e64,sapl/relatorios/apps.py,Python,fbaf96f49e8aab04,6,0,0,0,0,0,0.3137755102040816,0.25,0.25,0.28007834180996644
sapl,2022,71f445fcc95d35ff485374552a5c9a9d5e5d3e64,sapl/relatorios/models.py,Python,f606dd4c08040377,0,0,0,0,0,0,0.3137755102040816,0.25,0.25,0.28007834180996644
sapl,2022,71f445fcc95d35ff485374552a5c9a9d5e5d3e64,sapl/relatorios/templates/__init__.py,Python,e466947b514062c3,0,0,0,0,0,0,0.3137755102040816,0.25,0.25,0.28007834180996644
sapl,2022,71f445fcc95d35ff485374552a5c9a9d5e5d3e64,sapl/relatorios/templates/pdf_capa_processo_gerar.py,Python,8ff631b62339b6d2,60,4,0,0,0,0,0.3137755102040816,0.5841836734693877,0.3137755102040816,0.4281384474626774
sapl,2022,71f445fcc95d35ff485374552a5c9a9d5e5d3e64,sapl/relatorios/templates/pdf_capa_processo_preparar_pysc.py,Python,57c0ad78f373dd69,116,0,0,0,0,0,0.3137755102040816,0.25,0.25,0.28007834180996644
sapl,2022,71f445fcc95d35ff485374552a5c9a9d5e5d3e64,sapl/relatorios/templates/pdf_detalhe_materia_gerar.py,Python,dc4b7669bfadde7b,311,94,0,0,0,0,0.3137755102040816,0.9132653061224489,0.3137755102040816,0.5353132609792682
sapl,2022,71f445fcc95d35ff485374552a5c9a9d5e5d3e64,sapl/relatorios/templates/pdf_detalhe_materia_preparar_pysc.py,Python,b09ebf272337e792,202,0,0,0,0,0,0.3137755102040816,0.25,0.25,0.28007834180996644
sapl,2022,71f445fcc95d35ff485374552a5c9a9d5e5d3e64,sapl/relatorios/templates/pdf_documento_administrativo_gerar.py,Python,e4dd82a9bd169bf9,96,13,0,0,0,0,0.3137755102040816,0.6989795918367347,0.3137755102040816,0.4683189917682308
sapl,2022,71f445fcc95d35ff485374552a5c9a9d5e5d3e64,sapl/relatorios/templates/pdf_documento_administrativo_preparar_pysc.py,Python,017c2c28aaace221,107,0,0,0,0,0,0.3137755102040816,0.25,0.25,0.28007834180996644
sapl,2022,71f445fcc95d35ff485374552a5c9a9d5e5d3e64,sapl/relatorios/templates/pdf_espelho_gerar.py,Python,d9e55b20247e3ace,98,11,0,0,0,0,0.3137755102040816,0.6811224489795918,0.3137755102040816,0.46229811154711087
sapl,2022,71f445fcc95d35ff485374552a5c9a9d5e5d3e64,sapl/relatorios/templates/pdf_espelho_preparar_pysc.py,Python,3a3254736c301330,155,0,0,0,0,0,0.3137755102040816,0.25,0.25,0.28007834180996644
sapl,2022,71f445fcc95d35ff485374552a5c9a9d5e5d3e64,sapl/relatorios/templates/pdf_etiqueta_protocolo_gerar.py,Python,283c4e464ac87add,93,10,0,0,0,0,0.3137755102040816,0.6709183673469388,0.3137755102040816,0.45882213658407456
sapl,2022,71f445fcc95d35ff485374552a5c9a9d5e5d3e64,sapl/relatorios/templates/pdf_etiqueta_protocolo_preparar_pysc.py,Python,e94c091e696f65ad,107,0,0,0,0,0,0.3137755102040816,0.25,0.25,0.28007834180996644
sapl,2022,71f445fcc95d35ff485374552a5c9a9d5e5d3e64,sapl/relatorios/templates/pdf_materia_gerar.py,Python,3fffda0582e8e3a3,82,8,0,0,0,0,0.3137755102040816,0.6454081632653061,0.3137755102040816,0.4500147505565241
sapl,2022,71f445fcc95d35ff485374552a5c9a9d5e5d3e64,sapl/relatorios/templates/pdf_materia_preparar_pysc.py,Python,a742639bbd8a440e,134,0,0,0,0,0,0.3137755102040816,0.25,0.25,0.28007834180996644
sapl,2022,71f445fcc95d35ff485374552a5c9a9d5e5d3e64,sapl/relatorios/templates/pdf_norma_gerar.py,Python,f6f3bfaaf8d44eea,84,9,0,0,0,0,0.3137755102040816,0.6607142857142857,0.3137755102040816,0.4553196263056594
sapl,2022,71f445fcc95d35ff485374552a5c9a9d5e5d3e64,sapl/relatorios/templates/pdf_norma_preparar_pysc.py,Python,f1e599dfce157920,82,0,0,0,0,0,0.3137755102040816,0.25,0.25,0.28007834180996644
sapl,2022,71f445fcc95d35ff485374552a5c9a9d5e5d3e64,sapl/relatorios/templates/pdf_ordem_dia_gerar.py,Python,f3e0d570f9c8c074,124,17,0,0,0,0,0.3137755102040816,0.7295918367346939,0.3137755102040816,0.4784642628370081
sapl,2022,71f445fcc95d35ff485374552a5c9a9d5e5d3e64,sapl/relatorios/templates/pdf_ordem_dia_preparar_pysc.py,Python,ed1aa87959fa2a1b,132,0,0,0,0,0,0.3137755102040816,0.25,0.25,0.28007834180996644
sapl,2022,71f445fcc95d35ff485374552a5c9a9d5e5d3e64,sapl/relatorios/templates/pdf_pauta_sessao_gerar.py,Python,2ab00fd718a8c09b,164,14,0,0,0,0,0.3137755102040816,0.7142857142857143,0.3137755102040816,0.4734188044760019
sapl,2022,71f445fcc95d35ff485374552a5c9a9d5e5d3e64,sapl/relatorios/templates/pdf_pauta_sessao_preparar_pysc.py,Python,b677f585c0fcf73c,153,0,0,0,0,0,0.3137755102040816,0.25,0.25,0.28007834180996644
sapl,2022,71f445fcc95d35ff485374552a5c9a9d5e5d3e64,sapl/relatorios/templates/pdf_protocolo_gerar.py,Python,d7588d73147a81a2,101,15,0,0,0,0,0.3137755102040816,0.7244897959183674,0.3137755102040816,0.4767883758565604
sapl,2022,71f445fcc95d35ff485374552a5c9a9d5e5d3e64,sapl/relatorios/templates/pdf_protocolo_preparar_pysc.py,Python,e6685acaab144464,99,0,0,0,0,0,0.3137755102040816,0.25,0.25,0.28007834180996644
sapl,2022,71f445fcc95d35ff485374552a5c9a9d5e5d3e64,sapl/relatorios/templates/pdf_sessao_plenaria_gerar.py,Python,8adf8de23b0391a5,436,75,0,0,0,0,0.3137755102040816,0.8877551020408163,0.3137755102040816,0.5277838668234693
sapl,2022,71f445fcc95d35ff485374552a5c9a9d5e5d3e64,sapl/relatorios/templates/pdf_sessao_plenaria_preparar_pysc.py,Python,bea9e89b15b496d1,239,0,0,0,0,0,0.3137755102040816,0.25,0.25,0.28007834180996644
sapl,2022,71f445fcc95d35ff485374552a5c9a9d5e5d3e64,sapl/relatorios/urls.py,Python,f25181eed82d4ba3,36,0,1,5,1,6,0.7219387755102041,0.25,0.25,0.42483490190608286
sapl,2022,71f445fcc95d35ff485374552a5c9a9d5e5d3e64,sapl/relatorios/views.py,Python,710c9fb76ba1bbc3,1259,197,4,113,52,165,0.9311224489795918,0.9591836734693877,0.9311224489795918,0.9450489146399024
sapl,2022,71f445fcc95d35ff485374552a5c9a9d5e5d3e64,sapl/rules/__init__.py,Python,565865e6f0800dbf,36,0,0,0,0,0,0.3137755102040816,0.25,0.25,0.28007834180996644
sapl,2022,71f445fcc95d35ff485374552a5c9a9d5e5d3e64,sapl/rules/apps.py,Python,fc77782d7660cb21,187,43,1,0,9,9,0.7219387755102041,0.8367346938775511,0.7219387755102041,0.7772201878006417
sapl,2022,71f445fcc95d35ff485374552a5c9a9d5e5d3e64,sapl/rules/group_administrativo.py,Python,b9a8f0011f5cfc27,15,0,1,1,0,1,0.7219387755102041,0.25,0.25,0.42483490190608286
sapl,2022,71f445fcc95d35ff485374552a5c9a9d5e5d3e64,sapl/rules/group_anonymous.py,Python,7d2863ede8a8096e,10,0,0,0,0,0,0.3137755102040816,0.25,0.25,0.28007834180996644
sapl,2022,71f445fcc95d35ff485374552a5c9a9d5e5d3e64,sapl/rules/group_audiencia.py,Python,c7e8a2b7514f2e8b,10,0,0,0,0,0,0.3137755102040816,0.25,0.25,0.28007834180996644
sapl,2022,71f445fcc95d35ff485374552a5c9a9d5e5d3e64,sapl/rules/group_autor.py,Python,7d44f4f2ef604f66,13,0,0,0,0,0,0.3137755102040816,0.25,0.25,0.28007834180996644
sapl,2022,71f445fcc95d35ff485374552a5c9a9d5e5d3e64,sapl/rules/group_comissoes.py,Python,c60cb5e241dbb9be,15,0,0,0,0,0,0.3137755102040816,0.25,0.25,0.28007834180996644
sapl,2022,71f445fcc95d35ff485374552a5c9a9d5e5d3e64,sapl/rules/group_geral.py,Python,7b52b269979defa3,102,0,3,8,1,9,0.9005102040816326,0.25,0.25,0.47447608055665796
sapl,2022,71f445fcc95d35ff485374552a5c9a9d5e5d3e64,sapl/rules/group_materia.py,Python,54c3f4afcb7fd22f,25,0,0,0,0,0,0.3137755102040816,0.25,0.25,0.28007834180996644
sapl,2022,71f445fcc95d35ff485374552a5c9a9d5e5d3e64,sapl/rules/group_norma.py,Python,d48aec6308d85fc3,23,0,0,0,0,0,0.3137755102040816,0.25,0.25,0.28007834180996644
sapl,2022,71f445fcc95d35ff485374552a5c9a9d5e5d3e64,sapl/rules/group_painel.py,Python,31eba35cc452586b,9,0,0,0,0,0,0.3137755102040816,0.25,0.25,0.28007834180996644
sapl,2022,71f445fcc95d35ff485374552a5c9a9d5e5d3e64,sapl/rules/group_protocolo.py,Python,557afa2c5d4f6e97,23,0,0,0,0,0,0.3137755102040816,0.25,0.25,0.28007834180996644
sapl,2022,71f445fcc95d35ff485374552a5c9a9d5e5d3e64,sapl/rules/group_sessao.py,Python,6b4d151704dfd90a,25,0,1,2,1,3,0.7219387755102041,0.25,0.25,0.42483490190608286
sapl,2022,71f445fcc95d35ff485374552a5c9a9d5e5d3e64,sapl/rules/group_votante.py,Python,21d833d83e2e4792,8,0,0,0,0,0,0.3137755102040816,0.25,0.25,0.28007834180996644
sapl,2022,71f445fcc95d35ff485374552a5c9a9d5e5d3e64,sapl/rules/management/commands/check_ids_sequences.py,Python,2fd3bbb21f32198b,33,10,0,0,0,0,0.3137755102040816,0.6709183673469388,0.3137755102040816,0.45882213658407456
sapl,2022,71f445fcc95d35ff485374552a5c9a9d5e5d3e64,sapl/rules/map_rules.py,Python,c3b8bf46eb27d154,55,1,0,0,0,0,0.3137755102040816,0.5102040816326531,0.3137755102040816,0.40011191687138065
sapl,2022,71f445fcc95d35ff485374552a5c9a9d5e5d3e64,sapl/rules/models.py,Python,65668cdfe5793a55,0,0,0,0,0,0,0.3137755102040816,0.25,0.25,0.28007834180996644
sapl,2022,71f445fcc95d35ff485374552a5c9a9d5e5d3e64,sapl/sessao/__init__.py,Python,683fe6dff3109245,1,0,0,0,0,0,0.3137755102040816,0.25,0.25,0.28007834180996644
sapl,2022,71f445fcc95d35ff485374552a5c9a9d5e5d3e64,sapl/sessao/admin.py,Python,731827703e9a0b81,2,0,0,0,0,0,0.3137755102040816,0.25,0.25,0.28007834180996644
sapl,2022,71f445fcc95d35ff485374552a5c9a9d5e5d3e64,sapl/sessao/apps.py,Python,b84cadf57b8feea5,6,0,0,0,0,0,0.3137755102040816,0.25,0.25,0.28007834180996644
sapl,2022,71f445fcc95d35ff485374552a5c9a9d5e5d3e64,sapl/sessao/forms.py,Python,c22c88a1cb819a91,936,132,13,258,99,357,0.9872448979591837,0.9285714285714286,0.9285714285714286,0.9574588269204131
sapl,2022,71f445fcc95d35ff485374552a5c9a9d5e5d3e64,sapl/sessao/models.py,Python,8991cdb3433793b5,828,68,8,81,38,119,0.9668367346938775,0.8698979591836735,0.8698979591836735,0.9170874017093523
sapl,2022,71f445fcc95d35ff485374552a5c9a9d5e5d3e64,sapl/sessao/serializers.py,Python,77e0965b71ed5624,2,0,0,0,0,0,0.3137755102040816,0.25,0.25,0.28007834180996644
sapl,2022,71f445fcc95d35ff485374552a5c9a9d5e5d3e64,sapl/sessao/urls.py,Python,1b2b956c75f568bc,205,0,3,24,6,30,0.9005102040816326,0.25,0.25,0.47447608055665796
sapl,2022,71f445fcc95d35ff485374552a5c9a9d5e5d3e64,sapl/sessao/views.py,Python,c4bec0aa3f27a78d,4218,752,17,706,218,924,0.9948979591836735,1.0,0.9948979591836735,0.9974457174120672
sapl,2022,71f445fcc95d35ff485374552a5c9a9d5e5d3e64,sapl/settings.py,Python,b5ea40e821c853b1,301,0,18,30,22,52,1.0,0.25,0.25,0.5
sapl,2022,71f445fcc95d35ff485374552a5c9a9d5e5d3e64,sapl/urls.py,Python,d0ca975f5f417ca9,57,0,1,2,0,2,0.7219387755102041,0.25,0.25,0.42483490190608286
sapl,2022,71f445fcc95d35ff485374552a5c9a9d5e5d3e64,sapl/utils.py,Python,b38f2cf8d9bb2f72,812,182,5,19,5,24,0.9489795918367347,0.9489795918367347,0.9489795918367347,0.9489795918367347
sapl,2022,71f445fcc95d35ff485374552a5c9a9d5e5d3e64,sapl/wsgi.py,Python,6da0b3def5cd62ad,4,0,0,0,0,0,0.3137755102040816,0.25,0.25,0.28007834180996644
sapl,2022,71f445fcc95d35ff485374552a5c9a9d5e5d3e64,scripts/anonimizador/anon.py,Python,0c8f6dbd179da9e1,58,18,0,0,0,0,0.3137755102040816,0.7372448979591837,0.3137755102040816,0.4809671444106125
sapl,2022,71f445fcc95d35ff485374552a5c9a9d5e5d3e64,scripts/atualizar_requirements.py,Python,3c3c90ec093624cf,24,3,0,0,0,0,0.3137755102040816,0.5663265306122449,0.3137755102040816,0.4215440618547065
sapl,2022,71f445fcc95d35ff485374552a5c9a9d5e5d3e64,scripts/check_commits.py,Python,ac0d041a6214aaa3,16,0,0,0,0,0,0.3137755102040816,0.25,0.25,0.28007834180996644
sapl,2022,71f445fcc95d35ff485374552a5c9a9d5e5d3e64,scripts/convert_null_to_empty_in_all_char_fields.py,Python,62805fa66d97ace0,19,9,0,0,0,0,0.3137755102040816,0.6607142857142857,0.3137755102040816,0.4553196263056594
sapl,2022,71f445fcc95d35ff485374552a5c9a9d5e5d3e64,scripts/deduplica_parlamentares.py,Python,06b4a2a480d7791f,87,25,1,17,13,30,0.7219387755102041,0.7653061224489796,0.7219387755102041,0.7433062389966054
sapl,2022,71f445fcc95d35ff485374552a5c9a9d5e5d3e64,scripts/fk_protocoloadm_docadm.py,Python,9cfd12d24cfb2d7b,14,4,0,0,0,0,0.3137755102040816,0.5841836734693877,0.3137755102040816,0.4281384474626774
sapl,2022,71f445fcc95d35ff485374552a5c9a9d5e5d3e64,scripts/gerar_hash_proposicoes.py,Python,2147258a7847d759,29,7,0,0,0,0,0.3137755102040816,0.6275510204081632,0.3137755102040816,0.4437455820711497
sapl,2022,71f445fcc95d35ff485374552a5c9a9d5e5d3e64,scripts/id_numero_legislatura.py,Python,69df878b3934f161,7,2,0,0,0,0,0.3137755102040816,0.5382653061224489,0.3137755102040816,0.41096772507549495
sapl,2022,71f445fcc95d35ff485374552a5c9a9d5e5d3e64,scripts/lista_permissions_in_decorators.py,Python,de69cb2a44acad43,93,35,0,0,0,0,0.3137755102040816,0.8137755102040817,0.3137755102040816,0.5053145811332507
sapl,2022,71f445fcc95d35ff485374552a5c9a9d5e5d3e64,scripts/lista_urls.py,Python,a32a901c51dbc517,33,8,0,0,0,0,0.3137755102040816,0.6454081632653061,0.3137755102040816,0.4500147505565241
sapl,2022,71f445fcc95d35ff485374552a5c9a9d5e5d3e64,scripts/redbaron.py,Python,233389a22034fd08,74,33,0,0,0,0,0.3137755102040816,0.8035714285714286,0.3137755102040816,0.5021364704793138
sapl,2022,71f445fcc95d35ff485374552a5c9a9d5e5d3e64,scripts/remove_multiplos_autores.py,Python,4c69bd43760adbd4,63,21,0,0,0,0,0.3137755102040816,0.7551020408163265,0.3137755102040816,0.48675715517420604
sapl,2022,71f445fcc95d35ff485374552a5c9a9d5e5d3e64,scripts/remove_protocolos_inexistentes_materias.py,Python,db41c080705a8d45,9,3,0,0,0,0,0.3137755102040816,0.5663265306122449,0.3137755102040816,0.4215440618547065
sapl,2022,71f445fcc95d35ff485374552a5c9a9d5e5d3e64,scripts/set_inicio_mandato.py,Python,7bdb2222b469a423,7,2,0,0,0,0,0.3137755102040816,0.5382653061224489,0.3137755102040816,0.41096772507549495
sapl,2022,71f445fcc95d35ff485374552a5c9a9d5e5d3e64,setup.py,Python,7d5dec7a3271fd2c,58,0,13,12,15,27,0.9872448979591837,0.25,0.25,0.49680099083012697
sapl,2022,71f445fcc95d35ff485374552a5c9a9d5e5d3e64,solr/bin/solr_password.py,Python,e61f2f37d8f9a083,48,5,1,1,1,2,0.7219387755102041,0.5969387755102041,0.5969387755102041,0.6564702953267554
sapl,2023,162bc6e0bf69740549cad065749c36c6a7136fc6,docker/create_admin.py,Python,c93741871b84b6e3,45,6,0,0,0,0,0.40703517587939697,0.6130653266331658,0.40703517587939697,0.49953894047580577
sapl,2023,162bc6e0bf69740549cad065749c36c6a7136fc6,docker/genkey.py,Python,61a0bf489ba63060,7,2,0,0,0,0,0.40703517587939697,0.5301507537688442,0.40703517587939697,0.4645320282853448
sapl,2023,162bc6e0bf69740549cad065749c36c6a7136fc6,docker/solr_cli.py,Python,37f34439e61a74e7,245,35,0,0,0,0,0.40703517587939697,0.8115577889447236,0.40703517587939697,0.5747456544937162
sapl,2023,162bc6e0bf69740549cad065749c36c6a7136fc6,drfautoapi/__init__.py,Python,9bfbdba60d7031ce,0,0,0,0,0,0,0.40703517587939697,0.24623115577889448,0.24623115577889448,0.3165829145728643
sapl,2023,162bc6e0bf69740549cad065749c36c6a7136fc6,drfautoapi/drfautoapi.py,Python,9e32170f07434f40,293,74,0,0,0,0,0.40703517587939697,0.8793969849246231,0.40703517587939697,0.5982854723512894
sapl,2023,162bc6e0bf69740549cad065749c36c6a7136fc6,manage.py,Python,ea8192dce2df8296,6,0,0,0,0,0,0.40703517587939697,0.24623115577889448,0.24623115577889448,0.3165829145728643
sapl,2023,162bc6e0bf69740549cad065749c36c6a7136fc6,sapl/__init__.py,Python,9d55a50bbea85f33,0,0,0,0,0,0,0.40703517587939697,0.24623115577889448,0.24623115577889448,0.3165829145728643
sapl,2023,162bc6e0bf69740549cad065749c36c6a7136fc6,sapl/api/__init__.py,Python,bd98e7c11753dc0a,1,0,0,0,0,0,0.40703517587939697,0.24623115577889448,0.24623115577889448,0.3165829145728643
sapl,2023,162bc6e0bf69740549cad065749c36c6a7136fc6,sapl/api/admin.py,Python,2777c6afa5a95b4f,0,0,0,0,0,0,0.40703517587939697,0.24623115577889448,0.24623115577889448,0.3165829145728643
sapl,2023,162bc6e0bf69740549cad065749c36c6a7136fc6,sapl/api/apps.py,Python,c0862434cb8882d7,8,1,0,0,0,0,0.40703517587939697,0.5025125628140703,0.40703517587939697,0.4522613065326633
sapl,2023,162bc6e0bf69740549cad065749c36c6a7136fc6,sapl/api/deprecated.py,Python,8951be30535ae199,14,0,0,0,0,0,0.40703517587939697,0.24623115577889448,0.24623115577889448,0.3165829145728643
sapl,2023,162bc6e0bf69740549cad065749c36c6a7136fc6,sapl/api/forms.py,Python,0b63a48e8a7d9bf4,137,30,0,0,0,0,0.40703517587939697,0.7839195979899497,0.40703517587939697,0.5648741908099053
sapl,2023,162bc6e0bf69740549cad065749c36c6a7136fc6,sapl/api/pagination.py,Python,cb6a02afb55755bd,96,6,0,0,0,0,0.40703517587939697,0.6130653266331658,0.40703517587939697,0.49953894047580577
sapl,2023,162bc6e0bf69740549cad065749c36c6a7136fc6,sapl/api/permissions.py,Python,5bceb70dc5eb9425,41,8,0,0,0,0,0.40703517587939697,0.6457286432160804,0.40703517587939697,0.5126736504461894
sapl,2023,162bc6e0bf69740549cad065749c36c6a7136fc6,sapl/api/schema.py,Python,ae96e5ef03794e53,3,0,0,0,0,0,0.40703517587939697,0.24623115577889448,0.24623115577889448,0.3165829145728643
sapl,2023,162bc6e0bf69740549cad065749c36c6a7136fc6,sapl/api/serializers.py,Python,66435c88a8993743,240,45,1,1,1,2,0.8442211055276382,0.8417085427135679,0.8417085427135679,0.8429638879938485
sapl,2023,162bc6e0bf69740549cad065749c36c6a7136fc6,sapl/api/signals.py,Python,9b0bb8413dc3b65a,8,2,0,0,0,0,0.40703517587939697,0.5301507537688442,0.40703517587939697,0.4645320282853448
sapl,2023,162bc6e0bf69740549cad065749c36c6a7136fc6,sapl/api/urls.py,Python,927a4f11006a4510,29,0,0,0,0,0,0.40703517587939697,0.24623115577889448,0.24623115577889448,0.3165829145728643
sapl,2023,162bc6e0bf69740549cad065749c36c6a7136fc6,sapl/api/views.py,Python,31bfc57507210350,39,2,0,0,0,0,0.40703517587939697,0.5301507537688442,0.40703517587939697,0.4645320282853448
sapl,2023,162bc6e0bf69740549cad065749c36c6a7136fc6,sapl/api/views_audiencia.py,Python,d3c37562fc71cc75,8,0,0,0,0,0,0.40703517587939697,0.24623115577889448,0.24623115577889448,0.3165829145728643
sapl,2023,162bc6e0bf69740549cad065749c36c6a7136fc6,sapl/api/views_base.py,Python,7917b6c1967c3788,111,19,0,0,0,0,0.40703517587939697,0.7437185929648241,0.40703517587939697,0.5501996258561204
sapl,2023,162bc6e0bf69740549cad065749c36c6a7136fc6,sapl/api/views_comissoes.py,Python,db43ee0434e59e67,8,0,0,0,0,0,0.40703517587939697,0.24623115577889448,0.24623115577889448,0.3165829145728643
sapl,2023,162bc6e0bf69740549cad065749c36c6a7136fc6,sapl/api/views_compilacao.py,Python,427b8a425cb5c7c7,8,0,0,0,0,0,0.40703517587939697,0.24623115577889448,0.24623115577889448,0.3165829145728643
sapl,2023,162bc6e0bf69740549cad065749c36c6a7136fc6,sapl/api/views_materia.py,Python,3ae579529eb2a1a3,68,13,0,0,0,0,0.40703517587939697,0.6984924623115578,0.40703517587939697,0.5332082165978109
sapl,2023,162bc6e0bf69740549cad065749c36c6a7136fc6,sapl/api/views_norma.py,Python,7452dea43677937e,10,0,0,0,0,0,0.40703517587939697,0.24623115577889448,0.24623115577889448,0.3165829145728643
sapl,2023,162bc6e0bf69740549cad065749c36c6a7136fc6,sapl/api/views_painel.py,Python,c2f60a0e79f7b4da,8,0,0,0,0,0,0.40703517587939697,0.24623115577889448,0.24623115577889448,0.3165829145728643
sapl,2023,162bc6e0bf69740549cad065749c36c6a7136fc6,sapl/api/views_parlamentares.py,Python,5a87f5311c559cfe,81,12,0,0,0,0,0.40703517587939697,0.6884422110552764,0.40703517587939697,0.5293582874194805
sapl,2023,162bc6e0bf69740549cad065749c36c6a7136fc6,sapl/api/views_protocoloadm.py,Python,226d54741d68c2ff,56,11,0,0,0,0,0.40703517587939697,0.6809045226130653,0.40703517587939697,0.526452364529675
sapl,2023,162bc6e0bf69740549cad065749c36c6a7136fc6,sapl/api/views_sessao.py,Python,fed65581dcec0a39,35,5,0,0,0,0,0.40703517587939697,0.5954773869346733,0.40703517587939697,0.49232128018516375
sapl,2023,162bc6e0bf69740549cad065749c36c6a7136fc6,sapl/audiencia/__init__.py,Python,b148575890c3569c,1,0,0,0,0,0,0.40703517587939697,0.24623115577889448,0.24623115577889448,0.3165829145728643
sapl,2023,162bc6e0bf69740549cad065749c36c6a7136fc6,sapl/audiencia/admin.py,Python,7db682ce4e6b353d,2,0,0,0,0,0,0.40703517587939697,0.24623115577889448,0.24623115577889448,0.3165829145728643
sapl,2023,162bc6e0bf69740549cad065749c36c6a7136fc6,sapl/audiencia/apps.py,Python,37189946a76357f8,6,0,0,0,0,0,0.40703517587939697,0.24623115577889448,0.24623115577889448,0.3165829145728643
sapl,2023,162bc6e0bf69740549cad065749c36c6a7136fc6,sapl/audiencia/forms.py,Python,b430267bb0c7e0f0,168,32,2,27,4,31,0.9095477386934674,0.7939698492462312,0.7939698492462312,0.8497961408318484
sapl,2023,162bc6e0bf69740549cad065749c36c6a7136fc6,sapl/audiencia/models.py,Python,68d5b5ae13437ee2,182,21,2,5,3,8,0.9095477386934674,0.7537688442211056,0.7537688442211056,0.8280028669992001
sapl,2023,162bc6e0bf69740549cad065749c36c6a7136fc6,sapl/audiencia/urls.py,Python,836ea69714280178,7,0,0,0,0,0,0.40703517587939697,0.24623115577889448,0.24623115577889448,0.3165829145728643
sapl,2023,162bc6e0bf69740549cad065749c36c6a7136fc6,sapl/audiencia/views.py,Python,08e954878725cf6a,79,14,2,7,7,14,0.9095477386934674,0.7135678391959799,0.7135678391959799,0.8056202669652045
sapl,2023,162bc6e0bf69740549cad065749c36c6a7136fc6,sapl/base/__init__.py,Python,e80b192cd0f8e7e6,1,0,0,0,0,0,0.40703517587939697,0.24623115577889448,0.24623115577889448,0.3165829145728643
sapl,2023,162bc6e0bf69740549cad065749c36c6a7136fc6,sapl/base/admin.py,Python,5164eb55a28cb806,22,5,0,0,0,0,0.40703517587939697,0.5954773869346733,0.40703517587939697,0.49232128018516375
sapl,2023,162bc6e0bf69740549cad065749c36c6a7136fc6,sapl/base/apps.py,Python,5b07a8af48db3be4,8,1,0,0,0,0,0.40703517587939697,0.5025125628140703,0.40703517587939697,0.4522613065326633
sapl,2023,162bc6e0bf69740549cad065749c36c6a7136fc6,sapl/base/email_utils.py,Python,4fe25c9014e5def0,200,29,0,0,0,0,0.40703517587939697,0.7738693467336684,0.40703517587939697,0.5612415216779785
sapl,2023,162bc6e0bf69740549cad065749c36c6a7136fc6,sapl/base/forms.py,Python,3eba1379d2383eb6,966,138,6,110,871,981,0.9798994974874372,0.9396984924623115,0.9396984924623115,0.9595884954257847
sapl,2023,162bc6e0bf69740549cad065749c36c6a7136fc6,sapl/base/management/commands/backfill_auditlog.py,Python,dde302740f2162c8,32,7,0,0,0,0,0.40703517587939697,0.628140703517588,0.40703517587939697,0.5056435124999524
sapl,2023,162bc6e0bf69740549cad065749c36c6a7136fc6,sapl/base/models.py,Python,20b3b832ae2046c4,374,18,3,16,5,21,0.949748743718593,0.7361809045226131,0.7361809045226131,0.8361739587071396
sapl,2023,162bc6e0bf69740549cad065749c36c6a7136fc6,sapl/base/receivers.py,Python,35c2cdc491987fcb,358,100,4,284,6,290,0.9623115577889447,0.914572864321608,0.914572864321608,0.9381386026471908
sapl,2023,162bc6e0bf69740549cad065749c36c6a7136fc6,sapl/base/search_indexes.py,Python,830f1d85a06093c7,152,27,0,0,0,0,0.40703517587939697,0.7688442211055276,0.40703517587939697,0.5594163411642052
sapl,2023,162bc6e0bf69740549cad065749c36c6a7136fc6,sapl/base/templatetags/__init__.py,Python,72b1f88b8819ab4c,0,0,0,0,0,0,0.40703517587939697,0.24623115577889448,0.24623115577889448,0.3165829145728643
sapl,2023,162bc6e0bf69740549cad065749c36c6a7136fc6,sapl/base/templatetags/base_tags.py,Python,72b830105fde6386,5,1,0,0,0,0,0.40703517587939697,0.5025125628140703,0.40703517587939697,0.4522613065326633
sapl,2023,162bc6e0bf69740549cad065749c36c6a7136fc6,sapl/base/templatetags/common_tags.py,Python,6f74a32feb952228,303,95,3,19,3,22,0.949748743718593,0.9045226130653267,0.9045226130653267,0.9268598682777526
sapl,2023,162bc6e0bf69740549cad065749c36c6a7136fc6,sapl/base/templatetags/menus.py,Python,7331ca12752ab210,135,40,0,0,0,0,0.40703517587939697,0.821608040201005,0.40703517587939697,0.5782935008688431
sapl,2023,162bc6e0bf69740549cad065749c36c6a7136fc6,sapl/base/urls.py,Python,55ca87487c9d09c4,112,0,1,5,61,66,0.8442211055276382,0.24623115577889448,0.24623115577889448,0.4559315064206535
sapl,2023,162bc6e0bf69740549cad065749c36c6a7136fc6,sapl/base/views.py,Python,2b1ea23ae76b50cb,1211,216,6,68,1034,1102,0.9798994974874372,0.9597989949748744,0.9597989949748744,0.9697971709923817
sapl,2023,162bc6e0bf69740549cad065749c36c6a7136fc6,sapl/comissoes/__init__.py,Python,8d6b2bd13c3fb46b,1,0,0,0,0,0,0.40703517587939697,0.24623115577889448,0.24623115577889448,0.3165829145728643
sapl,2023,162bc6e0bf69740549cad065749c36c6a7136fc6,sapl/comissoes/admin.py,Python,5a0b3c9a4676061d,2,0,0,0,0,0,0.40703517587939697,0.24623115577889448,0.24623115577889448,0.3165829145728643
sapl,2023,162bc6e0bf69740549cad065749c36c6a7136fc6,sapl/comissoes/apps.py,Python,3ee56fcf25032e13,6,0,0,0,0,0,0.40703517587939697,0.24623115577889448,0.24623115577889448,0.3165829145728643
sapl,2023,162bc6e0bf69740549cad065749c36c6a7136fc6,sapl/comissoes/forms.py,Python,73786b539ef44bac,435,84,0,0,0,0,0.40703517587939697,0.8894472361809045,0.40703517587939697,0.6016945339741238
sapl,2023,162bc6e0bf69740549cad065749c36c6a7136fc6,sapl/comissoes/models.py,Python,ccaebd27f398bdc1,310,30,1,1,1,2,0.8442211055276382,0.7839195979899497,0.7839195979899497,0.8135118128582135
sapl,2023,162bc6e0bf69740549cad065749c36c6a7136fc6,sapl/comissoes/urls.py,Python,c13233ae8dc130b9,24,0,0,0,0,0,0.40703517587939697,0.24623115577889448,0.24623115577889448,0.3165829145728643
sapl,2023,162bc6e0bf69740549cad065749c36c6a7136fc6,sapl/comissoes/views.py,Python,59929324acf258a0,319,41,0,0,0,0,0.40703517587939697,0.8291457286432161,0.40703517587939697,0.5809401668743023
sapl,2023,162bc6e0bf69740549cad065749c36c6a7136fc6,sapl/compilacao/__init__.py,Python,02bafff79a698ead,1,0,0,0,0,0,0.40703517587939697,0.24623115577889448,0.24623115577889448,0.3165829145728643
sapl,2023,162bc6e0bf69740549cad065749c36c6a7136fc6,sapl/compilacao/admin.py,Python,9adab920b7d35049,9,0,0,0,0,0,0.40703517587939697,0.24623115577889448,0.24623115577889448,0.3165829145728643
sapl,2023,162bc6e0bf69740549cad065749c36c6a7136fc6,sapl/compilacao/apps.py,Python,f158c49e188a57cc,68,21,0,0,0,0,0.40703517587939697,0.7537688442211056,0.40703517587939697,0.5539047157047388
sapl,2023,162bc6e0bf69740549cad065749c36c6a7136fc6,sapl/compilacao/forms.py,Python,baaab395bff2b4bc,1255,135,0,0,0,0,0.40703517587939697,0.9346733668341709,0.40703517587939697,0.6168021873008679
sapl,2023,162bc6e0bf69740549cad065749c36c6a7136fc6,sapl/compilacao/models.py,Python,326895f3f33cbc27,1593,238,0,0,0,0,0.40703517587939697,0.964824120603015,0.40703517587939697,0.626671648969644
sapl,2023,162bc6e0bf69740549cad065749c36c6a7136fc6,sapl/compilacao/templatetags/__init__.py,Python,9b4a4f7c2c8409e9,0,0,0,0,0,0,0.40703517587939697,0.24623115577889448,0.24623115577889448,0.3165829145728643
sapl,2023,162bc6e0bf69740549cad065749c36c6a7136fc6,sapl/compilacao/templatetags/compilacao_filters.py,Python,57ab3b3de0109349,223,71,0,0,0,0,0.40703517587939697,0.8743718592964824,0.40703517587939697,0.5965736363038003
sapl,2023,162bc6e0bf69740549cad065749c36c6a7136fc6,sapl/compilacao/urls.py,Python,59c8fcb7ff2f557a,90,0,0,0,0,0,0.40703517587939697,0.24623115577889448,0.24623115577889448,0.3165829145728643
sapl,2023,162bc6e0bf69740549cad065749c36c6a7136fc6,sapl/compilacao/utils.py,Python,677bcbae96e0f281,58,13,0,0,0,0,0.40703517587939697,0.6984924623115578,0.40703517587939697,0.5332082165978109
sapl,2023,162bc6e0bf69740549cad065749c36c6a7136fc6,sapl/compilacao/views.py,Python,4a9fed402fd79f45,2771,620,1,1,1,2,0.8442211055276382,0.9949748743718593,0.8442211055276382,0.9165035670494872
sapl,2023,162bc6e0bf69740549cad065749c36c6a7136fc6,sapl/context_processors.py,Python,e2cb246d7d362bbe,31,8,1,4,5,9,0.8442211055276382,0.6457286432160804,0.6457286432160804,0.7383344425439877
sapl,2023,162bc6e0bf69740549cad065749c36c6a7136fc6,sapl/crispy_layout_mixin.py,Python,34ba10ecf9851d6f,282,93,2,25,1,26,0.9095477386934674,0.8944723618090452,0.8944723618090452,0.9019785551814533
sapl,2023,162bc6e0bf69740549cad065749c36c6a7136fc6,sapl/crud/__init__.py,Python,fbdb8c583da8c222,0,0,0,0,0,0,0.40703517587939697,0.24623115577889448,0.24623115577889448,0.3165829145728643
sapl,2023,162bc6e0bf69740549cad065749c36c6a7136fc6,sapl/crud/base.py,Python,b829f1d7044d28a3,1190,382,1,16,4,20,0.8442211055276382,0.9849246231155779,0.8442211055276382,0.911863012841307
sapl,2023,162bc6e0bf69740549cad065749c36c6a7136fc6,sapl/crud/urls.py,Python,13c8c7972037669d,4,0,0,0,0,0,0.40703517587939697,0.24623115577889448,0.24623115577889448,0.3165829145728643
sapl,2023,162bc6e0bf69740549cad065749c36c6a7136fc6,sapl/decorators.py,Python,7c5a8425b413ac2b,49,14,0,0,0,0,0.40703517587939697,0.7135678391959799,0.40703517587939697,0.5389315456799842
sapl,2023,162bc6e0bf69740549cad065749c36c6a7136fc6,sapl/endpoint_restriction_middleware.py,Python,af8c4866b1b14389,26,4,1,38,0,38,0.8442211055276382,0.5778894472361809,0.5778894472361809,0.698474386086193
sapl,2023,162bc6e0bf69740549cad065749c36c6a7136fc6,sapl/hashers.py,Python,56ecd1ee7dc74313,30,6,0,0,0,0,0.40703517587939697,0.6130653266331658,0.40703517587939697,0.49953894047580577
sapl,2023,162bc6e0bf69740549cad065749c36c6a7136fc6,sapl/lexml/OAIServer.py,Python,ea211969c4a29b64,269,65,0,0,0,0,0.40703517587939697,0.8567839195979899,0.40703517587939697,0.5905431342452531
sapl,2023,162bc6e0bf69740549cad065749c36c6a7136fc6,sapl/lexml/__init__.py,Python,333f0cc5d1aec796,1,0,0,0,0,0,0.40703517587939697,0.24623115577889448,0.24623115577889448,0.3165829145728643
sapl,2023,162bc6e0bf69740549cad065749c36c6a7136fc6,sapl/lexml/admin.py,Python,54bef07a591dc403,2,0,0,0,0,0,0.40703517587939697,0.24623115577889448,0.24623115577889448,0.3165829145728643
sapl,2023,162bc6e0bf69740549cad065749c36c6a7136fc6,sapl/lexml/apps.py,Python,ba198e2c0384affa,6,0,0,0,0,0,0.40703517587939697,0.24623115577889448,0.24623115577889448,0.3165829145728643
sapl,2023,162bc6e0bf69740549cad065749c36c6a7136fc6,sapl/lexml/forms.py,Python,a990ac5f47cb7dea,45,7,0,0,0,0,0.40703517587939697,0.628140703517588,0.40703517587939697,0.5056435124999524
sapl,2023,162bc6e0bf69740549cad065749c36c6a7136fc6,sapl/lexml/models.py,Python,cc55eb268a64bc74,57,3,0,0,0,0,0.40703517587939697,0.5577889447236181,0.40703517587939697,0.47648685314409367
sapl,2023,162bc6e0bf69740549cad065749c36c6a7136fc6,sapl/lexml/urls.py,Python,701bf8fdc12ab600,12,0,0,0,0,0,0.40703517587939697,0.24623115577889448,0.24623115577889448,0.3165829145728643
sapl,2023,162bc6e0bf69740549cad065749c36c6a7136fc6,sapl/lexml/views.py,Python,5a31b33300a6af7e,29,3,0,0,0,0,0.40703517587939697,0.5577889447236181,0.40703517587939697,0.47648685314409367
sapl,2023,162bc6e0bf69740549cad065749c36c6a7136fc6,sapl/materia/__init__.py,Python,6a1f5def9b5501a3,1,0,0,0,0,0,0.40703517587939697,0.24623115577889448,0.24623115577889448,0.3165829145728643
sapl,2023,162bc6e0bf69740549cad065749c36c6a7136fc6,sapl/materia/admin.py,Python,9403758a2e71e168,29,3,0,0,0,0,0.40703517587939697,0.5577889447236181,0.40703517587939697,0.47648685314409367
sapl,2023,162bc6e0bf69740549cad065749c36c6a7136fc6,sapl/materia/apps.py,Python,4bf9d9b3b1a5aa85,6,0,0,0,0,0,0.40703517587939697,0.24623115577889448,0.24623115577889448,0.3165829145728643
sapl,2023,162bc6e0bf69740549cad065749c36c6a7136fc6,sapl/materia/forms.py,Python,94f38869fdb3fba6,2362,351,1,27,11,38,0.8442211055276382,0.9748743718592965,0.8442211055276382,0.9071987213183322
sapl,2023,162bc6e0bf69740549cad065749c36c6a7136fc6,sapl/materia/models.py,Python,41d990dabc9a4e77,1024,96,4,39,2,41,0.9623115577889447,0.9095477386934674,0.9095477386934674,0.9355577487817215
sapl,2023,162bc6e0bf69740549cad065749c36c6a7136fc6,sapl/materia/urls.py,Python,87c8e8c64dee3b5d,169,0,0,0,0,0,0.40703517587939697,0.24623115577889448,0.24623115577889448,0.3165829145728643
sapl,2023,162bc6e0bf69740549cad065749c36c6a7136fc6,sapl/materia/views.py,Python,11b2afe97076f159,2333,414,5,17,12,29,0.9698492462311558,0.9899497487437185,0.9698492462311558,0.9798479563819161
sapl,2023,162bc6e0bf69740549cad065749c36c6a7136fc6,sapl/norma/__init__.py,Python,e6c08d6bf4d5971a,1,0,0,0,0,0,0.40703517587939697,0.24623115577889448,0.24623115577889448,0.3165829145728643
sapl,2023,162bc6e0bf69740549cad065749c36c6a7136fc6,sapl/norma/admin.py,Python,726973431759b934,2,0,0,0,0,0,0.40703517587939697,0.24623115577889448,0.24623115577889448,0.3165829145728643
sapl,2023,162bc6e0bf69740549cad065749c36c6a7136fc6,sapl/norma/apps.py,Python,065d03cd55a4d6df,6,0,0,0,0,0,0.40703517587939697,0.24623115577889448,0.24623115577889448,0.3165829145728643
sapl,2023,162bc6e0bf69740549cad065749c36c6a7136fc6,sapl/norma/forms.py,Python,74b221157d83f01b,410,45,0,0,0,0,0.40703517587939697,0.8417085427135679,0.40703517587939697,0.585324683165342
sapl,2023,162bc6e0bf69740549cad065749c36c6a7136fc6,sapl/norma/models.py,Python,b2e0bcbc19ef340d,427,40,0,0,0,0,0.40703517587939697,0.821608040201005,0.40703517587939697,0.5782935008688431
sapl,2023,162bc6e0bf69740549cad065749c36c6a7136fc6,sapl/norma/urls.py,Python,5c3e3f75577c266e,30,0,0,0,0,0,0.40703517587939697,0.24623115577889448,0.24623115577889448,0.3165829145728643
sapl,2023,162bc6e0bf69740549cad065749c36c6a7136fc6,sapl/norma/views.py,Python,e71f7bd22abca298,423,67,1,1,3,4,0.8442211055276382,0.864321608040201,0.8442211055276382,0.8542122356130966
sapl,2023,162bc6e0bf69740549cad065749c36c6a7136fc6,sapl/painel/__init__.py,Python,af1d54eee94be5b7,1,0,0,0,0,0,0.40703517587939697,0.24623115577889448,0.24623115577889448,0.3165829145728643
sapl,2023,162bc6e0bf69740549cad065749c36c6a7136fc6,sapl/painel/admin.py,Python,85e1bb8b1ae8aaf5,0,0,0,0,0,0,0.40703517587939697,0.24623115577889448,0.24623115577889448,0.3165829145728643
sapl,2023,162bc6e0bf69740549cad065749c36c6a7136fc6,sapl/painel/apps.py,Python,0ed3f5c15411d1cb,6,0,0,0,0,0,0.40703517587939697,0.24623115577889448,0.24623115577889448,0.3165829145728643
sapl,2023,162bc6e0bf69740549cad065749c36c6a7136fc6,sapl/painel/models.py,Python,76209356ab107bb4,40,1,0,0,0,0,0.40703517587939697,0.5025125628140703,0.40703517587939697,0.4522613065326633
sapl,2023,162bc6e0bf69740549cad065749c36c6a7136fc6,sapl/painel/urls.py,Python,ce2fb875f861448b,22,0,0,0,0,0,0.40703517587939697,0.24623115577889448,0.24623115577889448,0.3165829145728643
sapl,2023,162bc6e0bf69740549cad065749c36c6a7136fc6,sapl/painel/views.py,Python,c25fa8a967c0b4c1,503,104,0,0,0,0,0.40703517587939697,0.9246231155778895,0.40703517587939697,0.613477083900778
sapl,2023,162bc6e0bf69740549cad065749c36c6a7136fc6,sapl/parlamentares/__init__.py,Python,2e16213924ad8b30,1,0,0,0,0,0,0.40703517587939697,0.24623115577889448,0.24623115577889448,0.3165829145728643
sapl,2023,162bc6e0bf69740549cad065749c36c6a7136fc6,sapl/parlamentares/admin.py,Python,6c6987653626463f,2,0,0,0,0,0,0.40703517587939697,0.24623115577889448,0.24623115577889448,0.3165829145728643
sapl,2023,162bc6e0bf69740549cad065749c36c6a7136fc6,sapl/parlamentares/apps.py,Python,ecdc4141509d7e67,6,0,0,0,0,0,0.40703517587939697,0.24623115577889448,0.24623115577889448,0.3165829145728643
sapl,2023,162bc6e0bf69740549cad065749c36c6a7136fc6,sapl/parlamentares/forms.py,Python,3beb6a4b0e225b81,569,102,0,0,0,0,0.40703517587939697,0.9195979899497487,0.40703517587939697,0.6118077554081314
sapl,2023,162bc6e0bf69740549cad065749c36c6a7136fc6,sapl/parlamentares/models.py,Python,6912635a78814045,581,47,2,6,1,7,0.9095477386934674,0.8492462311557789,0.8492462311557789,0.878879962874162
sapl,2023,162bc6e0bf69740549cad065749c36c6a7136fc6,sapl/parlamentares/urls.py,Python,49a8beaed92e4d5b,91,0,0,0,0,0,0.40703517587939697,0.24623115577889448,0.24623115577889448,0.3165829145728643
sapl,2023,162bc6e0bf69740549cad065749c36c6a7136fc6,sapl/parlamentares/views.py,Python,fab4a7e6fcc30889,1116,177,1,1,1,2,0.8442211055276382,0.9447236180904522,0.8442211055276382,0.8930596941315804
sapl,2023,162bc6e0bf69740549cad065749c36c6a7136fc6,sapl/protocoloadm/__init__.py,Python,436faa0b94315044,1,0,0,0,0,0,0.40703517587939697,0.24623115577889448,0.24623115577889448,0.3165829145728643
sapl,2023,162bc6e0bf69740549cad065749c36c6a7136fc6,sapl/protocoloadm/admin.py,Python,9af7c678cd566901,5,0,0,0,0,0,0.40703517587939697,0.24623115577889448,0.24623115577889448,0.3165829145728643
sapl,2023,162bc6e0bf69740549cad065749c36c6a7136fc6,sapl/protocoloadm/apps.py,Python,a3513c815728e003,6,0,0,0,0,0,0.40703517587939697,0.24623115577889448,0.24623115577889448,0.3165829145728643
sapl,2023,162bc6e0bf69740549cad065749c36c6a7136fc6,sapl/protocoloadm/forms.py,Python,0b965857f647e956,1471,184,0,0,0,0,0.40703517587939697,0.949748743718593,0.40703517587939697,0.6217565013256667
sapl,2023,162bc6e0bf69740549cad065749c36c6a7136fc6,sapl/protocoloadm/models.py,Python,23e78b47c21c8f0c,468,33,0,0,0,0,0.40703517587939697,0.8015075376884422,0.40703517587939697,0.5711757711700292
sapl,2023,162bc6e0bf69740549cad065749c36c6a7136fc6,sapl/protocoloadm/urls.py,Python,84c7e2753ea5a865,100,0,1,4,1,5,0.8442211055276382,0.24623115577889448,0.24623115577889448,0.4559315064206535
sapl,2023,162bc6e0bf69740549cad065749c36c6a7136fc6,sapl/protocoloadm/views.py,Python,1d4dd9e563aef08b,1496,246,1,72,3,75,0.8442211055276382,0.9698492462311558,0.8442211055276382,0.9048575594249146
sapl,2023,162bc6e0bf69740549cad065749c36c6a7136fc6,sapl/redireciona_urls/__init__.py,Python,3f9521c8b0c6dcfd,0,0,2,0,0,0,0.9095477386934674,0.24623115577889448,0.24623115577889448,0.4732430569322411
sapl,2023,162bc6e0bf69740549cad065749c36c6a7136fc6,sapl/redireciona_urls/apps.py,Python,842fad2432b27782,6,0,2,8,8,16,0.9095477386934674,0.24623115577889448,0.24623115577889448,0.4732430569322411
sapl,2023,162bc6e0bf69740549cad065749c36c6a7136fc6,sapl/redireciona_urls/exceptions.py,Python,1c81a89fe430f993,9,2,2,13,13,26,0.9095477386934674,0.5301507537688442,0.5301507537688442,0.6944043629306267
sapl,2023,162bc6e0bf69740549cad065749c36c6a7136fc6,sapl/redireciona_urls/urls.py,Python,961167c173391142,83,0,2,85,85,170,0.9095477386934674,0.24623115577889448,0.24623115577889448,0.4732430569322411
sapl,2023,162bc6e0bf69740549cad065749c36c6a7136fc6,sapl/redireciona_urls/views.py,Python,16ac6d5684c34cc5,687,65,2,858,858,1716,0.9095477386934674,0.8567839195979899,0.8567839195979899,0.8827717013018016
sapl,2023,162bc6e0bf69740549cad065749c36c6a7136fc6,sapl/relatorios/__init__.py,Python,9463e1276de17647,1,0,0,0,0,0,0.40703517587939697,0.24623115577889448,0.24623115577889448,0.3165829145728643
sapl,2023,162bc6e0bf69740549cad065749c36c6a7136fc6,sapl/relatorios/admin.py,Python,1a24cd7da2b56fae,0,0,0,0,0,0,0.40703517587939697,0.24623115577889448,0.24623115577889448,0.3165829145728643
sapl,2023,162bc6e0bf69740549cad065749c36c6a7136fc6,sapl/relatorios/apps.py,Python,fbaf96f49e8aab04,6,0,0,0,0,0,0.40703517587939697,0.24623115577889448,0.24623115577889448,0.3165829145728643
sapl,2023,162bc6e0bf69740549cad065749c36c6a7136fc6,sapl/relatorios/forms.py,Python,dfbd57660091b13c,646,30,2,785,2,787,0.9095477386934674,0.7839195979899497,0.7839195979899497,0.8444005552279384
sapl,2023,162bc6e0bf69740549cad065749c36c6a7136fc6,sapl/relatorios/models.py,Python,f606dd4c08040377,0,0,0,0,0,0,0.40703517587939697,0.24623115577889448,0.24623115577889448,0.3165829145728643
sapl,2023,162bc6e0bf69740549cad065749c36c6a7136fc6,sapl/relatorios/templates/__init__.py,Python,e466947b514062c3,0,0,0,0,0,0,0.40703517587939697,0.24623115577889448,0.24623115577889448,0.3165829145728643
sapl,2023,162bc6e0bf69740549cad065749c36c6a7136fc6,sapl/relatorios/templates/pdf_capa_processo_gerar.py,Python,8ff631b62339b6d2,60,4,0,0,0,0,0.40703517587939697,0.5778894472361809,0.40703517587939697,0.4849962193611682
sapl,2023,162bc6e0bf69740549cad065749c36c6a7136fc6,sapl/relatorios/templates/pdf_capa_processo_preparar_pysc.py,Python,57c0ad78f373dd69,116,0,0,0,0,0,0.40703517587939697,0.24623115577889448,0.24623115577889448,0.3165829145728643
sapl,2023,162bc6e0bf69740549cad065749c36c6a7136fc6,sapl/relatorios/templates/pdf_detalhe_materia_gerar.py,Python,dc4b7669bfadde7b,311,94,0,0,0,0,0.40703517587939697,0.8994974874371859,0.40703517587939697,0.6050843891574716
sapl,2023,162bc6e0bf69740549cad065749c36c6a7136fc6,sapl/relatorios/templates/pdf_detalhe_materia_preparar_pysc.py,Python,b09ebf272337e792,202,0,0,0,0,0,0.40703517587939697,0.24623115577889448,0.24623115577889448,0.3165829145728643
sapl,2023,162bc6e0bf69740549cad065749c36c6a7136fc6,sapl/relatorios/templates/pdf_documento_administrativo_gerar.py,Python,e4dd82a9bd169bf9,96,13,0,0,0,0,0.40703517587939697,0.6984924623115578,0.40703517587939697,0.5332082165978109
sapl,2023,162bc6e0bf69740549cad065749c36c6a7136fc6,sapl/relatorios/templates/pdf_documento_administrativo_preparar_pysc.py,Python,017c2c28aaace221,107,0,0,0,0,0,0.40703517587939697,0.24623115577889448,0.24623115577889448,0.3165829145728643
sapl,2023,162bc6e0bf69740549cad065749c36c6a7136fc6,sapl/relatorios/templates/pdf_espelho_gerar.py,Python,d9e55b20247e3ace,98,11,0,0,0,0,0.40703517587939697,0.6809045226130653,0.40703517587939697,0.526452364529675
sapl,2023,162bc6e0bf69740549cad065749c36c6a7136fc6,sapl/relatorios/templates/pdf_espelho_preparar_pysc.py,Python,3a3254736c301330,155,0,0,0,0,0,0.40703517587939697,0.24623115577889448,0.24623115577889448,0.3165829145728643
sapl,2023,162bc6e0bf69740549cad065749c36c6a7136fc6,sapl/relatorios/templates/pdf_etiqueta_protocolo_gerar.py,Python,283c4e464ac87add,93,10,0,0,0,0,0.40703517587939697,0.6708542713567839,0.40703517587939697,0.5225526636915683
sapl,2023,162bc6e0bf69740549cad065749c36c6a7136fc6,sapl/relatorios/templates/pdf_etiqueta_protocolo_preparar_pysc.py,Python,e94c091e696f65ad,107,0,0,0,0,0,0.40703517587939697,0.24623115577889448,0.24623115577889448,0.3165829145728643
sapl,2023,162bc6e0bf69740549cad065749c36c6a7136fc6,sapl/relatorios/templates/pdf_materia_gerar.py,Python,3fffda0582e8e3a3,82,8,0,0,0,0,0.40703517587939697,0.6457286432160804,0.40703517587939697,0.5126736504461894
sapl,2023,162bc6e0bf69740549cad065749c36c6a7136fc6,sapl/relatorios/templates/pdf_materia_preparar_pysc.py,Python,a742639bbd8a440e,134,0,0,0,0,0,0.40703517587939697,0.24623115577889448,0.24623115577889448,0.3165829145728643
sapl,2023,162bc6e0bf69740549cad065749c36c6a7136fc6,sapl/relatorios/templates/pdf_norma_gerar.py,Python,f6f3bfaaf8d44eea,84,9,0,0,0,0,0.40703517587939697,0.6608040201005025,0.40703517587939697,0.5186236405558665
sapl,2023,162bc6e0bf69740549cad065749c36c6a7136fc6,sapl/relatorios/templates/pdf_norma_preparar_pysc.py,Python,f1e599dfce157920,82,0,0,0,0,0,0.40703517587939697,0.24623115577889448,0.24623115577889448,0.3165829145728643
sapl,2023,162bc6e0bf69740549cad065749c36c6a7136fc6,sapl/relatorios/templates/pdf_ordem_dia_gerar.py,Python,f3e0d570f9c8c074,124,17,0,0,0,0,0.40703517587939697,0.7286432160804021,0.40703517587939697,0.5445947296941239
sapl,2023,162bc6e0bf69740549cad065749c36c6a7136fc6,sapl/relatorios/templates/pdf_ordem_dia_preparar_pysc.py,Python,ed1aa87959fa2a1b,132,0,0,0,0,0,0.40703517587939697,0.24623115577889448,0.24623115577889448,0.3165829145728643
sapl,2023,162bc6e0bf69740549cad065749c36c6a7136fc6,sapl/relatorios/templates/pdf_pauta_sessao_gerar.py,Python,2ab00fd718a8c09b,164,14,0,0,0,0,0.40703517587939697,0.7135678391959799,0.40703517587939697,0.5389315456799842
sapl,2023,162bc6e0bf69740549cad065749c36c6a7136fc6,sapl/relatorios/templates/pdf_pauta_sessao_preparar_pysc.py,Python,b677f585c0fcf73c,153,0,0,0,0,0,0.40703517587939697,0.24623115577889448,0.24623115577889448,0.3165829145728643
sapl,2023,162bc6e0bf69740549cad065749c36c6a7136fc6,sapl/relatorios/templates/pdf_protocolo_gerar.py,Python,d7588d73147a81a2,101,15,0,0,0,0,0.40703517587939697,0.7236180904522613,0.40703517587939697,0.542713567839196
sapl,2023,162bc6e0bf69740549cad065749c36c6a7136fc6,sapl/relatorios/templates/pdf_protocolo_preparar_pysc.py,Python,e6685acaab144464,99,0,0,0,0,0,0.40703517587939697,0.24623115577889448,0.24623115577889448,0.3165829145728643
sapl,2023,162bc6e0bf69740549cad065749c36c6a7136fc6,sapl/relatorios/templates/pdf_sessao_plenaria_gerar.py,Python,8adf8de23b0391a5,436,75,0,0,0,0,0.40703517587939697,0.8844221105527639,0.40703517587939697,0.5999924243859015
sapl,2023,162bc6e0bf69740549cad065749c36c6a7136fc6,sapl/relatorios/templates/pdf_sessao_plenaria_preparar_pysc.py,Python,bea9e89b15b496d1,239,0,0,0,0,0,0.40703517587939697,0.24623115577889448,0.24623115577889448,0.3165829145728643
sapl,2023,162bc6e0bf69740549cad065749c36c6a7136fc6,sapl/relatorios/urls.py,Python,f25181eed82d4ba3,86,0,2,56,4,60,0.9095477386934674,0.24623115577889448,0.24623115577889448,0.4732430569322411
sapl,2023,162bc6e0bf69740549cad065749c36c6a7136fc6,sapl/relatorios/views.py,Python,710c9fb76ba1bbc3,2095,358,6,1084,17,1101,0.9798994974874372,0.9798994974874372,0.9798994974874372,0.9798994974874372
sapl,2023,162bc6e0bf69740549cad065749c36c6a7136fc6,sapl/rules/__init__.py,Python,565865e6f0800dbf,36,0,0,0,0,0,0.40703517587939697,0.24623115577889448,0.24623115577889448,0.3165829145728643
sapl,2023,162bc6e0bf69740549cad065749c36c6a7136fc6,sapl/rules/apps.py,Python,fc77782d7660cb21,187,43,0,0,0,0,0.40703517587939697,0.8341708542713567,0.40703517587939697,0.5826979323644529
sapl,2023,162bc6e0bf69740549cad065749c36c6a7136fc6,sapl/rules/group_administrativo.py,Python,b9a8f0011f5cfc27,15,0,0,0,0,0,0.40703517587939697,0.24623115577889448,0.24623115577889448,0.3165829145728643
sapl,2023,162bc6e0bf69740549cad065749c36c6a7136fc6,sapl/rules/group_anonymous.py,Python,7d2863ede8a8096e,10,0,0,0,0,0,0.40703517587939697,0.24623115577889448,0.24623115577889448,0.3165829145728643
sapl,2023,162bc6e0bf69740549cad065749c36c6a7136fc6,sapl/rules/group_audiencia.py,Python,c7e8a2b7514f2e8b,10,0,0,0,0,0,0.40703517587939697,0.24623115577889448,0.24623115577889448,0.3165829145728643
sapl,2023,162bc6e0bf69740549cad065749c36c6a7136fc6,sapl/rules/group_autor.py,Python,7d44f4f2ef604f66,13,0,0,0,0,0,0.40703517587939697,0.24623115577889448,0.24623115577889448,0.3165829145728643
sapl,2023,162bc6e0bf69740549cad065749c36c6a7136fc6,sapl/rules/group_comissoes.py,Python,c60cb5e241dbb9be,15,0,0,0,0,0,0.40703517587939697,0.24623115577889448,0.24623115577889448,0.3165829145728643
sapl,2023,162bc6e0bf69740549cad065749c36c6a7136fc6,sapl/rules/group_geral.py,Python,7b52b269979defa3,102,0,0,0,0,0,0.40703517587939697,0.24623115577889448,0.24623115577889448,0.3165829145728643
sapl,2023,162bc6e0bf69740549cad065749c36c6a7136fc6,sapl/rules/group_materia.py,Python,54c3f4afcb7fd22f,25,0,0,0,0,0,0.40703517587939697,0.24623115577889448,0.24623115577889448,0.3165829145728643
sapl,2023,162bc6e0bf69740549cad065749c36c6a7136fc6,sapl/rules/group_norma.py,Python,d48aec6308d85fc3,23,0,0,0,0,0,0.40703517587939697,0.24623115577889448,0.24623115577889448,0.3165829145728643
sapl,2023,162bc6e0bf69740549cad065749c36c6a7136fc6,sapl/rules/group_painel.py,Python,31eba35cc452586b,9,0,0,0,0,0,0.40703517587939697,0.24623115577889448,0.24623115577889448,0.3165829145728643
sapl,2023,162bc6e0bf69740549cad065749c36c6a7136fc6,sapl/rules/group_protocolo.py,Python,557afa2c5d4f6e97,23,0,0,0,0,0,0.40703517587939697,0.24623115577889448,0.24623115577889448,0.3165829145728643
sapl,2023,162bc6e0bf69740549cad065749c36c6a7136fc6,sapl/rules/group_sessao.py,Python,6b4d151704dfd90a,25,0,0,0,0,0,0.40703517587939697,0.24623115577889448,0.24623115577889448,0.3165829145728643
sapl,2023,162bc6e0bf69740549cad065749c36c6a7136fc6,sapl/rules/group_votante.py,Python,21d833d83e2e4792,8,0,0,0,0,0,0.40703517587939697,0.24623115577889448,0.24623115577889448,0.3165829145728643
sapl,2023,162bc6e0bf69740549cad065749c36c6a7136fc6,sapl/rules/management/commands/check_ids_sequences.py,Python,2fd3bbb21f32198b,33,10,0,0,0,0,0.40703517587939697,0.6708542713567839,0.40703517587939697,0.5225526636915683
sapl,2023,162bc6e0bf69740549cad065749c36c6a7136fc6,sapl/rules/map_rules.py,Python,c3b8bf46eb27d154,55,1,0,0,0,0,0.40703517587939697,0.5025125628140703,0.40703517587939697,0.4522613065326633
sapl,2023,162bc6e0bf69740549cad065749c36c6a7136fc6,sapl/rules/models.py,Python,65668cdfe5793a55,0,0,0,0,0,0,0.40703517587939697,0.24623115577889448,0.24623115577889448,0.3165829145728643
sapl,2023,162bc6e0bf69740549cad065749c36c6a7136fc6,sapl/sessao/__init__.py,Python,683fe6dff3109245,1,0,0,0,0,0,0.40703517587939697,0.24623115577889448,0.24623115577889448,0.3165829145728643
sapl,2023,162bc6e0bf69740549cad065749c36c6a7136fc6,sapl/sessao/admin.py,Python,731827703e9a0b81,2,0,0,0,0,0,0.40703517587939697,0.24623115577889448,0.24623115577889448,0.3165829145728643
sapl,2023,162bc6e0bf69740549cad065749c36c6a7136fc6,sapl/sessao/apps.py,Python,b84cadf57b8feea5,6,0,0,0,0,0,0.40703517587939697,0.24623115577889448,0.24623115577889448,0.3165829145728643
sapl,2023,162bc6e0bf69740549cad065749c36c6a7136fc6,sapl/sessao/forms.py,Python,c22c88a1cb819a91,936,132,0,0,0,0,0.40703517587939697,0.9296482412060302,0.40703517587939697,0.6151418823046181
sapl,2023,162bc6e0bf69740549cad065749c36c6a7136fc6,sapl/sessao/models.py,Python,8991cdb3433793b5,828,68,0,0,0,0,0.40703517587939697,0.8693467336683417,0.40703517587939697,0.59485687407886
sapl,2023,162bc6e0bf69740549cad065749c36c6a7136fc6,sapl/sessao/serializers.py,Python,77e0965b71ed5624,2,0,0,0,0,0,0.40703517587939697,0.24623115577889448,0.24623115577889448,0.3165829145728643
sapl,2023,162bc6e0bf69740549cad065749c36c6a7136fc6,sapl/sessao/urls.py,Python,1b2b956c75f568bc,205,0,0,0,0,0,0.40703517587939697,0.24623115577889448,0.24623115577889448,0.3165829145728643
sapl,2023,162bc6e0bf69740549cad065749c36c6a7136fc6,sapl/sessao/views.py,Python,c4bec0aa3f27a78d,4223,756,7,22,8,30,0.9899497487437185,1.0,0.9899497487437185,0.994962184579755
sapl,2023,162bc6e0bf69740549cad065749c36c6a7136fc6,sapl/settings.py,Python,b5ea40e821c853b1,311,0,14,26,13,39,1.0,0.24623115577889448,0.24623115577889448,0.4962168435058351
sapl,2023,162bc6e0bf69740549cad065749c36c6a7136fc6,sapl/urls.py,Python,d0ca975f5f417ca9,57,0,3,4,4,8,0.949748743718593,0.24623115577889448,0.24623115577889448,0.483588389919963
sapl,2023,162bc6e0bf69740549cad065749c36c6a7136fc6,sapl/utils.py,Python,b38f2cf8d9bb2f72,872,194,2,77,3,80,0.9095477386934674,0.9547738693467337,0.9095477386934674,0.9318864811917457
sapl,2023,162bc6e0bf69740549cad065749c36c6a7136fc6,sapl/wsgi.py,Python,6da0b3def5cd62ad,4,0,0,0,0,0,0.40703517587939697,0.24623115577889448,0.24623115577889448,0.3165829145728643
sapl,2023,162bc6e0bf69740549cad065749c36c6a7136fc6,scripts/anonimizador/anon.py,Python,0c8f6dbd179da9e1,58,18,0,0,0,0,0.40703517587939697,0.7361809045226131,0.40703517587939697,0.5474043514180494
sapl,2023,162bc6e0bf69740549cad065749c36c6a7136fc6,scripts/atualizar_requirements.py,Python,3c3c90ec093624cf,24,3,0,0,0,0,0.40703517587939697,0.5577889447236181,0.40703517587939697,0.47648685314409367
sapl,2023,162bc6e0bf69740549cad065749c36c6a7136fc6,scripts/check_commits.py,Python,ac0d041a6214aaa3,16,0,0,0,0,0,0.40703517587939697,0.24623115577889448,0.24623115577889448,0.3165829145728643
sapl,2023,162bc6e0bf69740549cad065749c36c6a7136fc6,scripts/convert_null_to_empty_in_all_char_fields.py,Python,62805fa66d97ace0,19,9,0,0,0,0,0.40703517587939697,0.6608040201005025,0.40703517587939697,0.5186236405558665
sapl,2023,162bc6e0bf69740549cad065749c36c6a7136fc6,scripts/deduplica_parlamentares.py,Python,06b4a2a480d7791f,87,25,0,0,0,0,0.40703517587939697,0.7638190954773869,0.40703517587939697,0.5575851861981989
sapl,2023,162bc6e0bf69740549cad065749c36c6a7136fc6,scripts/extrai_imagens_codificadas_de_campo_texto.py,Python,554b5153e6ca10f8,32,5,1,57,0,57,0.8442211055276382,0.5954773869346733,0.5954773869346733,0.7090236793751666
sapl,2023,162bc6e0bf69740549cad065749c36c6a7136fc6,scripts/fk_protocoloadm_docadm.py,Python,9cfd12d24cfb2d7b,14,4,0,0,0,0,0.40703517587939697,0.5778894472361809,0.40703517587939697,0.4849962193611682
sapl,2023,162bc6e0bf69740549cad065749c36c6a7136fc6,scripts/gerar_hash_proposicoes.py,Python,2147258a7847d759,29,7,0,0,0,0,0.40703517587939697,0.628140703517588,0.40703517587939697,0.5056435124999524
sapl,2023,162bc6e0bf69740549cad065749c36c6a7136fc6,scripts/id_numero_legislatura.py,Python,69df878b3934f161,7,2,0,0,0,0,0.40703517587939697,0.5301507537688442,0.40703517587939697,0.4645320282853448
sapl,2023,162bc6e0bf69740549cad065749c36c6a7136fc6,scripts/lista_permissions_in_decorators.py,Python,de69cb2a44acad43,93,35,0,0,0,0,0.40703517587939697,0.8115577889447236,0.40703517587939697,0.5747456544937162
sapl,2023,162bc6e0bf69740549cad065749c36c6a7136fc6,scripts/lista_urls.py,Python,a32a901c51dbc517,33,8,0,0,0,0,0.40703517587939697,0.6457286432160804,0.40703517587939697,0.5126736504461894
sapl,2023,162bc6e0bf69740549cad065749c36c6a7136fc6,scripts/redbaron.py,Python,233389a22034fd08,74,33,0,0,0,0,0.40703517587939697,0.8015075376884422,0.40703517587939697,0.5711757711700292
sapl,2023,162bc6e0bf69740549cad065749c36c6a7136fc6,scripts/remove_multiplos_autores.py,Python,4c69bd43760adbd4,63,21,0,0,0,0,0.40703517587939697,0.7537688442211056,0.40703517587939697,0.5539047157047388
sapl,2023,162bc6e0bf69740549cad065749c36c6a7136fc6,scripts/remove_protocolos_inexistentes_materias.py,Python,db41c080705a8d45,9,3,0,0,0,0,0.40703517587939697,0.5577889447236181,0.40703517587939697,0.47648685314409367
sapl,2023,162bc6e0bf69740549cad065749c36c6a7136fc6,scripts/set_inicio_mandato.py,Python,7bdb2222b469a423,7,2,0,0,0,0,0.40703517587939697,0.5301507537688442,0.40703517587939697,0.4645320282853448
sapl,2023,162bc6e0bf69740549cad065749c36c6a7136fc6,setup.py,Python,7d5dec7a3271fd2c,58,0,10,10,10,20,0.9949748743718593,0.24623115577889448,0.24623115577889448,0.4949684972677991
sapl,2023,162bc6e0bf69740549cad065749c36c6a7136fc6,solr/bin/solr_password.py,Python,e61f2f37d8f9a083,48,5,0,0,0,0,0.40703517587939697,0.5954773869346733,0.40703517587939697,0.49232128018516375
sapl,2024,85a35885719ee49bd5a7affe7150deae4efa6b10,docker/create_admin.py,Python,c93741871b84b6e3,45,6,0,0,0,0,0.44974874371859297,0.6130653266331658,0.44974874371859297,0.5250955727014799
sapl,2024,85a35885719ee49bd5a7affe7150deae4efa6b10,docker/genkey.py,Python,61a0bf489ba63060,7,2,0,0,0,0,0.44974874371859297,0.5301507537688442,0.44974874371859297,0.48829769146392943
sapl,2024,85a35885719ee49bd5a7affe7150deae4efa6b10,docker/solr_cli.py,Python,37f34439e61a74e7,245,35,0,0,0,0,0.44974874371859297,0.8115577889447236,0.44974874371859297,0.6041498953346995
sapl,2024,85a35885719ee49bd5a7affe7150deae4efa6b10,drfautoapi/__init__.py,Python,9bfbdba60d7031ce,0,0,0,0,0,0,0.44974874371859297,0.24623115577889448,0.24623115577889448,0.3327794359270641
sapl,2024,85a35885719ee49bd5a7affe7150deae4efa6b10,drfautoapi/drfautoapi.py,Python,9e32170f07434f40,293,74,0,0,0,0,0.44974874371859297,0.8793969849246231,0.44974874371859297,0.6288940206424034
sapl,2024,85a35885719ee49bd5a7affe7150deae4efa6b10,manage.py,Python,ea8192dce2df8296,6,0,0,0,0,0,0.44974874371859297,0.24623115577889448,0.24623115577889448,0.3327794359270641
sapl,2024,85a35885719ee49bd5a7affe7150deae4efa6b10,sapl/__init__.py,Python,9d55a50bbea85f33,0,0,0,0,0,0,0.44974874371859297,0.24623115577889448,0.24623115577889448,0.3327794359270641
sapl,2024,85a35885719ee49bd5a7affe7150deae4efa6b10,sapl/api/__init__.py,Python,bd98e7c11753dc0a,1,0,0,0,0,0,0.44974874371859297,0.24623115577889448,0.24623115577889448,0.3327794359270641
sapl,2024,85a35885719ee49bd5a7affe7150deae4efa6b10,sapl/api/admin.py,Python,2777c6afa5a95b4f,0,0,0,0,0,0,0.44974874371859297,0.24623115577889448,0.24623115577889448,0.3327794359270641
sapl,2024,85a35885719ee49bd5a7affe7150deae4efa6b10,sapl/api/apps.py,Python,c0862434cb8882d7,8,1,0,0,0,0,0.44974874371859297,0.5025125628140703,0.44974874371859297,0.4753991941815201
sapl,2024,85a35885719ee49bd5a7affe7150deae4efa6b10,sapl/api/deprecated.py,Python,8951be30535ae199,14,0,0,0,0,0,0.44974874371859297,0.24623115577889448,0.24623115577889448,0.3327794359270641
sapl,2024,85a35885719ee49bd5a7affe7150deae4efa6b10,sapl/api/forms.py,Python,0b63a48e8a7d9bf4,137,30,0,0,0,0,0.44974874371859297,0.7839195979899497,0.44974874371859297,0.5937734032207609
sapl,2024,85a35885719ee49bd5a7affe7150deae4efa6b10,sapl/api/pagination.py,Python,cb6a02afb55755bd,96,6,0,0,0,0,0.44974874371859297,0.6130653266331658,0.44974874371859297,0.5250955727014799
sapl,2024,85a35885719ee49bd5a7affe7150deae4efa6b10,sapl/api/permissions.py,Python,5bceb70dc5eb9425,41,8,0,0,0,0,0.44974874371859297,0.6457286432160804,0.44974874371859297,0.5389022602193683
sapl,2024,85a35885719ee49bd5a7affe7150deae4efa6b10,sapl/api/schema.py,Python,ae96e5ef03794e53,3,0,0,0,0,0,0.44974874371859297,0.24623115577889448,0.24623115577889448,0.3327794359270641
sapl,2024,85a35885719ee49bd5a7affe7150deae4efa6b10,sapl/api/serializers.py,Python,66435c88a8993743,240,45,0,0,0,0,0.44974874371859297,0.8391959798994975,0.44974874371859297,0.614351151780065
sapl,2024,85a35885719ee49bd5a7affe7150deae4efa6b10,sapl/api/signals.py,Python,9b0bb8413dc3b65a,8,2,0,0,0,0,0.44974874371859297,0.5301507537688442,0.44974874371859297,0.48829769146392943
sapl,2024,85a35885719ee49bd5a7affe7150deae4efa6b10,sapl/api/urls.py,Python,927a4f11006a4510,29,0,0,0,0,0,0.44974874371859297,0.24623115577889448,0.24623115577889448,0.3327794359270641
sapl,2024,85a35885719ee49bd5a7affe7150deae4efa6b10,sapl/api/views.py,Python,31bfc57507210350,39,2,0,0,0,0,0.44974874371859297,0.5301507537688442,0.44974874371859297,0.48829769146392943
sapl,2024,85a35885719ee49bd5a7affe7150deae4efa6b10,sapl/api/views_audiencia.py,Python,d3c37562fc71cc75,8,0,0,0,0,0,0.44974874371859297,0.24623115577889448,0.24623115577889448,0.3327794359270641
sapl,2024,85a35885719ee49bd5a7affe7150deae4efa6b10,sapl/api/views_base.py,Python,7917b6c1967c3788,111,19,0,0,0,0,0.44974874371859297,0.7437185929648241,0.44974874371859297,0.5783480810602636
sapl,2024,85a35885719ee49bd5a7affe7150deae4efa6b10,sapl/api/views_comissoes.py,Python,db43ee0434e59e67,8,0,0,0,0,0,0.44974874371859297,0.24623115577889448,0.24623115577889448,0.3327794359270641
sapl,2024,85a35885719ee49bd5a7affe7150deae4efa6b10,sapl/api/views_compilacao.py,Python,427b8a425cb5c7c7,8,0,0,0,0,0,0.44974874371859297,0.24623115577889448,0.24623115577889448,0.3327794359270641
sapl,2024,85a35885719ee49bd5a7affe7150deae4efa6b10,sapl/api/views_materia.py,Python,3ae579529eb2a1a3,68,13,0,0,0,0,0.44974874371859297,0.6984924623115578,0.44974874371859297,0.5604873838201264
sapl,2024,85a35885719ee49bd5a7affe7150deae4efa6b10,sapl/api/views_norma.py,Python,7452dea43677937e,10,0,0,0,0,0,0.44974874371859297,0.24623115577889448,0.24623115577889448,0.3327794359270641
sapl,2024,85a35885719ee49bd5a7affe7150deae4efa6b10,sapl/api/views_painel.py,Python,c2f60a0e79f7b4da,8,0,0,0,0,0,0.44974874371859297,0.24623115577889448,0.24623115577889448,0.3327794359270641
sapl,2024,85a35885719ee49bd5a7affe7150deae4efa6b10,sapl/api/views_parlamentares.py,Python,5a87f5311c559cfe,81,12,0,0,0,0,0.44974874371859297,0.6884422110552764,0.44974874371859297,0.556440490569262
sapl,2024,85a35885719ee49bd5a7affe7150deae4efa6b10,sapl/api/views_protocoloadm.py,Python,226d54741d68c2ff,56,11,0,0,0,0,0.44974874371859297,0.6809045226130653,0.44974874371859297,0.553385899384448
sapl,2024,85a35885719ee49bd5a7affe7150deae4efa6b10,sapl/api/views_sessao.py,Python,fed65581dcec0a39,35,5,0,0,0,0,0.44974874371859297,0.5954773869346733,0.44974874371859297,0.51750865373122
sapl,2024,85a35885719ee49bd5a7affe7150deae4efa6b10,sapl/audiencia/__init__.py,Python,b148575890c3569c,1,0,0,0,0,0,0.44974874371859297,0.24623115577889448,0.24623115577889448,0.3327794359270641
sapl,2024,85a35885719ee49bd5a7affe7150deae4efa6b10,sapl/audiencia/admin.py,Python,7db682ce4e6b353d,2,0,0,0,0,0,0.44974874371859297,0.24623115577889448,0.24623115577889448,0.3327794359270641
sapl,2024,85a35885719ee49bd5a7affe7150deae4efa6b10,sapl/audiencia/apps.py,Python,37189946a76357f8,6,0,0,0,0,0,0.44974874371859297,0.24623115577889448,0.24623115577889448,0.3327794359270641
sapl,2024,85a35885719ee49bd5a7affe7150deae4efa6b10,sapl/audiencia/forms.py,Python,b430267bb0c7e0f0,168,32,0,0,0,0,0.44974874371859297,0.7939698492462312,0.44974874371859297,0.5975675210793615
sapl,2024,85a35885719ee49bd5a7affe7150deae4efa6b10,sapl/audiencia/models.py,Python,68d5b5ae13437ee2,182,21,0,0,0,0,0.44974874371859297,0.7537688442211056,0.44974874371859297,0.582242724937511
sapl,2024,85a35885719ee49bd5a7affe7150deae4efa6b10,sapl/audiencia/urls.py,Python,836ea69714280178,7,0,0,0,0,0,0.44974874371859297,0.24623115577889448,0.24623115577889448,0.3327794359270641
sapl,2024,85a35885719ee49bd5a7affe7150deae4efa6b10,sapl/audiencia/views.py,Python,08e954878725cf6a,79,14,0,0,0,0,0.44974874371859297,0.7135678391959799,0.44974874371859297,0.5665035209390873
sapl,2024,85a35885719ee49bd5a7affe7150deae4efa6b10,sapl/base/__init__.py,Python,e80b192cd0f8e7e6,1,0,0,0,0,0,0.44974874371859297,0.24623115577889448,0.24623115577889448,0.3327794359270641
sapl,2024,85a35885719ee49bd5a7affe7150deae4efa6b10,sapl/base/admin.py,Python,5164eb55a28cb806,22,5,0,0,0,0,0.44974874371859297,0.5954773869346733,0.44974874371859297,0.51750865373122
sapl,2024,85a35885719ee49bd5a7affe7150deae4efa6b10,sapl/base/apps.py,Python,5b07a8af48db3be4,8,1,0,0,0,0,0.44974874371859297,0.5025125628140703,0.44974874371859297,0.4753991941815201
sapl,2024,85a35885719ee49bd5a7affe7150deae4efa6b10,sapl/base/email_utils.py,Python,4fe25c9014e5def0,200,29,0,0,0,0,0.44974874371859297,0.7738693467336684,0.44974874371859297,0.58995488513597
sapl,2024,85a35885719ee49bd5a7affe7150deae4efa6b10,sapl/base/forms.py,Python,3eba1379d2383eb6,966,138,0,0,0,0,0.44974874371859297,0.9396984924623115,0.44974874371859297,0.6500986205639728
sapl,2024,85a35885719ee49bd5a7affe7150deae4efa6b10,sapl/base/management/commands/backfill_auditlog.py,Python,dde302740f2162c8,32,7,0,0,0,0,0.44974874371859297,0.628140703517588,0.44974874371859297,0.5315124573192508
sapl,2024,85a35885719ee49bd5a7affe7150deae4efa6b10,sapl/base/models.py,Python,20b3b832ae2046c4,374,18,1,1,1,2,0.9246231155778895,0.7361809045226131,0.7361809045226131,0.8250393212257506
sapl,2024,85a35885719ee49bd5a7affe7150deae4efa6b10,sapl/base/receivers.py,Python,35c2cdc491987fcb,366,102,2,14,4,18,0.9623115577889447,0.9170854271356784,0.9170854271356784,0.9394263707244301
sapl,2024,85a35885719ee49bd5a7affe7150deae4efa6b10,sapl/base/search_indexes.py,Python,830f1d85a06093c7,152,27,0,0,0,0,0.44974874371859297,0.7688442211055276,0.44974874371859297,0.5880363275831785
sapl,2024,85a35885719ee49bd5a7affe7150deae4efa6b10,sapl/base/templatetags/__init__.py,Python,72b1f88b8819ab4c,0,0,0,0,0,0,0.44974874371859297,0.24623115577889448,0.24623115577889448,0.3327794359270641
sapl,2024,85a35885719ee49bd5a7affe7150deae4efa6b10,sapl/base/templatetags/base_tags.py,Python,72b830105fde6386,5,1,0,0,0,0,0.44974874371859297,0.5025125628140703,0.44974874371859297,0.4753991941815201
sapl,2024,85a35885719ee49bd5a7affe7150deae4efa6b10,sapl/base/templatetags/common_tags.py,Python,6f74a32feb952228,305,96,1,3,0,3,0.9246231155778895,0.907035175879397,0.907035175879397,0.915786924049665
sapl,2024,85a35885719ee49bd5a7affe7150deae4efa6b10,sapl/base/templatetags/menus.py,Python,7331ca12752ab210,139,40,1,15,11,26,0.9246231155778895,0.8190954773869347,0.8190954773869347,0.8702612321925332
sapl,2024,85a35885719ee49bd5a7affe7150deae4efa6b10,sapl/base/urls.py,Python,55ca87487c9d09c4,112,0,0,0,0,0,0.44974874371859297,0.24623115577889448,0.24623115577889448,0.3327794359270641
sapl,2024,85a35885719ee49bd5a7affe7150deae4efa6b10,sapl/base/views.py,Python,2b1ea23ae76b50cb,1211,216,0,0,0,0,0.44974874371859297,0.9547738693467337,0.44974874371859297,0.655292566930248
sapl,2024,85a35885719ee49bd5a7affe7150deae4efa6b10,sapl/comissoes/__init__.py,Python,8d6b2bd13c3fb46b,1,0,0,0,0,0,0.44974874371859297,0.24623115577889448,0.24623115577889448,0.3327794359270641
sapl,2024,85a35885719ee49bd5a7affe7150deae4efa6b10,sapl/comissoes/admin.py,Python,5a0b3c9a4676061d,2,0,0,0,0,0,0.44974874371859297,0.24623115577889448,0.24623115577889448,0.3327794359270641
sapl,2024,85a35885719ee49bd5a7affe7150deae4efa6b10,sapl/comissoes/apps.py,Python,3ee56fcf25032e13,6,0,0,0,0,0,0.44974874371859297,0.24623115577889448,0.24623115577889448,0.3327794359270641
sapl,2024,85a35885719ee49bd5a7affe7150deae4efa6b10,sapl/comissoes/forms.py,Python,73786b539ef44bac,435,84,0,0,0,0,0.44974874371859297,0.8894472361809045,0.44974874371859297,0.6324774913594448
sapl,2024,85a35885719ee49bd5a7affe7150deae4efa6b10,sapl/comissoes/models.py,Python,ccaebd27f398bdc1,310,30,0,0,0,0,0.44974874371859297,0.7839195979899497,0.44974874371859297,0.5937734032207609
sapl,2024,85a35885719ee49bd5a7affe7150deae4efa6b10,sapl/comissoes/urls.py,Python,c13233ae8dc130b9,24,0,0,0,0,0,0.44974874371859297,0.24623115577889448,0.24623115577889448,0.3327794359270641
sapl,2024,85a35885719ee49bd5a7affe7150deae4efa6b10,sapl/comissoes/views.py,Python,59929324acf258a0,319,41,0,0,0,0,0.44974874371859297,0.8241206030150754,0.44974874371859297,0.6088080205439473
sapl,2024,85a35885719ee49bd5a7affe7150deae4efa6b10,sapl/compilacao/__init__.py,Python,02bafff79a698ead,1,0,0,0,0,0,0.44974874371859297,0.24623115577889448,0.24623115577889448,0.3327794359270641
sapl,2024,85a35885719ee49bd5a7affe7150deae4efa6b10,sapl/compilacao/admin.py,Python,9adab920b7d35049,9,0,0,0,0,0,0.44974874371859297,0.24623115577889448,0.24623115577889448,0.3327794359270641
sapl,2024,85a35885719ee49bd5a7affe7150deae4efa6b10,sapl/compilacao/apps.py,Python,f158c49e188a57cc,68,21,0,0,0,0,0.44974874371859297,0.7537688442211056,0.44974874371859297,0.582242724937511
sapl,2024,85a35885719ee49bd5a7affe7150deae4efa6b10,sapl/compilacao/forms.py,Python,baaab395bff2b4bc,1255,135,0,0,0,0,0.44974874371859297,0.9346733668341709,0.44974874371859297,0.6483580588848232
sapl,2024,85a35885719ee49bd5a7affe7150deae4efa6b10,sapl/compilacao/models.py,Python,326895f3f33cbc27,1608,239,1,18,1,19,0.9246231155778895,0.9597989949748744,0.9246231155778895,0.9420468868703911
sapl,2024,85a35885719ee49bd5a7affe7150deae4efa6b10,sapl/compilacao/templatetags/__init__.py,Python,9b4a4f7c2c8409e9,0,0,0,0,0,0,0.44974874371859297,0.24623115577889448,0.24623115577889448,0.3327794359270641
sapl,2024,85a35885719ee49bd5a7affe7150deae4efa6b10,sapl/compilacao/templatetags/compilacao_filters.py,Python,57ab3b3de0109349,223,71,0,0,0,0,0.44974874371859297,0.8743718592964824,0.44974874371859297,0.6270946063087158
sapl,2024,85a35885719ee49bd5a7affe7150deae4efa6b10,sapl/compilacao/urls.py,Python,59c8fcb7ff2f557a,90,0,1,1,1,2,0.9246231155778895,0.24623115577889448,0.24623115577889448,0.47714884303393845
sapl,2024,85a35885719ee49bd5a7affe7150deae4efa6b10,sapl/compilacao/utils.py,Python,677bcbae96e0f281,58,13,0,0,0,0,0.44974874371859297,0.6984924623115578,0.44974874371859297,0.5604873838201264
sapl,2024,85a35885719ee49bd5a7affe7150deae4efa6b10,sapl/compilacao/views.py,Python,4a9fed402fd79f45,2771,620,0,0,0,0,0.44974874371859297,0.9949748743718593,0.44974874371859297,0.6689459617789083
sapl,2024,85a35885719ee49bd5a7affe7150deae4efa6b10,sapl/context_processors.py,Python,e2cb246d7d362bbe,31,8,0,0,0,0,0.44974874371859297,0.6457286432160804,0.44974874371859297,0.5389022602193683
sapl,2024,85a35885719ee49bd5a7affe7150deae4efa6b10,sapl/crispy_layout_mixin.py,Python,34ba10ecf9851d6f,282,93,0,0,0,0,0.44974874371859297,0.8944723618090452,0.44974874371859297,0.6342616345126204
sapl,2024,85a35885719ee49bd5a7affe7150deae4efa6b10,sapl/crud/__init__.py,Python,fbdb8c583da8c222,0,0,0,0,0,0,0.44974874371859297,0.24623115577889448,0.24623115577889448,0.3327794359270641
sapl,2024,85a35885719ee49bd5a7affe7150deae4efa6b10,sapl/crud/base.py,Python,b829f1d7044d28a3,1212,391,3,59,25,84,0.9824120603015075,0.9849246231155779,0.9824120603015075,0.9836675394850949
sapl,2024,85a35885719ee49bd5a7affe7150deae4efa6b10,sapl/crud/urls.py,Python,13c8c7972037669d,4,0,0,0,0,0,0.44974874371859297,0.24623115577889448,0.24623115577889448,0.3327794359270641
sapl,2024,85a35885719ee49bd5a7affe7150deae4efa6b10,sapl/decorators.py,Python,7c5a8425b413ac2b,49,14,0,0,0,0,0.44974874371859297,0.7135678391959799,0.44974874371859297,0.5665035209390873
sapl,2024,85a35885719ee49bd5a7affe7150deae4efa6b10,sapl/endpoint_restriction_middleware.py,Python,af8c4866b1b14389,26,4,0,0,0,0,0.44974874371859297,0.5778894472361809,0.44974874371859297,0.5098088395690138
sapl,2024,85a35885719ee49bd5a7affe7150deae4efa6b10,sapl/hashers.py,Python,56ecd1ee7dc74313,30,6,0,0,0,0,0.44974874371859297,0.6130653266331658,0.44974874371859297,0.5250955727014799
sapl,2024,85a35885719ee49bd5a7affe7150deae4efa6b10,sapl/lexml/OAIServer.py,Python,ea211969c4a29b64,269,65,0,0,0,0,0.44974874371859297,0.8567839195979899,0.44974874371859297,0.6207555811086098
sapl,2024,85a35885719ee49bd5a7affe7150deae4efa6b10,sapl/lexml/__init__.py,Python,333f0cc5d1aec796,1,0,0,0,0,0,0.44974874371859297,0.24623115577889448,0.24623115577889448,0.3327794359270641
sapl,2024,85a35885719ee49bd5a7affe7150deae4efa6b10,sapl/lexml/admin.py,Python,54bef07a591dc403,2,0,0,0,0,0,0.44974874371859297,0.24623115577889448,0.24623115577889448,0.3327794359270641
sapl,2024,85a35885719ee49bd5a7affe7150deae4efa6b10,sapl/lexml/apps.py,Python,ba198e2c0384affa,6,0,0,0,0,0,0.44974874371859297,0.24623115577889448,0.24623115577889448,0.3327794359270641
sapl,2024,85a35885719ee49bd5a7affe7150deae4efa6b10,sapl/lexml/forms.py,Python,a990ac5f47cb7dea,45,7,0,0,0,0,0.44974874371859297,0.628140703517588,0.44974874371859297,0.5315124573192508
sapl,2024,85a35885719ee49bd5a7affe7150deae4efa6b10,sapl/lexml/models.py,Python,cc55eb268a64bc74,57,3,0,0,0,0,0.44974874371859297,0.5577889447236181,0.44974874371859297,0.50086413042817
sapl,2024,85a35885719ee49bd5a7affe7150deae4efa6b10,sapl/lexml/urls.py,Python,701bf8fdc12ab600,12,0,0,0,0,0,0.44974874371859297,0.24623115577889448,0.24623115577889448,0.3327794359270641
sapl,2024,85a35885719ee49bd5a7affe7150deae4efa6b10,sapl/lexml/views.py,Python,5a31b33300a6af7e,29,3,0,0,0,0,0.44974874371859297,0.5577889447236181,0.44974874371859297,0.50086413042817
sapl,2024,85a35885719ee49bd5a7affe7150deae4efa6b10,sapl/materia/__init__.py,Python,6a1f5def9b5501a3,1,0,0,0,0,0,0.44974874371859297,0.24623115577889448,0.24623115577889448,0.3327794359270641
sapl,2024,85a35885719ee49bd5a7affe7150deae4efa6b10,sapl/materia/admin.py,Python,9403758a2e71e168,29,3,0,0,0,0,0.44974874371859297,0.5577889447236181,0.44974874371859297,0.50086413042817
sapl,2024,85a35885719ee49bd5a7affe7150deae4efa6b10,sapl/materia/apps.py,Python,4bf9d9b3b1a5aa85,6,0,0,0,0,0,0.44974874371859297,0.24623115577889448,0.24623115577889448,0.3327794359270641
sapl,2024,85a35885719ee49bd5a7affe7150deae4efa6b10,sapl/materia/forms.py,Python,94f38869fdb3fba6,2363,351,1,2,1,3,0.9246231155778895,0.9748743718592965,0.9246231155778895,0.9494163359694106
sapl,2024,85a35885719ee49bd5a7affe7150deae4efa6b10,sapl/materia/models.py,Python,41d990dabc9a4e77,1031,96,1,12,3,15,0.9246231155778895,0.907035175879397,0.907035175879397,0.915786924049665
sapl,2024,85a35885719ee49bd5a7affe7150deae4efa6b10,sapl/materia/urls.py,Python,87c8e8c64dee3b5d,169,0,0,0,0,0,0.44974874371859297,0.24623115577889448,0.24623115577889448,0.3327794359270641
sapl,2024,85a35885719ee49bd5a7affe7150deae4efa6b10,sapl/materia/views.py,Python,11b2afe97076f159,2351,416,3,37,16,53,0.9824120603015075,0.9899497487437185,0.9824120603015075,0.9861737028831565
sapl,2024,85a35885719ee49bd5a7affe7150deae4efa6b10,sapl/norma/__init__.py,Python,e6c08d6bf4d5971a,1,0,0,0,0,0,0.44974874371859297,0.24623115577889448,0.24623115577889448,0.3327794359270641
sapl,2024,85a35885719ee49bd5a7affe7150deae4efa6b10,sapl/norma/admin.py,Python,726973431759b934,2,0,0,0,0,0,0.44974874371859297,0.24623115577889448,0.24623115577889448,0.3327794359270641
sapl,2024,85a35885719ee49bd5a7affe7150deae4efa6b10,sapl/norma/apps.py,Python,065d03cd55a4d6df,6,0,0,0,0,0,0.44974874371859297,0.24623115577889448,0.24623115577889448,0.3327794359270641
sapl,2024,85a35885719ee49bd5a7affe7150deae4efa6b10,sapl/norma/forms.py,Python,74b221157d83f01b,426,46,3,21,3,24,0.9824120603015075,0.8442211055276382,0.8442211055276382,0.9106991795491107
sapl,2024,85a35885719ee49bd5a7affe7150deae4efa6b10,sapl/norma/models.py,Python,b2e0bcbc19ef340d,446,42,2,28,7,35,0.9623115577889447,0.8291457286432161,0.8291457286432161,0.8932505347127999
sapl,2024,85a35885719ee49bd5a7affe7150deae4efa6b10,sapl/norma/urls.py,Python,5c3e3f75577c266e,30,0,0,0,0,0,0.44974874371859297,0.24623115577889448,0.24623115577889448,0.3327794359270641
sapl,2024,85a35885719ee49bd5a7affe7150deae4efa6b10,sapl/norma/views.py,Python,e71f7bd22abca298,436,69,1,19,3,22,0.9246231155778895,0.8693467336683417,0.8693467336683417,0.8965590250518277
sapl,2024,85a35885719ee49bd5a7affe7150deae4efa6b10,sapl/painel/__init__.py,Python,af1d54eee94be5b7,1,0,0,0,0,0,0.44974874371859297,0.24623115577889448,0.24623115577889448,0.3327794359270641
sapl,2024,85a35885719ee49bd5a7affe7150deae4efa6b10,sapl/painel/admin.py,Python,85e1bb8b1ae8aaf5,0,0,0,0,0,0,0.44974874371859297,0.24623115577889448,0.24623115577889448,0.3327794359270641
sapl,2024,85a35885719ee49bd5a7affe7150deae4efa6b10,sapl/painel/apps.py,Python,0ed3f5c15411d1cb,6,0,0,0,0,0,0.44974874371859297,0.24623115577889448,0.24623115577889448,0.3327794359270641
sapl,2024,85a35885719ee49bd5a7affe7150deae4efa6b10,sapl/painel/models.py,Python,76209356ab107bb4,40,1,0,0,0,0,0.44974874371859297,0.5025125628140703,0.44974874371859297,0.4753991941815201
sapl,2024,85a35885719ee49bd5a7affe7150deae4efa6b10,sapl/painel/urls.py,Python,ce2fb875f861448b,22,0,0,0,0,0,0.44974874371859297,0.24623115577889448,0.24623115577889448,0.3327794359270641
sapl,2024,85a35885719ee49bd5a7affe7150deae4efa6b10,sapl/painel/views.py,Python,c25fa8a967c0b4c1,503,104,0,0,0,0,0.44974874371859297,0.9246231155778895,0.44974874371859297,0.644862841730183
sapl,2024,85a35885719ee49bd5a7affe7150deae4efa6b10,sapl/parlamentares/__init__.py,Python,2e16213924ad8b30,1,0,0,0,0,0,0.44974874371859297,0.24623115577889448,0.24623115577889448,0.3327794359270641
sapl,2024,85a35885719ee49bd5a7affe7150deae4efa6b10,sapl/parlamentares/admin.py,Python,6c6987653626463f,2,0,0,0,0,0,0.44974874371859297,0.24623115577889448,0.24623115577889448,0.3327794359270641
sapl,2024,85a35885719ee49bd5a7affe7150deae4efa6b10,sapl/parlamentares/apps.py,Python,ecdc4141509d7e67,6,0,0,0,0,0,0.44974874371859297,0.24623115577889448,0.24623115577889448,0.3327794359270641
sapl,2024,85a35885719ee49bd5a7affe7150deae4efa6b10,sapl/parlamentares/forms.py,Python,3beb6a4b0e225b81,566,102,1,0,5,5,0.9246231155778895,0.9170854271356784,0.9170854271356784,0.9208465588192587
sapl,2024,85a35885719ee49bd5a7affe7150deae4efa6b10,sapl/parlamentares/models.py,Python,6912635a78814045,581,47,0,0,0,0,0.44974874371859297,0.8492462311557789,0.44974874371859297,0.6180189524359762
sapl,2024,85a35885719ee49bd5a7affe7150deae4efa6b10,sapl/parlamentares/urls.py,Python,49a8beaed92e4d5b,99,0,1,20,10,30,0.9246231155778895,0.24623115577889448,0.24623115577889448,0.47714884303393845
sapl,2024,85a35885719ee49bd5a7affe7150deae4efa6b10,sapl/parlamentares/views.py,Python,fab4a7e6fcc30889,1122,177,2,9,3,12,0.9623115577889447,0.9447236180904522,0.9447236180904522,0.9534770351742254
sapl,2024,85a35885719ee49bd5a7affe7150deae4efa6b10,sapl/protocoloadm/__init__.py,Python,436faa0b94315044,1,0,0,0,0,0,0.44974874371859297,0.24623115577889448,0.24623115577889448,0.3327794359270641
sapl,2024,85a35885719ee49bd5a7affe7150deae4efa6b10,sapl/protocoloadm/admin.py,Python,9af7c678cd566901,5,0,0,0,0,0,0.44974874371859297,0.24623115577889448,0.24623115577889448,0.3327794359270641
sapl,2024,85a35885719ee49bd5a7affe7150deae4efa6b10,sapl/protocoloadm/apps.py,Python,a3513c815728e003,6,0,0,0,0,0,0.44974874371859297,0.24623115577889448,0.24623115577889448,0.3327794359270641
sapl,2024,85a35885719ee49bd5a7affe7150deae4efa6b10,sapl/protocoloadm/forms.py,Python,0b965857f647e956,1471,184,0,0,0,0,0.44974874371859297,0.949748743718593,0.44974874371859297,0.6535658377973478
sapl,2024,85a35885719ee49bd5a7affe7150deae4efa6b10,sapl/protocoloadm/models.py,Python,23e78b47c21c8f0c,468,33,0,0,0,0,0.44974874371859297,0.8015075376884422,0.44974874371859297,0.6003973752077533
sapl,2024,85a35885719ee49bd5a7affe7150deae4efa6b10,sapl/protocoloadm/urls.py,Python,84c7e2753ea5a865,100,0,0,0,0,0,0.44974874371859297,0.24623115577889448,0.24623115577889448,0.3327794359270641
sapl,2024,85a35885719ee49bd5a7affe7150deae4efa6b10,sapl/protocoloadm/views.py,Python,1d4dd9e563aef08b,1496,246,0,0,0,0,0.44974874371859297,0.9698492462311558,0.44974874371859297,0.660445667779634
sapl,2024,85a35885719ee49bd5a7affe7150deae4efa6b10,sapl/redireciona_urls/__init__.py,Python,3f9521c8b0c6dcfd,0,0,0,0,0,0,0.44974874371859297,0.24623115577889448,0.24623115577889448,0.3327794359270641
sapl,2024,85a35885719ee49bd5a7affe7150deae4efa6b10,sapl/redireciona_urls/apps.py,Python,842fad2432b27782,6,0,0,0,0,0,0.44974874371859297,0.24623115577889448,0.24623115577889448,0.3327794359270641
sapl,2024,85a35885719ee49bd5a7affe7150deae4efa6b10,sapl/redireciona_urls/exceptions.py,Python,1c81a89fe430f993,9,2,0,0,0,0,0.44974874371859297,0.5301507537688442,0.44974874371859297,0.48829769146392943
sapl,2024,85a35885719ee49bd5a7affe7150deae4efa6b10,sapl/redireciona_urls/urls.py,Python,961167c173391142,83,0,0,0,0,0,0.44974874371859297,0.24623115577889448,0.24623115577889448,0.3327794359270641
sapl,2024,85a35885719ee49bd5a7affe7150deae4efa6b10,sapl/redireciona_urls/views.py,Python,16ac6d5684c34cc5,687,65,0,0,0,0,0.44974874371859297,0.8567839195979899,0.44974874371859297,0.6207555811086098
sapl,2024,85a35885719ee49bd5a7affe7150deae4efa6b10,sapl/relatorios/__init__.py,Python,9463e1276de17647,1,0,0,0,0,0,0.44974874371859297,0.24623115577889448,0.24623115577889448,0.3327794359270641
sapl,2024,85a35885719ee49bd5a7affe7150deae4efa6b10,sapl/relatorios/admin.py,Python,1a24cd7da2b56fae,0,0,0,0,0,0,0.44974874371859297,0.24623115577889448,0.24623115577889448,0.3327794359270641
sapl,2024,85a35885719ee49bd5a7affe7150deae4efa6b10,sapl/relatorios/apps.py,Python,fbaf96f49e8aab04,6,0,0,0,0,0,0.44974874371859297,0.24623115577889448,0.24623115577889448,0.3327794359270641
sapl,2024,85a35885719ee49bd5a7affe7150deae4efa6b10,sapl/relatorios/forms.py,Python,dfbd57660091b13c,646,30,0,0,0,0,0.44974874371859297,0.7839195979899497,0.44974874371859297,0.5937734032207609
sapl,2024,85a35885719ee49bd5a7affe7150deae4efa6b10,sapl/relatorios/models.py,Python,f606dd4c08040377,0,0,0,0,0,0,0.44974874371859297,0.24623115577889448,0.24623115577889448,0.3327794359270641
sapl,2024,85a35885719ee49bd5a7affe7150deae4efa6b10,sapl/relatorios/templates/__init__.py,Python,e466947b514062c3,0,0,0,0,0,0,0.44974874371859297,0.24623115577889448,0.24623115577889448,0.3327794359270641
sapl,2024,85a35885719ee49bd5a7affe7150deae4efa6b10,sapl/relatorios/templates/pdf_capa_processo_gerar.py,Python,8ff631b62339b6d2,60,4,0,0,0,0,0.44974874371859297,0.5778894472361809,0.44974874371859297,0.5098088395690138
sapl,2024,85a35885719ee49bd5a7affe7150deae4efa6b10,sapl/relatorios/templates/pdf_capa_processo_preparar_pysc.py,Python,57c0ad78f373dd69,116,0,0,0,0,0,0.44974874371859297,0.24623115577889448,0.24623115577889448,0.3327794359270641
sapl,2024,85a35885719ee49bd5a7affe7150deae4efa6b10,sapl/relatorios/templates/pdf_detalhe_materia_gerar.py,Python,dc4b7669bfadde7b,311,94,0,0,0,0,0.44974874371859297,0.8994974874371859,0.44974874371859297,0.6360407730270955
sapl,2024,85a35885719ee49bd5a7affe7150deae4efa6b10,sapl/relatorios/templates/pdf_detalhe_materia_preparar_pysc.py,Python,b09ebf272337e792,202,0,0,0,0,0,0.44974874371859297,0.24623115577889448,0.24623115577889448,0.3327794359270641
sapl,2024,85a35885719ee49bd5a7affe7150deae4efa6b10,sapl/relatorios/templates/pdf_documento_administrativo_gerar.py,Python,e4dd82a9bd169bf9,96,13,0,0,0,0,0.44974874371859297,0.6984924623115578,0.44974874371859297,0.5604873838201264
sapl,2024,85a35885719ee49bd5a7affe7150deae4efa6b10,sapl/relatorios/templates/pdf_documento_administrativo_preparar_pysc.py,Python,017c2c28aaace221,107,0,0,0,0,0,0.44974874371859297,0.24623115577889448,0.24623115577889448,0.3327794359270641
sapl,2024,85a35885719ee49bd5a7affe7150deae4efa6b10,sapl/relatorios/templates/pdf_espelho_gerar.py,Python,d9e55b20247e3ace,98,11,0,0,0,0,0.44974874371859297,0.6809045226130653,0.44974874371859297,0.553385899384448
sapl,2024,85a35885719ee49bd5a7affe7150deae4efa6b10,sapl/relatorios/templates/pdf_espelho_preparar_pysc.py,Python,3a3254736c301330,155,0,0,0,0,0,0.44974874371859297,0.24623115577889448,0.24623115577889448,0.3327794359270641
sapl,2024,85a35885719ee49bd5a7affe7150deae4efa6b10,sapl/relatorios/templates/pdf_etiqueta_protocolo_gerar.py,Python,283c4e464ac87add,93,10,0,0,0,0,0.44974874371859297,0.6708542713567839,0.44974874371859297,0.5492866881337701
sapl,2024,85a35885719ee49bd5a7affe7150deae4efa6b10,sapl/relatorios/templates/pdf_etiqueta_protocolo_preparar_pysc.py,Python,e94c091e696f65ad,107,0,0,0,0,0,0.44974874371859297,0.24623115577889448,0.24623115577889448,0.3327794359270641
sapl,2024,85a35885719ee49bd5a7affe7150deae4efa6b10,sapl/relatorios/templates/pdf_materia_gerar.py,Python,3fffda0582e8e3a3,82,8,0,0,0,0,0.44974874371859297,0.6457286432160804,0.44974874371859297,0.5389022602193683
sapl,2024,85a35885719ee49bd5a7affe7150deae4efa6b10,sapl/relatorios/templates/pdf_materia_preparar_pysc.py,Python,a742639bbd8a440e,134,0,0,0,0,0,0.44974874371859297,0.24623115577889448,0.24623115577889448,0.3327794359270641
sapl,2024,85a35885719ee49bd5a7affe7150deae4efa6b10,sapl/relatorios/templates/pdf_norma_gerar.py,Python,f6f3bfaaf8d44eea,84,9,0,0,0,0,0.44974874371859297,0.6608040201005025,0.44974874371859297,0.5451566544438368
sapl,2024,85a35885719ee49bd5a7affe7150deae4efa6b10,sapl/relatorios/templates/pdf_norma_preparar_pysc.py,Python,f1e599dfce157920,82,0,0,0,0,0,0.44974874371859297,0.24623115577889448,0.24623115577889448,0.3327794359270641
sapl,2024,85a35885719ee49bd5a7affe7150deae4efa6b10,sapl/relatorios/templates/pdf_ordem_dia_gerar.py,Python,f3e0d570f9c8c074,124,17,0,0,0,0,0.44974874371859297,0.7286432160804021,0.44974874371859297,0.5724564359418419
sapl,2024,85a35885719ee49bd5a7affe7150deae4efa6b10,sapl/relatorios/templates/pdf_ordem_dia_preparar_pysc.py,Python,ed1aa87959fa2a1b,132,0,0,0,0,0,0.44974874371859297,0.24623115577889448,0.24623115577889448,0.3327794359270641
sapl,2024,85a35885719ee49bd5a7affe7150deae4efa6b10,sapl/relatorios/templates/pdf_pauta_sessao_gerar.py,Python,2ab00fd718a8c09b,164,14,0,0,0,0,0.44974874371859297,0.7135678391959799,0.44974874371859297,0.5665035209390873
sapl,2024,85a35885719ee49bd5a7affe7150deae4efa6b10,sapl/relatorios/templates/pdf_pauta_sessao_preparar_pysc.py,Python,b677f585c0fcf73c,153,0,0,0,0,0,0.44974874371859297,0.24623115577889448,0.24623115577889448,0.3327794359270641
sapl,2024,85a35885719ee49bd5a7affe7150deae4efa6b10,sapl/relatorios/templates/pdf_protocolo_gerar.py,Python,d7588d73147a81a2,101,15,0,0,0,0,0.44974874371859297,0.7236180904522613,0.44974874371859297,0.5704790330178241
sapl,2024,85a35885719ee49bd5a7affe7150deae4efa6b10,sapl/relatorios/templates/pdf_protocolo_preparar_pysc.py,Python,e6685acaab144464,99,0,0,0,0,0,0.44974874371859297,0.24623115577889448,0.24623115577889448,0.3327794359270641
sapl,2024,85a35885719ee49bd5a7affe7150deae4efa6b10,sapl/relatorios/templates/pdf_sessao_plenaria_gerar.py,Python,8adf8de23b0391a5,436,75,0,0,0,0,0.44974874371859297,0.8844221105527639,0.44974874371859297,0.6306883010949641
sapl,2024,85a35885719ee49bd5a7affe7150deae4efa6b10,sapl/relatorios/templates/pdf_sessao_plenaria_preparar_pysc.py,Python,bea9e89b15b496d1,239,0,0,0,0,0,0.44974874371859297,0.24623115577889448,0.24623115577889448,0.3327794359270641
sapl,2024,85a35885719ee49bd5a7affe7150deae4efa6b10,sapl/relatorios/urls.py,Python,f25181eed82d4ba3,86,0,0,0,0,0,0.44974874371859297,0.24623115577889448,0.24623115577889448,0.3327794359270641
sapl,2024,85a35885719ee49bd5a7affe7150deae4efa6b10,sapl/relatorios/views.py,Python,710c9fb76ba1bbc3,2095,358,0,0,0,0,0.44974874371859297,0.9798994974874372,0.44974874371859297,0.663858846416507
sapl,2024,85a35885719ee49bd5a7affe7150deae4efa6b10,sapl/rules/__init__.py,Python,565865e6f0800dbf,36,0,0,0,0,0,0.44974874371859297,0.24623115577889448,0.24623115577889448,0.3327794359270641
sapl,2024,85a35885719ee49bd5a7affe7150deae4efa6b10,sapl/rules/apps.py,Python,fc77782d7660cb21,187,43,0,0,0,0,0.44974874371859297,0.8341708542713567,0.44974874371859297,0.6125090152440273
sapl,2024,85a35885719ee49bd5a7affe7150deae4efa6b10,sapl/rules/group_administrativo.py,Python,b9a8f0011f5cfc27,15,0,0,0,0,0,0.44974874371859297,0.24623115577889448,0.24623115577889448,0.3327794359270641
sapl,2024,85a35885719ee49bd5a7affe7150deae4efa6b10,sapl/rules/group_anonymous.py,Python,7d2863ede8a8096e,10,0,0,0,0,0,0.44974874371859297,0.24623115577889448,0.24623115577889448,0.3327794359270641
sapl,2024,85a35885719ee49bd5a7affe7150deae4efa6b10,sapl/rules/group_audiencia.py,Python,c7e8a2b7514f2e8b,10,0,0,0,0,0,0.44974874371859297,0.24623115577889448,0.24623115577889448,0.3327794359270641
sapl,2024,85a35885719ee49bd5a7affe7150deae4efa6b10,sapl/rules/group_autor.py,Python,7d44f4f2ef604f66,13,0,0,0,0,0,0.44974874371859297,0.24623115577889448,0.24623115577889448,0.3327794359270641
sapl,2024,85a35885719ee49bd5a7affe7150deae4efa6b10,sapl/rules/group_comissoes.py,Python,c60cb5e241dbb9be,15,0,0,0,0,0,0.44974874371859297,0.24623115577889448,0.24623115577889448,0.3327794359270641
sapl,2024,85a35885719ee49bd5a7affe7150deae4efa6b10,sapl/rules/group_geral.py,Python,7b52b269979defa3,102,0,1,1,1,2,0.9246231155778895,0.24623115577889448,0.24623115577889448,0.47714884303393845
sapl,2024,85a35885719ee49bd5a7affe7150deae4efa6b10,sapl/rules/group_materia.py,Python,54c3f4afcb7fd22f,25,0,0,0,0,0,0.44974874371859297,0.24623115577889448,0.24623115577889448,0.3327794359270641
sapl,2024,85a35885719ee49bd5a7affe7150deae4efa6b10,sapl/rules/group_norma.py,Python,d48aec6308d85fc3,23,0,0,0,0,0,0.44974874371859297,0.24623115577889448,0.24623115577889448,0.3327794359270641
sapl,2024,85a35885719ee49bd5a7affe7150deae4efa6b10,sapl/rules/group_painel.py,Python,31eba35cc452586b,9,0,0,0,0,0,0.44974874371859297,0.24623115577889448,0.24623115577889448,0.3327794359270641
sapl,2024,85a35885719ee49bd5a7affe7150deae4efa6b10,sapl/rules/group_protocolo.py,Python,557afa2c5d4f6e97,23,0,0,0,0,0,0.44974874371859297,0.24623115577889448,0.24623115577889448,0.3327794359270641
sapl,2024,85a35885719ee49bd5a7affe7150deae4efa6b10,sapl/rules/group_sessao.py,Python,6b4d151704dfd90a,25,0,0,0,0,0,0.44974874371859297,0.24623115577889448,0.24623115577889448,0.3327794359270641
sapl,2024,85a35885719ee49bd5a7affe7150deae4efa6b10,sapl/rules/group_votante.py,Python,21d833d83e2e4792,8,0,0,0,0,0,0.44974874371859297,0.24623115577889448,0.24623115577889448,0.3327794359270641
sapl,2024,85a35885719ee49bd5a7affe7150deae4efa6b10,sapl/rules/management/commands/check_ids_sequences.py,Python,2fd3bbb21f32198b,33,10,0,0,0,0,0.44974874371859297,0.6708542713567839,0.44974874371859297,0.5492866881337701
sapl,2024,85a35885719ee49bd5a7affe7150deae4efa6b10,sapl/rules/map_rules.py,Python,c3b8bf46eb27d154,55,1,0,0,0,0,0.44974874371859297,0.5025125628140703,0.44974874371859297,0.4753991941815201
sapl,2024,85a35885719ee49bd5a7affe7150deae4efa6b10,sapl/rules/models.py,Python,65668cdfe5793a55,0,0,0,0,0,0,0.44974874371859297,0.24623115577889448,0.24623115577889448,0.3327794359270641
sapl,2024,85a35885719ee49bd5a7affe7150deae4efa6b10,sapl/sessao/__init__.py,Python,683fe6dff3109245,1,0,0,0,0,0,0.44974874371859297,0.24623115577889448,0.24623115577889448,0.3327794359270641
sapl,2024,85a35885719ee49bd5a7affe7150deae4efa6b10,sapl/sessao/admin.py,Python,731827703e9a0b81,2,0,0,0,0,0,0.44974874371859297,0.24623115577889448,0.24623115577889448,0.3327794359270641
sapl,2024,85a35885719ee49bd5a7affe7150deae4efa6b10,sapl/sessao/apps.py,Python,b84cadf57b8feea5,6,0,0,0,0,0,0.44974874371859297,0.24623115577889448,0.24623115577889448,0.3327794359270641
sapl,2024,85a35885719ee49bd5a7affe7150deae4efa6b10,sapl/sessao/forms.py,Python,c22c88a1cb819a91,936,132,0,0,0,0,0.44974874371859297,0.9296482412060302,0.44974874371859297,0.646612811953654
sapl,2024,85a35885719ee49bd5a7affe7150deae4efa6b10,sapl/sessao/models.py,Python,8991cdb3433793b5,828,68,0,0,0,0,0.44974874371859297,0.864321608040201,0.44974874371859297,0.6234801980696055
sapl,2024,85a35885719ee49bd5a7affe7150deae4efa6b10,sapl/sessao/serializers.py,Python,77e0965b71ed5624,2,0,0,0,0,0,0.44974874371859297,0.24623115577889448,0.24623115577889448,0.3327794359270641
sapl,2024,85a35885719ee49bd5a7affe7150deae4efa6b10,sapl/sessao/urls.py,Python,1b2b956c75f568bc,205,0,0,0,0,0,0.44974874371859297,0.24623115577889448,0.24623115577889448,0.3327794359270641
sapl,2024,85a35885719ee49bd5a7affe7150deae4efa6b10,sapl/sessao/views.py,Python,c4bec0aa3f27a78d,4250,763,3,77,42,119,0.9824120603015075,1.0,0.9824120603015075,0.9911670193774142
sapl,2024,85a35885719ee49bd5a7affe7150deae4efa6b10,sapl/settings.py,Python,b5ea40e821c853b1,310,0,4,8,8,16,0.9949748743718593,0.24623115577889448,0.24623115577889448,0.4949684972677991
sapl,2024,85a35885719ee49bd5a7affe7150deae4efa6b10,sapl/urls.py,Python,d0ca975f5f417ca9,57,0,0,0,0,0,0.44974874371859297,0.24623115577889448,0.24623115577889448,0.3327794359270641
sapl,2024,85a35885719ee49bd5a7affe7150deae4efa6b10,sapl/utils.py,Python,b38f2cf8d9bb2f72,1032,241,2,223,6,229,0.9623115577889447,0.964824120603015,0.9623115577889447,0.9635670202377394
sapl,2024,85a35885719ee49bd5a7affe7150deae4efa6b10,sapl/wsgi.py,Python,6da0b3def5cd62ad,4,0,0,0,0,0,0.44974874371859297,0.24623115577889448,0.24623115577889448,0.3327794359270641
sapl,2024,85a35885719ee49bd5a7affe7150deae4efa6b10,scripts/anonimizador/anon.py,Python,0c8f6dbd179da9e1,58,18,0,0,0,0,0.44974874371859297,0.7361809045226131,0.44974874371859297,0.575409799150712
sapl,2024,85a35885719ee49bd5a7affe7150deae4efa6b10,scripts/atualizar_requirements.py,Python,3c3c90ec093624cf,24,3,0,0,0,0,0.44974874371859297,0.5577889447236181,0.44974874371859297,0.50086413042817
sapl,2024,85a35885719ee49bd5a7affe7150deae4efa6b10,scripts/check_commits.py,Python,ac0d041a6214aaa3,16,0,0,0,0,0,0.44974874371859297,0.24623115577889448,0.24623115577889448,0.3327794359270641
sapl,2024,85a35885719ee49bd5a7affe7150deae4efa6b10,scripts/convert_null_to_empty_in_all_char_fields.py,Python,62805fa66d97ace0,19,9,0,0,0,0,0.44974874371859297,0.6608040201005025,0.44974874371859297,0.5451566544438368
sapl,2024,85a35885719ee49bd5a7affe7150deae4efa6b10,scripts/deduplica_parlamentares.py,Python,06b4a2a480d7791f,87,25,0,0,0,0,0.44974874371859297,0.7638190954773869,0.44974874371859297,0.586111489922546
sapl,2024,85a35885719ee49bd5a7affe7150deae4efa6b10,scripts/extrai_imagens_codificadas_de_campo_texto.py,Python,554b5153e6ca10f8,32,5,0,0,0,0,0.44974874371859297,0.5954773869346733,0.44974874371859297,0.51750865373122
sapl,2024,85a35885719ee49bd5a7affe7150deae4efa6b10,scripts/fk_protocoloadm_docadm.py,Python,9cfd12d24cfb2d7b,14,4,0,0,0,0,0.44974874371859297,0.5778894472361809,0.44974874371859297,0.5098088395690138
sapl,2024,85a35885719ee49bd5a7affe7150deae4efa6b10,scripts/gerar_hash_proposicoes.py,Python,2147258a7847d759,29,7,0,0,0,0,0.44974874371859297,0.628140703517588,0.44974874371859297,0.5315124573192508
sapl,2024,85a35885719ee49bd5a7affe7150deae4efa6b10,scripts/id_numero_legislatura.py,Python,69df878b3934f161,7,2,0,0,0,0,0.44974874371859297,0.5301507537688442,0.44974874371859297,0.48829769146392943
sapl,2024,85a35885719ee49bd5a7affe7150deae4efa6b10,scripts/lista_permissions_in_decorators.py,Python,de69cb2a44acad43,93,35,0,0,0,0,0.44974874371859297,0.8115577889447236,0.44974874371859297,0.6041498953346995
sapl,2024,85a35885719ee49bd5a7affe7150deae4efa6b10,scripts/lista_urls.py,Python,a32a901c51dbc517,33,8,0,0,0,0,0.44974874371859297,0.6457286432160804,0.44974874371859297,0.5389022602193683
sapl,2024,85a35885719ee49bd5a7affe7150deae4efa6b10,scripts/redbaron.py,Python,233389a22034fd08,74,33,0,0,0,0,0.44974874371859297,0.8015075376884422,0.44974874371859297,0.6003973752077533
sapl,2024,85a35885719ee49bd5a7affe7150deae4efa6b10,scripts/remove_multiplos_autores.py,Python,4c69bd43760adbd4,63,21,0,0,0,0,0.44974874371859297,0.7537688442211056,0.44974874371859297,0.582242724937511
sapl,2024,85a35885719ee49bd5a7affe7150deae4efa6b10,scripts/remove_protocolos_inexistentes_materias.py,Python,db41c080705a8d45,9,3,0,0,0,0,0.44974874371859297,0.5577889447236181,0.44974874371859297,0.50086413042817
sapl,2024,85a35885719ee49bd5a7affe7150deae4efa6b10,scripts/set_inicio_mandato.py,Python,7bdb2222b469a423,7,2,0,0,0,0,0.44974874371859297,0.5301507537688442,0.44974874371859297,0.48829769146392943
sapl,2024,85a35885719ee49bd5a7affe7150deae4efa6b10,setup.py,Python,7d5dec7a3271fd2c,57,0,5,4,5,9,1.0,0.24623115577889448,0.24623115577889448,0.4962168435058351
sapl,2024,85a35885719ee49bd5a7affe7150deae4efa6b10,solr/bin/solr_password.py,Python,e61f2f37d8f9a083,48,5,0,0,0,0,0.44974874371859297,0.5954773869346733,0.44974874371859297,0.51750865373122
sapl,2025,c926b75c05e63b214184e1a292565df56d80e8dd,docker/startup_scripts/create_admin.py,Python,c93741871b84b6e3,45,6,1,0,0,0,0.8382352941176471,0.6078431372549019,0.6078431372549019,0.7138035940889175
sapl,2025,c926b75c05e63b214184e1a292565df56d80e8dd,docker/startup_scripts/genkey.py,Python,61a0bf489ba63060,7,2,1,0,0,0,0.8382352941176471,0.5073529411764706,0.5073529411764706,0.6521358308424037
sapl,2025,c926b75c05e63b214184e1a292565df56d80e8dd,docker/startup_scripts/gunicorn.conf.py,Python,b932897128b1aaab,48,3,2,82,1,83,0.9387254901960784,0.5441176470588235,0.5441176470588235,0.7146867180517845
sapl,2025,c926b75c05e63b214184e1a292565df56d80e8dd,docker/startup_scripts/solr_cli.py,Python,37f34439e61a74e7,249,35,1,11,7,18,0.8382352941176471,0.8161764705882353,0.8161764705882353,0.8271323496729122
sapl,2025,c926b75c05e63b214184e1a292565df56d80e8dd,drfautoapi/__init__.py,Python,9bfbdba60d7031ce,0,0,0,0,0,0,0.3799019607843137,0.23039215686274508,0.23039215686274508,0.2958486642550276
sapl,2025,c926b75c05e63b214184e1a292565df56d80e8dd,drfautoapi/drfautoapi.py,Python,9e32170f07434f40,312,82,1,32,5,37,0.8382352941176471,0.8872549019607843,0.8382352941176471,0.8623968771409264
sapl,2025,c926b75c05e63b214184e1a292565df56d80e8dd,manage.py,Python,ea8192dce2df8296,6,0,0,0,0,0,0.3799019607843137,0.23039215686274508,0.23039215686274508,0.2958486642550276
sapl,2025,c926b75c05e63b214184e1a292565df56d80e8dd,sapl/__init__.py,Python,9d55a50bbea85f33,0,0,0,0,0,0,0.3799019607843137,0.23039215686274508,0.23039215686274508,0.2958486642550276
sapl,2025,c926b75c05e63b214184e1a292565df56d80e8dd,sapl/api/__init__.py,Python,bd98e7c11753dc0a,1,0,0,0,0,0,0.3799019607843137,0.23039215686274508,0.23039215686274508,0.2958486642550276
sapl,2025,c926b75c05e63b214184e1a292565df56d80e8dd,sapl/api/admin.py,Python,2777c6afa5a95b4f,0,0,0,0,0,0,0.3799019607843137,0.23039215686274508,0.23039215686274508,0.2958486642550276
sapl,2025,c926b75c05e63b214184e1a292565df56d80e8dd,sapl/api/apps.py,Python,c0862434cb8882d7,8,1,0,0,0,0,0.3799019607843137,0.4730392156862745,0.3799019607843137,0.42392042362581395
sapl,2025,c926b75c05e63b214184e1a292565df56d80e8dd,sapl/api/deprecated.py,Python,8951be30535ae199,14,0,0,0,0,0,0.3799019607843137,0.23039215686274508,0.23039215686274508,0.2958486642550276
sapl,2025,c926b75c05e63b214184e1a292565df56d80e8dd,sapl/api/forms.py,Python,0b63a48e8a7d9bf4,137,30,0,0,0,0,0.3799019607843137,0.7867647058823529,0.3799019607843137,0.5467114910449566
sapl,2025,c926b75c05e63b214184e1a292565df56d80e8dd,sapl/api/pagination.py,Python,cb6a02afb55755bd,96,6,0,0,0,0,0.3799019607843137,0.6078431372549019,0.3799019607843137,0.4805421934569596
sapl,2025,c926b75c05e63b214184e1a292565df56d80e8dd,sapl/api/permissions.py,Python,5bceb70dc5eb9425,41,8,0,0,0,0,0.3799019607843137,0.6421568627450981,0.3799019607843137,0.493919681008933
sapl,2025,c926b75c05e63b214184e1a292565df56d80e8dd,sapl/api/schema.py,Python,ae96e5ef03794e53,3,0,0,0,0,0,0.3799019607843137,0.23039215686274508,0.23039215686274508,0.2958486642550276
sapl,2025,c926b75c05e63b214184e1a292565df56d80e8dd,sapl/api/serializers.py,Python,66435c88a8993743,240,45,0,0,0,0,0.3799019607843137,0.8431372549019608,0.3799019607843137,0.5659589175439845
sapl,2025,c926b75c05e63b214184e1a292565df56d80e8dd,sapl/api/signals.py,Python,9b0bb8413dc3b65a,8,2,0,0,0,0,0.3799019607843137,0.5073529411764706,0.3799019607843137,0.4390266246625935
sapl,2025,c926b75c05e63b214184e1a292565df56d80e8dd,sapl/api/urls.py,Python,927a4f11006a4510,28,0,1,2,5,7,0.8382352941176471,0.23039215686274508,0.23039215686274508,0.4394574352201157
sapl,2025,c926b75c05e63b214184e1a292565df56d80e8dd,sapl/api/views.py,Python,31bfc57507210350,29,1,1,1,14,15,0.8382352941176471,0.4730392156862745,0.4730392156862745,0.6296968842943129
sapl,2025,c926b75c05e63b214184e1a292565df56d80e8dd,sapl/api/views_audiencia.py,Python,d3c37562fc71cc75,8,0,0,0,0,0,0.3799019607843137,0.23039215686274508,0.23039215686274508,0.2958486642550276
sapl,2025,c926b75c05e63b214184e1a292565df56d80e8dd,sapl/api/views_base.py,Python,7917b6c1967c3788,111,19,0,0,0,0,0.3799019607843137,0.75,0.3799019607843137,0.5337850415553392
sapl,2025,c926b75c05e63b214184e1a292565df56d80e8dd,sapl/api/views_comissoes.py,Python,db43ee0434e59e67,21,2,1,17,0,17,0.8382352941176471,0.5073529411764706,0.5073529411764706,0.6521358308424037
sapl,2025,c926b75c05e63b214184e1a292565df56d80e8dd,sapl/api/views_compilacao.py,Python,427b8a425cb5c7c7,8,0,0,0,0,0,0.3799019607843137,0.23039215686274508,0.23039215686274508,0.2958486642550276
sapl,2025,c926b75c05e63b214184e1a292565df56d80e8dd,sapl/api/views_health.py,Python,077b533a4f23a7bd,89,18,1,106,0,106,0.8382352941176471,0.7401960784313726,0.7401960784313726,0.7876918671083577
sapl,2025,c926b75c05e63b214184e1a292565df56d80e8dd,sapl/api/views_materia.py,Python,3ae579529eb2a1a3,68,13,0,0,0,0,0.3799019607843137,0.7009803921568627,0.3799019607843137,0.5160463404111585
sapl,2025,c926b75c05e63b214184e1a292565df56d80e8dd,sapl/api/views_norma.py,Python,7452dea43677937e,10,0,0,0,0,0,0.3799019607843137,0.23039215686274508,0.23039215686274508,0.2958486642550276
sapl,2025,c926b75c05e63b214184e1a292565df56d80e8dd,sapl/api/views_painel.py,Python,c2f60a0e79f7b4da,8,0,0,0,0,0,0.3799019607843137,0.23039215686274508,0.23039215686274508,0.2958486642550276
sapl,2025,c926b75c05e63b214184e1a292565df56d80e8dd,sapl/api/views_parlamentares.py,Python,5a87f5311c559cfe,81,12,0,0,0,0,0.3799019607843137,0.6911764705882353,0.3799019607843137,0.5124249178410941
sapl,2025,c926b75c05e63b214184e1a292565df56d80e8dd,sapl/api/views_protocoloadm.py,Python,226d54741d68c2ff,56,11,0,0,0,0,0.3799019607843137,0.6813725490196079,0.3799019607843137,0.508777719045513
sapl,2025,c926b75c05e63b214184e1a292565df56d80e8dd,sapl/api/views_sessao.py,Python,fed65581dcec0a39,35,5,0,0,0,0,0.3799019607843137,0.5857843137254902,0.3799019607843137,0.4717421004966668
sapl,2025,c926b75c05e63b214184e1a292565df56d80e8dd,sapl/audiencia/__init__.py,Python,b148575890c3569c,1,0,0,0,0,0,0.3799019607843137,0.23039215686274508,0.23039215686274508,0.2958486642550276
sapl,2025,c926b75c05e63b214184e1a292565df56d80e8dd,sapl/audiencia/admin.py,Python,7db682ce4e6b353d,2,0,0,0,0,0,0.3799019607843137,0.23039215686274508,0.23039215686274508,0.2958486642550276
sapl,2025,c926b75c05e63b214184e1a292565df56d80e8dd,sapl/audiencia/apps.py,Python,37189946a76357f8,6,0,0,0,0,0,0.3799019607843137,0.23039215686274508,0.23039215686274508,0.2958486642550276
sapl,2025,c926b75c05e63b214184e1a292565df56d80e8dd,sapl/audiencia/forms.py,Python,b430267bb0c7e0f0,168,32,0,0,0,0,0.3799019607843137,0.7941176470588235,0.3799019607843137,0.5492602763818558
sapl,2025,c926b75c05e63b214184e1a292565df56d80e8dd,sapl/audiencia/models.py,Python,68d5b5ae13437ee2,182,21,1,2,2,4,0.8382352941176471,0.7598039215686274,0.7598039215686274,0.7980566794832433
sapl,2025,c926b75c05e63b214184e1a292565df56d80e8dd,sapl/audiencia/urls.py,Python,836ea69714280178,7,0,0,0,0,0,0.3799019607843137,0.23039215686274508,0.23039215686274508,0.2958486642550276
sapl,2025,c926b75c05e63b214184e1a292565df56d80e8dd,sapl/audiencia/views.py,Python,08e954878725cf6a,81,14,1,6,3,9,0.8382352941176471,0.7156862745098039,0.7156862745098039,0.7745408283684525
sapl,2025,c926b75c05e63b214184e1a292565df56d80e8dd,sapl/base/__init__.py,Python,e80b192cd0f8e7e6,1,0,0,0,0,0,0.3799019607843137,0.23039215686274508,0.23039215686274508,0.2958486642550276
sapl,2025,c926b75c05e63b214184e1a292565df56d80e8dd,sapl/base/admin.py,Python,5164eb55a28cb806,22,5,0,0,0,0,0.3799019607843137,0.5857843137254902,0.3799019607843137,0.4717421004966668
sapl,2025,c926b75c05e63b214184e1a292565df56d80e8dd,sapl/base/apps.py,Python,5b07a8af48db3be4,8,1,1,0,1,1,0.8382352941176471,0.4730392156862745,0.4730392156862745,0.6296968842943129
sapl,2025,c926b75c05e63b214184e1a292565df56d80e8dd,sapl/base/email_utils.py,Python,4fe25c9014e5def0,200,29,1,1,1,2,0.8382352941176471,0.7794117647058824,0.7794117647058824,0.8082885931565468
sapl,2025,c926b75c05e63b214184e1a292565df56d80e8dd,sapl/base/forms.py,Python,3eba1379d2383eb6,977,140,2,24,12,36,0.9387254901960784,0.9411764705882353,0.9387254901960784,0.9399501815064223
sapl,2025,c926b75c05e63b214184e1a292565df56d80e8dd,sapl/base/management/commands/backfill_auditlog.py,Python,dde302740f2162c8,32,7,0,0,0,0,0.3799019607843137,0.6274509803921569,0.3799019607843137,0.4882313567838718
sapl,2025,c926b75c05e63b214184e1a292565df56d80e8dd,sapl/base/models.py,Python,20b3b832ae2046c4,374,18,0,0,0,0,0.3799019607843137,0.7401960784313726,0.3799019607843137,0.530284774023296
sapl,2025,c926b75c05e63b214184e1a292565df56d80e8dd,sapl/base/receivers.py,Python,35c2cdc491987fcb,366,102,1,2,2,4,0.8382352941176471,0.9191176470588235,0.8382352941176471,0.8777453225230384
sapl,2025,c926b75c05e63b214184e1a292565df56d80e8dd,sapl/base/search_indexes.py,Python,830f1d85a06093c7,152,27,1,1,1,2,0.8382352941176471,0.7745098039215687,0.7745098039215687,0.8057427959883956
sapl,2025,c926b75c05e63b214184e1a292565df56d80e8dd,sapl/base/templatetags/__init__.py,Python,72b1f88b8819ab4c,0,0,0,0,0,0,0.3799019607843137,0.23039215686274508,0.23039215686274508,0.2958486642550276
sapl,2025,c926b75c05e63b214184e1a292565df56d80e8dd,sapl/base/templatetags/base_tags.py,Python,72b830105fde6386,5,1,0,0,0,0,0.3799019607843137,0.4730392156862745,0.3799019607843137,0.42392042362581395
sapl,2025,c926b75c05e63b214184e1a292565df56d80e8dd,sapl/base/templatetags/common_tags.py,Python,6f74a32feb952228,305,96,1,2,2,4,0.8382352941176471,0.9093137254901961,0.8382352941176471,0.873051463621411
sapl,2025,c926b75c05e63b214184e1a292565df56d80e8dd,sapl/base/templatetags/menus.py,Python,7331ca12752ab210,139,40,0,0,0,0,0.3799019607843137,0.8235294117647058,0.3799019607843137,0.5593392872782711
sapl,2025,c926b75c05e63b214184e1a292565df56d80e8dd,sapl/base/urls.py,Python,55ca87487c9d09c4,112,0,0,0,0,0,0.3799019607843137,0.23039215686274508,0.23039215686274508,0.2958486642550276
sapl,2025,c926b75c05e63b214184e1a292565df56d80e8dd,sapl/base/views.py,Python,2b1ea23ae76b50cb,1227,219,4,30,8,38,0.9705882352941176,0.9558823529411765,0.9558823529411765,0.9632072290478126
sapl,2025,c926b75c05e63b214184e1a292565df56d80e8dd,sapl/comissoes/__init__.py,Python,8d6b2bd13c3fb46b,1,0,0,0,0,0,0.3799019607843137,0.23039215686274508,0.23039215686274508,0.2958486642550276
sapl,2025,c926b75c05e63b214184e1a292565df56d80e8dd,sapl/comissoes/admin.py,Python,5a0b3c9a4676061d,2,0,0,0,0,0,0.3799019607843137,0.23039215686274508,0.23039215686274508,0.2958486642550276
sapl,2025,c926b75c05e63b214184e1a292565df56d80e8dd,sapl/comissoes/apps.py,Python,3ee56fcf25032e13,6,0,0,0,0,0,0.3799019607843137,0.23039215686274508,0.23039215686274508,0.2958486642550276
sapl,2025,c926b75c05e63b214184e1a292565df56d80e8dd,sapl/comissoes/forms.py,Python,73786b539ef44bac,435,84,0,0,0,0,0.3799019607843137,0.8921568627450981,0.3799019607843137,0.5821787882463982
sapl,2025,c926b75c05e63b214184e1a292565df56d80e8dd,sapl/comissoes/models.py,Python,ccaebd27f398bdc1,310,30,0,0,0,0,0.3799019607843137,0.7867647058823529,0.3799019607843137,0.5467114910449566
sapl,2025,c926b75c05e63b214184e1a292565df56d80e8dd,sapl/comissoes/urls.py,Python,c13233ae8dc130b9,24,0,0,0,0,0,0.3799019607843137,0.23039215686274508,0.23039215686274508,0.2958486642550276
sapl,2025,c926b75c05e63b214184e1a292565df56d80e8dd,sapl/comissoes/views.py,Python,59929324acf258a0,326,41,1,10,1,11,0.8382352941176471,0.8284313725490197,0.8284313725490197,0.8333189156768935
sapl,2025,c926b75c05e63b214184e1a292565df56d80e8dd,sapl/compilacao/__init__.py,Python,02bafff79a698ead,1,0,0,0,0,0,0.3799019607843137,0.23039215686274508,0.23039215686274508,0.2958486642550276
sapl,2025,c926b75c05e63b214184e1a292565df56d80e8dd,sapl/compilacao/admin.py,Python,9adab920b7d35049,9,0,0,0,0,0,0.3799019607843137,0.23039215686274508,0.23039215686274508,0.2958486642550276
sapl,2025,c926b75c05e63b214184e1a292565df56d80e8dd,sapl/compilacao/apps.py,Python,f158c49e188a57cc,68,21,0,0,0,0,0.3799019607843137,0.7598039215686274,0.3799019607843137,0.5372625053133082
sapl,2025,c926b75c05e63b214184e1a292565df56d80e8dd,sapl/compilacao/forms.py,Python,baaab395bff2b4bc,1255,135,1,1,1,2,0.8382352941176471,0.9362745098039216,0.8382352941176471,0.8858997342252373
sapl,2025,c926b75c05e63b214184e1a292565df56d80e8dd,sapl/compilacao/models.py,Python,326895f3f33cbc27,1608,239,1,2,2,4,0.8382352941176471,0.9607843137254902,0.8382352941176471,0.8974203707289622
sapl,2025,c926b75c05e63b214184e1a292565df56d80e8dd,sapl/compilacao/templatetags/__init__.py,Python,9b4a4f7c2c8409e9,0,0,0,0,0,0,0.3799019607843137,0.23039215686274508,0.23039215686274508,0.2958486642550276
sapl,2025,c926b75c05e63b214184e1a292565df56d80e8dd,sapl/compilacao/templatetags/compilacao_filters.py,Python,57ab3b3de0109349,223,71,0,0,0,0,0.3799019607843137,0.8774509803921569,0.3799019607843137,0.5773606740531423
sapl,2025,c926b75c05e63b214184e1a292565df56d80e8dd,sapl/compilacao/urls.py,Python,59c8fcb7ff2f557a,90,0,0,0,0,0,0.3799019607843137,0.23039215686274508,0.23039215686274508,0.2958486642550276
sapl,2025,c926b75c05e63b214184e1a292565df56d80e8dd,sapl/compilacao/utils.py,Python,677bcbae96e0f281,58,13,0,0,0,0,0.3799019607843137,0.7009803921568627,0.3799019607843137,0.5160463404111585
sapl,2025,c926b75c05e63b214184e1a292565df56d80e8dd,sapl/compilacao/views.py,Python,4a9fed402fd79f45,2771,620,0,0,0,0,0.3799019607843137,0.9950980392156863,0.3799019607843137,0.6148493281045895
sapl,2025,c926b75c05e63b214184e1a292565df56d80e8dd,sapl/context_processors.py,Python,e2cb246d7d362bbe,38,10,2,17,11,28,0.9387254901960784,0.6666666666666666,0.6666666666666666,0.7910859583282036
sapl,2025,c926b75c05e63b214184e1a292565df56d80e8dd,sapl/crispy_layout_mixin.py,Python,34ba10ecf9851d6f,282,93,0,0,0,0,0.3799019607843137,0.8970588235294118,0.3799019607843137,0.5837759895693666
sapl,2025,c926b75c05e63b214184e1a292565df56d80e8dd,sapl/crud/__init__.py,Python,fbdb8c583da8c222,0,0,0,0,0,0,0.3799019607843137,0.23039215686274508,0.23039215686274508,0.2958486642550276
sapl,2025,c926b75c05e63b214184e1a292565df56d80e8dd,sapl/crud/base.py,Python,b829f1d7044d28a3,1231,391,1,55,41,96,0.8382352941176471,0.9852941176470589,0.8382352941176471,0.9087949738517869
sapl,2025,c926b75c05e63b214184e1a292565df56d80e8dd,sapl/crud/urls.py,Python,13c8c7972037669d,4,0,0,0,0,0,0.3799019607843137,0.23039215686274508,0.23039215686274508,0.2958486642550276
sapl,2025,c926b75c05e63b214184e1a292565df56d80e8dd,sapl/decorators.py,Python,7c5a8425b413ac2b,49,14,0,0,0,0,0.3799019607843137,0.7156862745098039,0.3799019607843137,0.5214313176178577
sapl,2025,c926b75c05e63b214184e1a292565df56d80e8dd,sapl/endpoint_restriction_middleware.py,Python,af8c4866b1b14389,26,4,1,1,1,2,0.8382352941176471,0.5686274509803921,0.5686274509803921,0.6903937996650296
sapl,2025,c926b75c05e63b214184e1a292565df56d80e8dd,sapl/hashers.py,Python,56ecd1ee7dc74313,30,6,0,0,0,0,0.3799019607843137,0.6078431372549019,0.3799019607843137,0.4805421934569596
sapl,2025,c926b75c05e63b214184e1a292565df56d80e8dd,sapl/health.py,Python,3452207066d108e3,28,6,1,36,0,36,0.8382352941176471,0.6078431372549019,0.6078431372549019,0.7138035940889175
sapl,2025,c926b75c05e63b214184e1a292565df56d80e8dd,sapl/lexml/OAIServer.py,Python,ea211969c4a29b64,269,65,0,0,0,0,0.3799019607843137,0.8602941176470589,0.3799019607843137,0.5716882211007401
sapl,2025,c926b75c05e63b214184e1a292565df56d80e8dd,sapl/lexml/__init__.py,Python,333f0cc5d1aec796,1,0,0,0,0,0,0.3799019607843137,0.23039215686274508,0.23039215686274508,0.2958486642550276
sapl,2025,c926b75c05e63b214184e1a292565df56d80e8dd,sapl/lexml/admin.py,Python,54bef07a591dc403,2,0,0,0,0,0,0.3799019607843137,0.23039215686274508,0.23039215686274508,0.2958486642550276
sapl,2025,c926b75c05e63b214184e1a292565df56d80e8dd,sapl/lexml/apps.py,Python,ba198e2c0384affa,6,0,0,0,0,0,0.3799019607843137,0.23039215686274508,0.23039215686274508,0.2958486642550276
sapl,2025,c926b75c05e63b214184e1a292565df56d80e8dd,sapl/lexml/forms.py,Python,a990ac5f47cb7dea,45,7,1,1,1,2,0.8382352941176471,0.6274509803921569,0.6274509803921569,0.7252251768198795
sapl,2025,c926b75c05e63b214184e1a292565df56d80e8dd,sapl/lexml/models.py,Python,cc55eb268a64bc74,57,3,1,1,1,2,0.8382352941176471,0.5441176470588235,0.5441176470588235,0.675350735482649
sapl,2025,c926b75c05e63b214184e1a292565df56d80e8dd,sapl/lexml/urls.py,Python,701bf8fdc12ab600,12,0,0,0,0,0,0.3799019607843137,0.23039215686274508,0.23039215686274508,0.2958486642550276
sapl,2025,c926b75c05e63b214184e1a292565df56d80e8dd,sapl/lexml/views.py,Python,5a31b33300a6af7e,29,3,0,0,0,0,0.3799019607843137,0.5441176470588235,0.3799019607843137,0.45465521113806034
sapl,2025,c926b75c05e63b214184e1a292565df56d80e8dd,sapl/materia/__init__.py,Python,6a1f5def9b5501a3,1,0,0,0,0,0,0.3799019607843137,0.23039215686274508,0.23039215686274508,0.2958486642550276
sapl,2025,c926b75c05e63b214184e1a292565df56d80e8dd,sapl/materia/admin.py,Python,9403758a2e71e168,29,3,0,0,0,0,0.3799019607843137,0.5441176470588235,0.3799019607843137,0.45465521113806034
sapl,2025,c926b75c05e63b214184e1a292565df56d80e8dd,sapl/materia/apps.py,Python,4bf9d9b3b1a5aa85,6,0,0,0,0,0,0.3799019607843137,0.23039215686274508,0.23039215686274508,0.2958486642550276
sapl,2025,c926b75c05e63b214184e1a292565df56d80e8dd,sapl/materia/forms.py,Python,94f38869fdb3fba6,2335,351,2,5,3,8,0.9387254901960784,0.9754901960784313,0.9387254901960784,0.9569312997781995
sapl,2025,c926b75c05e63b214184e1a292565df56d80e8dd,sapl/materia/models.py,Python,41d990dabc9a4e77,1040,96,2,23,17,40,0.9387254901960784,0.9093137254901961,0.9093137254901961,0.9239025774954882
sapl,2025,c926b75c05e63b214184e1a292565df56d80e8dd,sapl/materia/urls.py,Python,87c8e8c64dee3b5d,169,0,1,1,1,2,0.8382352941176471,0.23039215686274508,0.23039215686274508,0.4394574352201157
sapl,2025,c926b75c05e63b214184e1a292565df56d80e8dd,sapl/materia/views.py,Python,11b2afe97076f159,2380,419,5,67,34,101,0.9779411764705882,0.9901960784313726,0.9779411764705882,0.9840495505195556
sapl,2025,c926b75c05e63b214184e1a292565df56d80e8dd,sapl/metrics.py,Python,55d083fab8ea4e53,7,3,1,12,0,12,0.8382352941176471,0.5441176470588235,0.5441176470588235,0.675350735482649
sapl,2025,c926b75c05e63b214184e1a292565df56d80e8dd,sapl/middleware.py,Python,ac58288bbb006e3f,15,6,2,24,0,24,0.9387254901960784,0.6078431372549019,0.6078431372549019,0.7553792735983229
sapl,2025,c926b75c05e63b214184e1a292565df56d80e8dd,sapl/norma/__init__.py,Python,e6c08d6bf4d5971a,1,0,0,0,0,0,0.3799019607843137,0.23039215686274508,0.23039215686274508,0.2958486642550276
sapl,2025,c926b75c05e63b214184e1a292565df56d80e8dd,sapl/norma/admin.py,Python,726973431759b934,2,0,0,0,0,0,0.3799019607843137,0.23039215686274508,0.23039215686274508,0.2958486642550276
sapl,2025,c926b75c05e63b214184e1a292565df56d80e8dd,sapl/norma/apps.py,Python,065d03cd55a4d6df,6,0,0,0,0,0,0.3799019607843137,0.23039215686274508,0.23039215686274508,0.2958486642550276
sapl,2025,c926b75c05e63b214184e1a292565df56d80e8dd,sapl/norma/forms.py,Python,74b221157d83f01b,426,46,1,1,1,2,0.8382352941176471,0.8480392156862745,0.8382352941176471,0.8431230048955389
sapl,2025,c926b75c05e63b214184e1a292565df56d80e8dd,sapl/norma/models.py,Python,b2e0bcbc19ef340d,446,42,1,2,2,4,0.8382352941176471,0.8333333333333334,0.8333333333333334,0.8357807199048719
sapl,2025,c926b75c05e63b214184e1a292565df56d80e8dd,sapl/norma/urls.py,Python,5c3e3f75577c266e,30,0,0,0,0,0,0.3799019607843137,0.23039215686274508,0.23039215686274508,0.2958486642550276
sapl,2025,c926b75c05e63b214184e1a292565df56d80e8dd,sapl/norma/views.py,Python,e71f7bd22abca298,442,69,6,34,28,62,0.9877450980392157,0.8700980392156863,0.8700980392156863,0.9270572113137503
sapl,2025,c926b75c05e63b214184e1a292565df56d80e8dd,sapl/painel/__init__.py,Python,af1d54eee94be5b7,1,0,0,0,0,0,0.3799019607843137,0.23039215686274508,0.23039215686274508,0.2958486642550276
sapl,2025,c926b75c05e63b214184e1a292565df56d80e8dd,sapl/painel/admin.py,Python,85e1bb8b1ae8aaf5,0,0,0,0,0,0,0.3799019607843137,0.23039215686274508,0.23039215686274508,0.2958486642550276
sapl,2025,c926b75c05e63b214184e1a292565df56d80e8dd,sapl/painel/apps.py,Python,0ed3f5c15411d1cb,6,0,0,0,0,0,0.3799019607843137,0.23039215686274508,0.23039215686274508,0.2958486642550276
sapl,2025,c926b75c05e63b214184e1a292565df56d80e8dd,sapl/painel/models.py,Python,76209356ab107bb4,40,1,0,0,0,0,0.3799019607843137,0.4730392156862745,0.3799019607843137,0.42392042362581395
sapl,2025,c926b75c05e63b214184e1a292565df56d80e8dd,sapl/painel/urls.py,Python,ce2fb875f861448b,22,0,0,0,0,0,0.3799019607843137,0.23039215686274508,0.23039215686274508,0.2958486642550276
sapl,2025,c926b75c05e63b214184e1a292565df56d80e8dd,sapl/painel/views.py,Python,c25fa8a967c0b4c1,505,104,1,12,8,20,0.8382352941176471,0.9264705882352942,0.8382352941176471,0.8812493097987433
sapl,2025,c926b75c05e63b214184e1a292565df56d80e8dd,sapl/parlamentares/__init__.py,Python,2e16213924ad8b30,1,0,0,0,0,0,0.3799019607843137,0.23039215686274508,0.23039215686274508,0.2958486642550276
sapl,2025,c926b75c05e63b214184e1a292565df56d80e8dd,sapl/parlamentares/admin.py,Python,6c6987653626463f,2,0,0,0,0,0,0.3799019607843137,0.23039215686274508,0.23039215686274508,0.2958486642550276
sapl,2025,c926b75c05e63b214184e1a292565df56d80e8dd,sapl/parlamentares/apps.py,Python,ecdc4141509d7e67,6,0,0,0,0,0,0.3799019607843137,0.23039215686274508,0.23039215686274508,0.2958486642550276
sapl,2025,c926b75c05e63b214184e1a292565df56d80e8dd,sapl/parlamentares/forms.py,Python,3beb6a4b0e225b81,566,102,0,0,0,0,0.3799019607843137,0.9191176470588235,0.3799019607843137,0.5909099731000584
sapl,2025,c926b75c05e63b214184e1a292565df56d80e8dd,sapl/parlamentares/models.py,Python,6912635a78814045,580,47,2,2,3,5,0.9387254901960784,0.8529411764705882,0.8529411764705882,0.8948059141460637
sapl,2025,c926b75c05e63b214184e1a292565df56d80e8dd,sapl/parlamentares/urls.py,Python,49a8beaed92e4d5b,99,0,0,0,0,0,0.3799019607843137,0.23039215686274508,0.23039215686274508,0.2958486642550276
sapl,2025,c926b75c05e63b214184e1a292565df56d80e8dd,sapl/parlamentares/views.py,Python,fab4a7e6fcc30889,1137,177,1,18,1,19,0.8382352941176471,0.946078431372549,0.8382352941176471,0.890525873953099
sapl,2025,c926b75c05e63b214184e1a292565df56d80e8dd,sapl/protocoloadm/__init__.py,Python,436faa0b94315044,1,0,0,0,0,0,0.3799019607843137,0.23039215686274508,0.23039215686274508,0.2958486642550276
sapl,2025,c926b75c05e63b214184e1a292565df56d80e8dd,sapl/protocoloadm/admin.py,Python,9af7c678cd566901,5,0,0,0,0,0,0.3799019607843137,0.23039215686274508,0.23039215686274508,0.2958486642550276
sapl,2025,c926b75c05e63b214184e1a292565df56d80e8dd,sapl/protocoloadm/apps.py,Python,a3513c815728e003,6,0,0,0,0,0,0.3799019607843137,0.23039215686274508,0.23039215686274508,0.2958486642550276
sapl,2025,c926b75c05e63b214184e1a292565df56d80e8dd,sapl/protocoloadm/forms.py,Python,0b965857f647e956,1441,184,1,2,2,4,0.8382352941176471,0.9509803921568627,0.8382352941176471,0.8928299550976788
sapl,2025,c926b75c05e63b214184e1a292565df56d80e8dd,sapl/protocoloadm/models.py,Python,23e78b47c21c8f0c,468,33,0,0,0,0,0.3799019607843137,0.803921568627451,0.3799019607843137,0.5526403715241675
sapl,2025,c926b75c05e63b214184e1a292565df56d80e8dd,sapl/protocoloadm/urls.py,Python,84c7e2753ea5a865,100,0,0,0,0,0,0.3799019607843137,0.23039215686274508,0.23039215686274508,0.2958486642550276
sapl,2025,c926b75c05e63b214184e1a292565df56d80e8dd,sapl/protocoloadm/views.py,Python,1d4dd9e563aef08b,1522,246,5,40,13,53,0.9779411764705882,0.9656862745098039,0.9656862745098039,0.9717944079874185
sapl,2025,c926b75c05e63b214184e1a292565df56d80e8dd,sapl/redireciona_urls/__init__.py,Python,3f9521c8b0c6dcfd,0,0,0,0,0,0,0.3799019607843137,0.23039215686274508,0.23039215686274508,0.2958486642550276
sapl,2025,c926b75c05e63b214184e1a292565df56d80e8dd,sapl/redireciona_urls/apps.py,Python,842fad2432b27782,6,0,0,0,0,0,0.3799019607843137,0.23039215686274508,0.23039215686274508,0.2958486642550276
sapl,2025,c926b75c05e63b214184e1a292565df56d80e8dd,sapl/redireciona_urls/exceptions.py,Python,1c81a89fe430f993,9,2,0,0,0,0,0.3799019607843137,0.5073529411764706,0.3799019607843137,0.4390266246625935
sapl,2025,c926b75c05e63b214184e1a292565df56d80e8dd,sapl/redireciona_urls/urls.py,Python,961167c173391142,83,0,0,0,0,0,0.3799019607843137,0.23039215686274508,0.23039215686274508,0.2958486642550276
sapl,2025,c926b75c05e63b214184e1a292565df56d80e8dd,sapl/redireciona_urls/views.py,Python,16ac6d5684c34cc5,687,65,0,0,0,0,0.3799019607843137,0.8602941176470589,0.3799019607843137,0.5716882211007401
sapl,2025,c926b75c05e63b214184e1a292565df56d80e8dd,sapl/relatorios/__init__.py,Python,9463e1276de17647,1,0,0,0,0,0,0.3799019607843137,0.23039215686274508,0.23039215686274508,0.2958486642550276
sapl,2025,c926b75c05e63b214184e1a292565df56d80e8dd,sapl/relatorios/admin.py,Python,1a24cd7da2b56fae,0,0,0,0,0,0,0.3799019607843137,0.23039215686274508,0.23039215686274508,0.2958486642550276
sapl,2025,c926b75c05e63b214184e1a292565df56d80e8dd,sapl/relatorios/apps.py,Python,fbaf96f49e8aab04,6,0,0,0,0,0,0.3799019607843137,0.23039215686274508,0.23039215686274508,0.2958486642550276
sapl,2025,c926b75c05e63b214184e1a292565df56d80e8dd,sapl/relatorios/forms.py,Python,dfbd57660091b13c,702,33,3,99,32,131,0.9632352941176471,0.803921568627451,0.803921568627451,0.8799804705812413
sapl,2025,c926b75c05e63b214184e1a292565df56d80e8dd,sapl/relatorios/models.py,Python,f606dd4c08040377,0,0,0,0,0,0,0.3799019607843137,0.23039215686274508,0.23039215686274508,0.2958486642550276
sapl,2025,c926b75c05e63b214184e1a292565df56d80e8dd,sapl/relatorios/templates/__init__.py,Python,e466947b514062c3,0,0,0,0,0,0,0.3799019607843137,0.23039215686274508,0.23039215686274508,0.2958486642550276
sapl,2025,c926b75c05e63b214184e1a292565df56d80e8dd,sapl/relatorios/templates/pdf_capa_processo_gerar.py,Python,8ff631b62339b6d2,60,4,0,0,0,0,0.3799019607843137,0.5686274509803921,0.3799019607843137,0.4647824045542572
sapl,2025,c926b75c05e63b214184e1a292565df56d80e8dd,sapl/relatorios/templates/pdf_capa_processo_preparar_pysc.py,Python,57c0ad78f373dd69,116,0,0,0,0,0,0.3799019607843137,0.23039215686274508,0.23039215686274508,0.2958486642550276
sapl,2025,c926b75c05e63b214184e1a292565df56d80e8dd,sapl/relatorios/templates/pdf_detalhe_materia_gerar.py,Python,dc4b7669bfadde7b,311,94,0,0,0,0,0.3799019607843137,0.9019607843137255,0.3799019607843137,0.585368832883458
sapl,2025,c926b75c05e63b214184e1a292565df56d80e8dd,sapl/relatorios/templates/pdf_detalhe_materia_preparar_pysc.py,Python,b09ebf272337e792,202,0,0,0,0,0,0.3799019607843137,0.23039215686274508,0.23039215686274508,0.2958486642550276
sapl,2025,c926b75c05e63b214184e1a292565df56d80e8dd,sapl/relatorios/templates/pdf_documento_administrativo_gerar.py,Python,e4dd82a9bd169bf9,96,13,0,0,0,0,0.3799019607843137,0.7009803921568627,0.3799019607843137,0.5160463404111585
sapl,2025,c926b75c05e63b214184e1a292565df56d80e8dd,sapl/relatorios/templates/pdf_documento_administrativo_preparar_pysc.py,Python,017c2c28aaace221,107,0,0,0,0,0,0.3799019607843137,0.23039215686274508,0.23039215686274508,0.2958486642550276
sapl,2025,c926b75c05e63b214184e1a292565df56d80e8dd,sapl/relatorios/templates/pdf_espelho_gerar.py,Python,d9e55b20247e3ace,98,11,0,0,0,0,0.3799019607843137,0.6813725490196079,0.3799019607843137,0.508777719045513
sapl,2025,c926b75c05e63b214184e1a292565df56d80e8dd,sapl/relatorios/templates/pdf_espelho_preparar_pysc.py,Python,3a3254736c301330,155,0,0,0,0,0,0.3799019607843137,0.23039215686274508,0.23039215686274508,0.2958486642550276
sapl,2025,c926b75c05e63b214184e1a292565df56d80e8dd,sapl/relatorios/templates/pdf_etiqueta_protocolo_gerar.py,Python,283c4e464ac87add,93,10,0,0,0,0,0.3799019607843137,0.6666666666666666,0.3799019607843137,0.5032573634396313
sapl,2025,c926b75c05e63b214184e1a292565df56d80e8dd,sapl/relatorios/templates/pdf_etiqueta_protocolo_preparar_pysc.py,Python,e94c091e696f65ad,107,0,0,0,0,0,0.3799019607843137,0.23039215686274508,0.23039215686274508,0.2958486642550276
sapl,2025,c926b75c05e63b214184e1a292565df56d80e8dd,sapl/relatorios/templates/pdf_materia_gerar.py,Python,3fffda0582e8e3a3,82,8,0,0,0,0,0.3799019607843137,0.6421568627450981,0.3799019607843137,0.493919681008933
sapl,2025,c926b75c05e63b214184e1a292565df56d80e8dd,sapl/relatorios/templates/pdf_materia_preparar_pysc.py,Python,a742639bbd8a440e,134,0,0,0,0,0,0.3799019607843137,0.23039215686274508,0.23039215686274508,0.2958486642550276
sapl,2025,c926b75c05e63b214184e1a292565df56d80e8dd,sapl/relatorios/templates/pdf_norma_gerar.py,Python,f6f3bfaaf8d44eea,84,9,0,0,0,0,0.3799019607843137,0.6544117647058824,0.3799019607843137,0.49861038153260273
sapl,2025,c926b75c05e63b214184e1a292565df56d80e8dd,sapl/relatorios/templates/pdf_norma_preparar_pysc.py,Python,f1e599dfce157920,82,0,0,0,0,0,0.3799019607843137,0.23039215686274508,0.23039215686274508,0.2958486642550276
sapl,2025,c926b75c05e63b214184e1a292565df56d80e8dd,sapl/relatorios/templates/pdf_ordem_dia_gerar.py,Python,f3e0d570f9c8c074,124,17,0,0,0,0,0.3799019607843137,0.7303921568627451,0.3799019607843137,0.5267612481320555
sapl,2025,c926b75c05e63b214184e1a292565df56d80e8dd,sapl/relatorios/templates/pdf_ordem_dia_preparar_pysc.py,Python,ed1aa87959fa2a1b,132,0,0,0,0,0,0.3799019607843137,0.23039215686274508,0.23039215686274508,0.2958486642550276
sapl,2025,c926b75c05e63b214184e1a292565df56d80e8dd,sapl/relatorios/templates/pdf_pauta_sessao_gerar.py,Python,2ab00fd718a8c09b,164,14,0,0,0,0,0.3799019607843137,0.7156862745098039,0.3799019607843137,0.5214313176178577
sapl,2025,c926b75c05e63b214184e1a292565df56d80e8dd,sapl/relatorios/templates/pdf_pauta_sessao_preparar_pysc.py,Python,b677f585c0fcf73c,153,0,0,0,0,0,0.3799019607843137,0.23039215686274508,0.23039215686274508,0.2958486642550276
sapl,2025,c926b75c05e63b214184e1a292565df56d80e8dd,sapl/relatorios/templates/pdf_protocolo_gerar.py,Python,d7588d73147a81a2,101,15,0,0,0,0,0.3799019607843137,0.7254901960784313,0.3799019607843137,0.5249906170780505
sapl,2025,c926b75c05e63b214184e1a292565df56d80e8dd,sapl/relatorios/templates/pdf_protocolo_preparar_pysc.py,Python,e6685acaab144464,99,0,0,0,0,0,0.3799019607843137,0.23039215686274508,0.23039215686274508,0.2958486642550276
sapl,2025,c926b75c05e63b214184e1a292565df56d80e8dd,sapl/relatorios/templates/pdf_sessao_plenaria_gerar.py,Python,8adf8de23b0391a5,436,75,0,0,0,0,0.3799019607843137,0.8823529411764706,0.3799019607843137,0.5789711672067508
sapl,2025,c926b75c05e63b214184e1a292565df56d80e8dd,sapl/relatorios/templates/pdf_sessao_plenaria_preparar_pysc.py,Python,bea9e89b15b496d1,239,0,0,0,0,0,0.3799019607843137,0.23039215686274508,0.23039215686274508,0.2958486642550276
sapl,2025,c926b75c05e63b214184e1a292565df56d80e8dd,sapl/relatorios/urls.py,Python,f25181eed82d4ba3,89,0,1,6,2,8,0.8382352941176471,0.23039215686274508,0.23039215686274508,0.4394574352201157
sapl,2025,c926b75c05e63b214184e1a292565df56d80e8dd,sapl/relatorios/views.py,Python,710c9fb76ba1bbc3,2214,371,3,153,16,169,0.9632352941176471,0.9803921568627451,0.9632352941176471,0.9717758628234808
sapl,2025,c926b75c05e63b214184e1a292565df56d80e8dd,sapl/rules/__init__.py,Python,565865e6f0800dbf,36,0,0,0,0,0,0.3799019607843137,0.23039215686274508,0.23039215686274508,0.2958486642550276
sapl,2025,c926b75c05e63b214184e1a292565df56d80e8dd,sapl/rules/apps.py,Python,fc77782d7660cb21,187,43,0,0,0,0,0.3799019607843137,0.8382352941176471,0.3799019607843137,0.5643112898338204
sapl,2025,c926b75c05e63b214184e1a292565df56d80e8dd,sapl/rules/group_administrativo.py,Python,b9a8f0011f5cfc27,15,0,0,0,0,0,0.3799019607843137,0.23039215686274508,0.23039215686274508,0.2958486642550276
sapl,2025,c926b75c05e63b214184e1a292565df56d80e8dd,sapl/rules/group_anonymous.py,Python,7d2863ede8a8096e,10,0,0,0,0,0,0.3799019607843137,0.23039215686274508,0.23039215686274508,0.2958486642550276
sapl,2025,c926b75c05e63b214184e1a292565df56d80e8dd,sapl/rules/group_audiencia.py,Python,c7e8a2b7514f2e8b,10,0,0,0,0,0,0.3799019607843137,0.23039215686274508,0.23039215686274508,0.2958486642550276
sapl,2025,c926b75c05e63b214184e1a292565df56d80e8dd,sapl/rules/group_autor.py,Python,7d44f4f2ef604f66,13,0,0,0,0,0,0.3799019607843137,0.23039215686274508,0.23039215686274508,0.2958486642550276
sapl,2025,c926b75c05e63b214184e1a292565df56d80e8dd,sapl/rules/group_comissoes.py,Python,c60cb5e241dbb9be,15,0,0,0,0,0,0.3799019607843137,0.23039215686274508,0.23039215686274508,0.2958486642550276
sapl,2025,c926b75c05e63b214184e1a292565df56d80e8dd,sapl/rules/group_geral.py,Python,7b52b269979defa3,102,0,0,0,0,0,0.3799019607843137,0.23039215686274508,0.23039215686274508,0.2958486642550276
sapl,2025,c926b75c05e63b214184e1a292565df56d80e8dd,sapl/rules/group_materia.py,Python,54c3f4afcb7fd22f,25,0,0,0,0,0,0.3799019607843137,0.23039215686274508,0.23039215686274508,0.2958486642550276
sapl,2025,c926b75c05e63b214184e1a292565df56d80e8dd,sapl/rules/group_norma.py,Python,d48aec6308d85fc3,23,0,0,0,0,0,0.3799019607843137,0.23039215686274508,0.23039215686274508,0.2958486642550276
sapl,2025,c926b75c05e63b214184e1a292565df56d80e8dd,sapl/rules/group_painel.py,Python,31eba35cc452586b,9,0,0,0,0,0,0.3799019607843137,0.23039215686274508,0.23039215686274508,0.2958486642550276
sapl,2025,c926b75c05e63b214184e1a292565df56d80e8dd,sapl/rules/group_protocolo.py,Python,557afa2c5d4f6e97,23,0,0,0,0,0,0.3799019607843137,0.23039215686274508,0.23039215686274508,0.2958486642550276
sapl,2025,c926b75c05e63b214184e1a292565df56d80e8dd,sapl/rules/group_sessao.py,Python,6b4d151704dfd90a,25,0,0,0,0,0,0.3799019607843137,0.23039215686274508,0.23039215686274508,0.2958486642550276
sapl,2025,c926b75c05e63b214184e1a292565df56d80e8dd,sapl/rules/group_votante.py,Python,21d833d83e2e4792,8,0,0,0,0,0,0.3799019607843137,0.23039215686274508,0.23039215686274508,0.2958486642550276
sapl,2025,c926b75c05e63b214184e1a292565df56d80e8dd,sapl/rules/management/commands/check_ids_sequences.py,Python,2fd3bbb21f32198b,33,10,0,0,0,0,0.3799019607843137,0.6666666666666666,0.3799019607843137,0.5032573634396313
sapl,2025,c926b75c05e63b214184e1a292565df56d80e8dd,sapl/rules/map_rules.py,Python,c3b8bf46eb27d154,55,1,0,0,0,0,0.3799019607843137,0.4730392156862745,0.3799019607843137,0.42392042362581395
sapl,2025,c926b75c05e63b214184e1a292565df56d80e8dd,sapl/rules/models.py,Python,65668cdfe5793a55,0,0,0,0,0,0,0.3799019607843137,0.23039215686274508,0.23039215686274508,0.2958486642550276
sapl,2025,c926b75c05e63b214184e1a292565df56d80e8dd,sapl/sessao/__init__.py,Python,683fe6dff3109245,1,0,0,0,0,0,0.3799019607843137,0.23039215686274508,0.23039215686274508,0.2958486642550276
sapl,2025,c926b75c05e63b214184e1a292565df56d80e8dd,sapl/sessao/admin.py,Python,731827703e9a0b81,2,0,0,0,0,0,0.3799019607843137,0.23039215686274508,0.23039215686274508,0.2958486642550276
sapl,2025,c926b75c05e63b214184e1a292565df56d80e8dd,sapl/sessao/apps.py,Python,b84cadf57b8feea5,6,0,0,0,0,0,0.3799019607843137,0.23039215686274508,0.23039215686274508,0.2958486642550276
sapl,2025,c926b75c05e63b214184e1a292565df56d80e8dd,sapl/sessao/forms.py,Python,c22c88a1cb819a91,936,132,0,0,0,0,0.3799019607843137,0.9313725490196079,0.3799019607843137,0.5948363284074313
sapl,2025,c926b75c05e63b214184e1a292565df56d80e8dd,sapl/sessao/models.py,Python,8991cdb3433793b5,831,69,1,8,5,13,0.8382352941176471,0.8700980392156863,0.8382352941176471,0.85401808283733
sapl,2025,c926b75c05e63b214184e1a292565df56d80e8dd,sapl/sessao/serializers.py,Python,77e0965b71ed5624,2,0,0,0,0,0,0.3799019607843137,0.23039215686274508,0.23039215686274508,0.2958486642550276
sapl,2025,c926b75c05e63b214184e1a292565df56d80e8dd,sapl/sessao/urls.py,Python,1b2b956c75f568bc,205,0,0,0,0,0,0.3799019607843137,0.23039215686274508,0.23039215686274508,0.2958486642550276
sapl,2025,c926b75c05e63b214184e1a292565df56d80e8dd,sapl/sessao/views.py,Python,c4bec0aa3f27a78d,4279,766,6,67,32,99,0.9877450980392157,1.0,0.9877450980392157,0.9938536602735917
sapl,2025,c926b75c05e63b214184e1a292565df56d80e8dd,sapl/settings.py,Python,b5ea40e821c853b1,338,11,14,108,41,149,1.0,0.6813725490196079,0.6813725490196079,0.8254529356781087
sapl,2025,c926b75c05e63b214184e1a292565df56d80e8dd,sapl/urls.py,Python,d0ca975f5f417ca9,70,2,2,23,0,23,0.9387254901960784,0.5073529411764706,0.5073529411764706,0.6901196551383713
sapl,2025,c926b75c05e63b214184e1a292565df56d80e8dd,sapl/utils.py,Python,b38f2cf8d9bb2f72,1100,281,8,453,361,814,0.9950980392156863,0.9705882352941176,0.9705882352941176,0.9827667321531542
sapl,2025,c926b75c05e63b214184e1a292565df56d80e8dd,sapl/wsgi.py,Python,6da0b3def5cd62ad,4,0,0,0,0,0,0.3799019607843137,0.23039215686274508,0.23039215686274508,0.2958486642550276
sapl,2025,c926b75c05e63b214184e1a292565df56d80e8dd,scripts/anonimizador/anon.py,Python,0c8f6dbd179da9e1,58,18,0,0,0,0,0.3799019607843137,0.7401960784313726,0.3799019607843137,0.530284774023296
sapl,2025,c926b75c05e63b214184e1a292565df56d80e8dd,scripts/atualizar_requirements.py,Python,3c3c90ec093624cf,24,3,0,0,0,0,0.3799019607843137,0.5441176470588235,0.3799019607843137,0.45465521113806034
sapl,2025,c926b75c05e63b214184e1a292565df56d80e8dd,scripts/check_commits.py,Python,ac0d041a6214aaa3,16,0,0,0,0,0,0.3799019607843137,0.23039215686274508,0.23039215686274508,0.2958486642550276
sapl,2025,c926b75c05e63b214184e1a292565df56d80e8dd,scripts/convert_null_to_empty_in_all_char_fields.py,Python,62805fa66d97ace0,19,9,0,0,0,0,0.3799019607843137,0.6544117647058824,0.3799019607843137,0.49861038153260273
sapl,2025,c926b75c05e63b214184e1a292565df56d80e8dd,scripts/deduplica_parlamentares.py,Python,06b4a2a480d7791f,87,25,0,0,0,0,0.3799019607843137,0.7696078431372549,0.3799019607843137,0.5407176052643651
sapl,2025,c926b75c05e63b214184e1a292565df56d80e8dd,scripts/extrai_imagens_codificadas_de_campo_texto.py,Python,554b5153e6ca10f8,32,5,0,0,0,0,0.3799019607843137,0.5857843137254902,0.3799019607843137,0.4717421004966668
sapl,2025,c926b75c05e63b214184e1a292565df56d80e8dd,scripts/fk_protocoloadm_docadm.py,Python,9cfd12d24cfb2d7b,14,4,0,0,0,0,0.3799019607843137,0.5686274509803921,0.3799019607843137,0.4647824045542572
sapl,2025,c926b75c05e63b214184e1a292565df56d80e8dd,scripts/gerar_hash_proposicoes.py,Python,2147258a7847d759,29,7,0,0,0,0,0.3799019607843137,0.6274509803921569,0.3799019607843137,0.4882313567838718
sapl,2025,c926b75c05e63b214184e1a292565df56d80e8dd,scripts/id_numero_legislatura.py,Python,69df878b3934f161,7,2,0,0,0,0,0.3799019607843137,0.5073529411764706,0.3799019607843137,0.4390266246625935
sapl,2025,c926b75c05e63b214184e1a292565df56d80e8dd,scripts/lista_permissions_in_decorators.py,Python,de69cb2a44acad43,93,35,0,0,0,0,0.3799019607843137,0.8161764705882353,0.3799019607843137,0.5568366380927995
sapl,2025,c926b75c05e63b214184e1a292565df56d80e8dd,scripts/lista_urls.py,Python,a32a901c51dbc517,33,8,0,0,0,0,0.3799019607843137,0.6421568627450981,0.3799019607843137,0.493919681008933
sapl,2025,c926b75c05e63b214184e1a292565df56d80e8dd,scripts/redbaron.py,Python,233389a22034fd08,74,33,0,0,0,0,0.3799019607843137,0.803921568627451,0.3799019607843137,0.5526403715241675
sapl,2025,c926b75c05e63b214184e1a292565df56d80e8dd,scripts/remove_multiplos_autores.py,Python,4c69bd43760adbd4,63,21,0,0,0,0,0.3799019607843137,0.7598039215686274,0.3799019607843137,0.5372625053133082
sapl,2025,c926b75c05e63b214184e1a292565df56d80e8dd,scripts/remove_proposicoes_de_autor.py,Python,a9830d5b2cb08fea,35,2,1,57,0,57,0.8382352941176471,0.5073529411764706,0.5073529411764706,0.6521358308424037
sapl,2025,c926b75c05e63b214184e1a292565df56d80e8dd,scripts/remove_protocolos_inexistentes_materias.py,Python,db41c080705a8d45,9,3,0,0,0,0,0.3799019607843137,0.5441176470588235,0.3799019607843137,0.45465521113806034
sapl,2025,c926b75c05e63b214184e1a292565df56d80e8dd,scripts/set_inicio_mandato.py,Python,7bdb2222b469a423,7,2,0,0,0,0,0.3799019607843137,0.5073529411764706,0.3799019607843137,0.4390266246625935
sapl,2025,c926b75c05e63b214184e1a292565df56d80e8dd,solr/bin/solr_password.py,Python,e61f2f37d8f9a083,48,5,0,0,0,0,0.3799019607843137,0.5857843137254902,0.3799019607843137,0.4717421004966668
sapl,2026,55f02aa6397bc613ad5b471b799519e02e53dde5,docker/startup_scripts/create_admin.py,Python,c93741871b84b6e3,45,6,0,0,0,0,0.4444444444444444,0.6086956521739131,0.4444444444444444,0.520126331736996
sapl,2026,55f02aa6397bc613ad5b471b799519e02e53dde5,docker/startup_scripts/genkey.py,Python,61a0bf489ba63060,7,2,0,0,0,0,0.4444444444444444,0.5,0.4444444444444444,0.4714045207910317
sapl,2026,55f02aa6397bc613ad5b471b799519e02e53dde5,docker/startup_scripts/gunicorn.conf.py,Python,b932897128b1aaab,48,3,0,0,0,0,0.4444444444444444,0.5362318840579711,0.4444444444444444,0.4881857042187355
sapl,2026,55f02aa6397bc613ad5b471b799519e02e53dde5,docker/startup_scripts/solr_cli.py,Python,37f34439e61a74e7,249,35,0,0,0,0,0.4444444444444444,0.8164251207729468,0.4444444444444444,0.6023749739426604
sapl,2026,55f02aa6397bc613ad5b471b799519e02e53dde5,drfautoapi/__init__.py,Python,9bfbdba60d7031ce,0,0,0,0,0,0,0.4444444444444444,0.22946859903381642,0.22946859903381642,0.31935253876402725
sapl,2026,55f02aa6397bc613ad5b471b799519e02e53dde5,drfautoapi/drfautoapi.py,Python,9e32170f07434f40,435,134,2,203,1,204,0.9758454106280193,0.9323671497584541,0.9323671497584541,0.9538585870621047
sapl,2026,55f02aa6397bc613ad5b471b799519e02e53dde5,manage.py,Python,ea8192dce2df8296,6,0,0,0,0,0,0.4444444444444444,0.22946859903381642,0.22946859903381642,0.31935253876402725
sapl,2026,55f02aa6397bc613ad5b471b799519e02e53dde5,sapl/__init__.py,Python,9d55a50bbea85f33,0,0,0,0,0,0,0.4444444444444444,0.22946859903381642,0.22946859903381642,0.31935253876402725
sapl,2026,55f02aa6397bc613ad5b471b799519e02e53dde5,sapl/api/__init__.py,Python,bd98e7c11753dc0a,1,0,0,0,0,0,0.4444444444444444,0.22946859903381642,0.22946859903381642,0.31935253876402725
sapl,2026,55f02aa6397bc613ad5b471b799519e02e53dde5,sapl/api/admin.py,Python,2777c6afa5a95b4f,0,0,0,0,0,0,0.4444444444444444,0.22946859903381642,0.22946859903381642,0.31935253876402725
sapl,2026,55f02aa6397bc613ad5b471b799519e02e53dde5,sapl/api/apps.py,Python,c0862434cb8882d7,8,1,0,0,0,0,0.4444444444444444,0.46859903381642515,0.4444444444444444,0.45636195859399203
sapl,2026,55f02aa6397bc613ad5b471b799519e02e53dde5,sapl/api/deprecated.py,Python,8951be30535ae199,14,0,0,0,0,0,0.4444444444444444,0.22946859903381642,0.22946859903381642,0.31935253876402725
sapl,2026,55f02aa6397bc613ad5b471b799519e02e53dde5,sapl/api/forms.py,Python,0b63a48e8a7d9bf4,137,30,0,0,0,0,0.4444444444444444,0.7898550724637681,0.4444444444444444,0.5924919399222117
sapl,2026,55f02aa6397bc613ad5b471b799519e02e53dde5,sapl/api/pagination.py,Python,cb6a02afb55755bd,96,6,0,0,0,0,0.4444444444444444,0.6086956521739131,0.4444444444444444,0.520126331736996
sapl,2026,55f02aa6397bc613ad5b471b799519e02e53dde5,sapl/api/permissions.py,Python,5bceb70dc5eb9425,41,8,0,0,0,0,0.4444444444444444,0.642512077294686,0.4444444444444444,0.5343790071120709
sapl,2026,55f02aa6397bc613ad5b471b799519e02e53dde5,sapl/api/schema.py,Python,ae96e5ef03794e53,3,0,0,0,0,0,0.4444444444444444,0.22946859903381642,0.22946859903381642,0.31935253876402725
sapl,2026,55f02aa6397bc613ad5b471b799519e02e53dde5,sapl/api/serializers.py,Python,66435c88a8993743,246,46,1,12,6,18,0.9251207729468599,0.8478260869565217,0.8478260869565217,0.8856305803718213
sapl,2026,55f02aa6397bc613ad5b471b799519e02e53dde5,sapl/api/signals.py,Python,9b0bb8413dc3b65a,8,2,0,0,0,0,0.4444444444444444,0.5,0.4444444444444444,0.4714045207910317
sapl,2026,55f02aa6397bc613ad5b471b799519e02e53dde5,sapl/api/urls.py,Python,927a4f11006a4510,28,0,0,0,0,0,0.4444444444444444,0.22946859903381642,0.22946859903381642,0.31935253876402725
sapl,2026,55f02aa6397bc613ad5b471b799519e02e53dde5,sapl/api/views.py,Python,31bfc57507210350,105,18,1,123,6,129,0.9251207729468599,0.7367149758454107,0.7367149758454107,0.8255606143074132
sapl,2026,55f02aa6397bc613ad5b471b799519e02e53dde5,sapl/api/views_audiencia.py,Python,d3c37562fc71cc75,8,0,0,0,0,0,0.4444444444444444,0.22946859903381642,0.22946859903381642,0.31935253876402725
sapl,2026,55f02aa6397bc613ad5b471b799519e02e53dde5,sapl/api/views_base.py,Python,7917b6c1967c3788,111,19,0,0,0,0,0.4444444444444444,0.748792270531401,0.4444444444444444,0.5768852266097847
sapl,2026,55f02aa6397bc613ad5b471b799519e02e53dde5,sapl/api/views_comissoes.py,Python,db43ee0434e59e67,21,2,0,0,0,0,0.4444444444444444,0.5,0.4444444444444444,0.4714045207910317
sapl,2026,55f02aa6397bc613ad5b471b799519e02e53dde5,sapl/api/views_compilacao.py,Python,427b8a425cb5c7c7,8,0,0,0,0,0,0.4444444444444444,0.22946859903381642,0.22946859903381642,0.31935253876402725
sapl,2026,55f02aa6397bc613ad5b471b799519e02e53dde5,sapl/api/views_health.py,Python,077b533a4f23a7bd,89,18,0,0,0,0,0.4444444444444444,0.7367149758454107,0.4444444444444444,0.5722140142931802
sapl,2026,55f02aa6397bc613ad5b471b799519e02e53dde5,sapl/api/views_materia.py,Python,3ae579529eb2a1a3,113,20,3,76,1,77,0.9927536231884058,0.7536231884057971,0.7536231884057971,0.8649636702247405
sapl,2026,55f02aa6397bc613ad5b471b799519e02e53dde5,sapl/api/views_norma.py,Python,7452dea43677937e,10,0,0,0,0,0,0.4444444444444444,0.22946859903381642,0.22946859903381642,0.31935253876402725
sapl,2026,55f02aa6397bc613ad5b471b799519e02e53dde5,sapl/api/views_painel.py,Python,c2f60a0e79f7b4da,8,0,0,0,0,0,0.4444444444444444,0.22946859903381642,0.22946859903381642,0.31935253876402725
sapl,2026,55f02aa6397bc613ad5b471b799519e02e53dde5,sapl/api/views_parlamentares.py,Python,5a87f5311c559cfe,81,12,0,0,0,0,0.4444444444444444,0.6908212560386473,0.4444444444444444,0.5541043848865572
sapl,2026,55f02aa6397bc613ad5b471b799519e02e53dde5,sapl/api/views_protocoloadm.py,Python,226d54741d68c2ff,56,11,0,0,0,0,0.4444444444444444,0.6811594202898551,0.4444444444444444,0.5502158850204386
sapl,2026,55f02aa6397bc613ad5b471b799519e02e53dde5,sapl/api/views_sessao.py,Python,fed65581dcec0a39,35,5,0,0,0,0,0.4444444444444444,0.5869565217391305,0.4444444444444444,0.5107539184552492
sapl,2026,55f02aa6397bc613ad5b471b799519e02e53dde5,sapl/audiencia/__init__.py,Python,b148575890c3569c,1,0,0,0,0,0,0.4444444444444444,0.22946859903381642,0.22946859903381642,0.31935253876402725
sapl,2026,55f02aa6397bc613ad5b471b799519e02e53dde5,sapl/audiencia/admin.py,Python,7db682ce4e6b353d,2,0,0,0,0,0,0.4444444444444444,0.22946859903381642,0.22946859903381642,0.31935253876402725
sapl,2026,55f02aa6397bc613ad5b471b799519e02e53dde5,sapl/audiencia/apps.py,Python,37189946a76357f8,6,0,0,0,0,0,0.4444444444444444,0.22946859903381642,0.22946859903381642,0.31935253876402725
sapl,2026,55f02aa6397bc613ad5b471b799519e02e53dde5,sapl/audiencia/forms.py,Python,b430267bb0c7e0f0,168,32,1,1,1,2,0.9251207729468599,0.7971014492753623,0.7971014492753623,0.8587287749171361
sapl,2026,55f02aa6397bc613ad5b471b799519e02e53dde5,sapl/audiencia/models.py,Python,68d5b5ae13437ee2,182,21,0,0,0,0,0.4444444444444444,0.7632850241545893,0.4444444444444444,0.5824412318106873
sapl,2026,55f02aa6397bc613ad5b471b799519e02e53dde5,sapl/audiencia/urls.py,Python,836ea69714280178,7,0,0,0,0,0,0.4444444444444444,0.22946859903381642,0.22946859903381642,0.31935253876402725
sapl,2026,55f02aa6397bc613ad5b471b799519e02e53dde5,sapl/audiencia/views.py,Python,08e954878725cf6a,81,14,0,0,0,0,0.4444444444444444,0.7053140096618358,0.4444444444444444,0.5598865002686153
sapl,2026,55f02aa6397bc613ad5b471b799519e02e53dde5,sapl/base/__init__.py,Python,e80b192cd0f8e7e6,1,0,0,0,0,0,0.4444444444444444,0.22946859903381642,0.22946859903381642,0.31935253876402725
sapl,2026,55f02aa6397bc613ad5b471b799519e02e53dde5,sapl/base/admin.py,Python,5164eb55a28cb806,22,5,0,0,0,0,0.4444444444444444,0.5869565217391305,0.4444444444444444,0.5107539184552492
sapl,2026,55f02aa6397bc613ad5b471b799519e02e53dde5,sapl/base/apps.py,Python,5b07a8af48db3be4,8,1,0,0,0,0,0.4444444444444444,0.46859903381642515,0.4444444444444444,0.45636195859399203
sapl,2026,55f02aa6397bc613ad5b471b799519e02e53dde5,sapl/base/email_utils.py,Python,4fe25c9014e5def0,200,29,0,0,0,0,0.4444444444444444,0.782608695652174,0.4444444444444444,0.5897678246195885
sapl,2026,55f02aa6397bc613ad5b471b799519e02e53dde5,sapl/base/forms.py,Python,3eba1379d2383eb6,977,140,0,0,0,0,0.4444444444444444,0.9420289855072463,0.4444444444444444,0.6470545178841823
sapl,2026,55f02aa6397bc613ad5b471b799519e02e53dde5,sapl/base/management/commands/backfill_auditlog.py,Python,dde302740f2162c8,32,7,0,0,0,0,0.4444444444444444,0.6280193236714976,0.4444444444444444,0.5283178015262731
sapl,2026,55f02aa6397bc613ad5b471b799519e02e53dde5,sapl/base/models.py,Python,20b3b832ae2046c4,373,18,1,3,1,4,0.9251207729468599,0.7367149758454107,0.7367149758454107,0.8255606143074132
sapl,2026,55f02aa6397bc613ad5b471b799519e02e53dde5,sapl/base/receivers.py,Python,35c2cdc491987fcb,366,102,0,0,0,0,0.4444444444444444,0.9154589371980676,0.4444444444444444,0.6378641224858917
sapl,2026,55f02aa6397bc613ad5b471b799519e02e53dde5,sapl/base/search_indexes.py,Python,830f1d85a06093c7,152,27,0,0,0,0,0.4444444444444444,0.7777777777777778,0.4444444444444444,0.5879447357921312
sapl,2026,55f02aa6397bc613ad5b471b799519e02e53dde5,sapl/base/templatetags/__init__.py,Python,72b1f88b8819ab4c,0,0,0,0,0,0,0.4444444444444444,0.22946859903381642,0.22946859903381642,0.31935253876402725
sapl,2026,55f02aa6397bc613ad5b471b799519e02e53dde5,sapl/base/templatetags/base_tags.py,Python,72b830105fde6386,5,1,0,0,0,0,0.4444444444444444,0.46859903381642515,0.4444444444444444,0.45636195859399203
sapl,2026,55f02aa6397bc613ad5b471b799519e02e53dde5,sapl/base/templatetags/common_tags.py,Python,6f74a32feb952228,305,96,0,0,0,0,0.4444444444444444,0.9033816425120773,0.4444444444444444,0.6336426060703225
sapl,2026,55f02aa6397bc613ad5b471b799519e02e53dde5,sapl/base/templatetags/menus.py,Python,7331ca12752ab210,139,40,0,0,0,0,0.4444444444444444,0.8260869565217391,0.4444444444444444,0.6059288394309238
sapl,2026,55f02aa6397bc613ad5b471b799519e02e53dde5,sapl/base/urls.py,Python,55ca87487c9d09c4,112,0,0,0,0,0,0.4444444444444444,0.22946859903381642,0.22946859903381642,0.31935253876402725
sapl,2026,55f02aa6397bc613ad5b471b799519e02e53dde5,sapl/base/views.py,Python,2b1ea23ae76b50cb,1227,219,0,0,0,0,0.4444444444444444,0.9565217391304348,0.4444444444444444,0.6520128625624344
sapl,2026,55f02aa6397bc613ad5b471b799519e02e53dde5,sapl/comissoes/__init__.py,Python,8d6b2bd13c3fb46b,1,0,0,0,0,0,0.4444444444444444,0.22946859903381642,0.22946859903381642,0.31935253876402725
sapl,2026,55f02aa6397bc613ad5b471b799519e02e53dde5,sapl/comissoes/admin.py,Python,5a0b3c9a4676061d,2,0,0,0,0,0,0.4444444444444444,0.22946859903381642,0.22946859903381642,0.31935253876402725
sapl,2026,55f02aa6397bc613ad5b471b799519e02e53dde5,sapl/comissoes/apps.py,Python,3ee56fcf25032e13,6,0,0,0,0,0,0.4444444444444444,0.22946859903381642,0.22946859903381642,0.31935253876402725
sapl,2026,55f02aa6397bc613ad5b471b799519e02e53dde5,sapl/comissoes/forms.py,Python,73786b539ef44bac,435,84,0,0,0,0,0.4444444444444444,0.8888888888888888,0.4444444444444444,0.6285393610547089
sapl,2026,55f02aa6397bc613ad5b471b799519e02e53dde5,sapl/comissoes/models.py,Python,ccaebd27f398bdc1,310,30,0,0,0,0,0.4444444444444444,0.7898550724637681,0.4444444444444444,0.5924919399222117
sapl,2026,55f02aa6397bc613ad5b471b799519e02e53dde5,sapl/comissoes/urls.py,Python,c13233ae8dc130b9,24,0,0,0,0,0,0.4444444444444444,0.22946859903381642,0.22946859903381642,0.31935253876402725
sapl,2026,55f02aa6397bc613ad5b471b799519e02e53dde5,sapl/comissoes/views.py,Python,59929324acf258a0,326,41,0,0,0,0,0.4444444444444444,0.8309178743961353,0.4444444444444444,0.6076979784933869
sapl,2026,55f02aa6397bc613ad5b471b799519e02e53dde5,sapl/compilacao/__init__.py,Python,02bafff79a698ead,1,0,0,0,0,0,0.4444444444444444,0.22946859903381642,0.22946859903381642,0.31935253876402725
sapl,2026,55f02aa6397bc613ad5b471b799519e02e53dde5,sapl/compilacao/admin.py,Python,9adab920b7d35049,9,0,0,0,0,0,0.4444444444444444,0.22946859903381642,0.22946859903381642,0.31935253876402725
sapl,2026,55f02aa6397bc613ad5b471b799519e02e53dde5,sapl/compilacao/apps.py,Python,f158c49e188a57cc,68,21,0,0,0,0,0.4444444444444444,0.7632850241545893,0.4444444444444444,0.5824412318106873
sapl,2026,55f02aa6397bc613ad5b471b799519e02e53dde5,sapl/compilacao/forms.py,Python,baaab395bff2b4bc,1255,135,0,0,0,0,0.4444444444444444,0.9371980676328503,0.4444444444444444,0.6453932711947724
sapl,2026,55f02aa6397bc613ad5b471b799519e02e53dde5,sapl/compilacao/models.py,Python,326895f3f33cbc27,1608,239,0,0,0,0,0.4444444444444444,0.961352657004831,0.4444444444444444,0.6536572860128637
sapl,2026,55f02aa6397bc613ad5b471b799519e02e53dde5,sapl/compilacao/templatetags/__init__.py,Python,9b4a4f7c2c8409e9,0,0,0,0,0,0,0.4444444444444444,0.22946859903381642,0.22946859903381642,0.31935253876402725
sapl,2026,55f02aa6397bc613ad5b471b799519e02e53dde5,sapl/compilacao/templatetags/compilacao_filters.py,Python,57ab3b3de0109349,223,71,0,0,0,0,0.4444444444444444,0.8768115942028986,0.4444444444444444,0.6242547892230823
sapl,2026,55f02aa6397bc613ad5b471b799519e02e53dde5,sapl/compilacao/urls.py,Python,59c8fcb7ff2f557a,90,0,0,0,0,0,0.4444444444444444,0.22946859903381642,0.22946859903381642,0.31935253876402725
sapl,2026,55f02aa6397bc613ad5b471b799519e02e53dde5,sapl/compilacao/utils.py,Python,677bcbae96e0f281,68,16,1,13,0,13,0.9251207729468599,0.7198067632850241,0.7198067632850241,0.8160319780637392
sapl,2026,55f02aa6397bc613ad5b471b799519e02e53dde5,sapl/compilacao/views.py,Python,4a9fed402fd79f45,2778,622,1,26,18,44,0.9251207729468599,0.9951690821256038,0.9251207729468599,0.9595059095538994
sapl,2026,55f02aa6397bc613ad5b471b799519e02e53dde5,sapl/context_processors.py,Python,e2cb246d7d362bbe,38,10,0,0,0,0,0.4444444444444444,0.6666666666666666,0.4444444444444444,0.5443310539518174
sapl,2026,55f02aa6397bc613ad5b471b799519e02e53dde5,sapl/crispy_layout_mixin.py,Python,34ba10ecf9851d6f,282,93,0,0,0,0,0.4444444444444444,0.893719806763285,0.4444444444444444,0.6302450340985675
sapl,2026,55f02aa6397bc613ad5b471b799519e02e53dde5,sapl/crud/__init__.py,Python,fbdb8c583da8c222,0,0,0,0,0,0,0.4444444444444444,0.22946859903381642,0.22946859903381642,0.31935253876402725
sapl,2026,55f02aa6397bc613ad5b471b799519e02e53dde5,sapl/crud/base.py,Python,b829f1d7044d28a3,1231,391,0,0,0,0,0.4444444444444444,0.9855072463768116,0.4444444444444444,0.6618181174702883
sapl,2026,55f02aa6397bc613ad5b471b799519e02e53dde5,sapl/crud/urls.py,Python,13c8c7972037669d,4,0,0,0,0,0,0.4444444444444444,0.22946859903381642,0.22946859903381642,0.31935253876402725
sapl,2026,55f02aa6397bc613ad5b471b799519e02e53dde5,sapl/decorators.py,Python,7c5a8425b413ac2b,49,14,0,0,0,0,0.4444444444444444,0.7053140096618358,0.4444444444444444,0.5598865002686153
sapl,2026,55f02aa6397bc613ad5b471b799519e02e53dde5,sapl/hashers.py,Python,56ecd1ee7dc74313,30,6,0,0,0,0,0.4444444444444444,0.6086956521739131,0.4444444444444444,0.520126331736996
sapl,2026,55f02aa6397bc613ad5b471b799519e02e53dde5,sapl/health.py,Python,3452207066d108e3,28,6,0,0,0,0,0.4444444444444444,0.6086956521739131,0.4444444444444444,0.520126331736996
sapl,2026,55f02aa6397bc613ad5b471b799519e02e53dde5,sapl/lexml/OAIServer.py,Python,ea211969c4a29b64,269,65,0,0,0,0,0.4444444444444444,0.8623188405797102,0.4444444444444444,0.619074161983382
sapl,2026,55f02aa6397bc613ad5b471b799519e02e53dde5,sapl/lexml/__init__.py,Python,333f0cc5d1aec796,1,0,0,0,0,0,0.4444444444444444,0.22946859903381642,0.22946859903381642,0.31935253876402725
sapl,2026,55f02aa6397bc613ad5b471b799519e02e53dde5,sapl/lexml/admin.py,Python,54bef07a591dc403,2,0,0,0,0,0,0.4444444444444444,0.22946859903381642,0.22946859903381642,0.31935253876402725
sapl,2026,55f02aa6397bc613ad5b471b799519e02e53dde5,sapl/lexml/apps.py,Python,ba198e2c0384affa,6,0,0,0,0,0,0.4444444444444444,0.22946859903381642,0.22946859903381642,0.31935253876402725
sapl,2026,55f02aa6397bc613ad5b471b799519e02e53dde5,sapl/lexml/forms.py,Python,a990ac5f47cb7dea,45,7,0,0,0,0,0.4444444444444444,0.6280193236714976,0.4444444444444444,0.5283178015262731
sapl,2026,55f02aa6397bc613ad5b471b799519e02e53dde5,sapl/lexml/models.py,Python,cc55eb268a64bc74,57,3,0,0,0,0,0.4444444444444444,0.5362318840579711,0.4444444444444444,0.4881857042187355
sapl,2026,55f02aa6397bc613ad5b471b799519e02e53dde5,sapl/lexml/urls.py,Python,701bf8fdc12ab600,12,0,0,0,0,0,0.4444444444444444,0.22946859903381642,0.22946859903381642,0.31935253876402725
sapl,2026,55f02aa6397bc613ad5b471b799519e02e53dde5,sapl/lexml/views.py,Python,5a31b33300a6af7e,29,3,0,0,0,0,0.4444444444444444,0.5362318840579711,0.4444444444444444,0.4881857042187355
sapl,2026,55f02aa6397bc613ad5b471b799519e02e53dde5,sapl/logging/filters.py,Python,0a943fd07ea3b713,12,4,1,21,0,21,0.9251207729468599,0.5652173913043478,0.5652173913043478,0.7231143408386297
sapl,2026,55f02aa6397bc613ad5b471b799519e02e53dde5,sapl/materia/__init__.py,Python,6a1f5def9b5501a3,1,0,0,0,0,0,0.4444444444444444,0.22946859903381642,0.22946859903381642,0.31935253876402725
sapl,2026,55f02aa6397bc613ad5b471b799519e02e53dde5,sapl/materia/admin.py,Python,9403758a2e71e168,29,3,0,0,0,0,0.4444444444444444,0.5362318840579711,0.4444444444444444,0.4881857042187355
sapl,2026,55f02aa6397bc613ad5b471b799519e02e53dde5,sapl/materia/apps.py,Python,4bf9d9b3b1a5aa85,6,0,0,0,0,0,0.4444444444444444,0.22946859903381642,0.22946859903381642,0.31935253876402725
sapl,2026,55f02aa6397bc613ad5b471b799519e02e53dde5,sapl/materia/forms.py,Python,94f38869fdb3fba6,2298,342,2,5,44,49,0.9758454106280193,0.9758454106280193,0.9758454106280193,0.9758454106280193
sapl,2026,55f02aa6397bc613ad5b471b799519e02e53dde5,sapl/materia/models.py,Python,41d990dabc9a4e77,1104,113,1,105,1,106,0.9251207729468599,0.9227053140096618,0.9227053140096618,0.923912254112258
sapl,2026,55f02aa6397bc613ad5b471b799519e02e53dde5,sapl/materia/urls.py,Python,87c8e8c64dee3b5d,169,0,0,0,0,0,0.4444444444444444,0.22946859903381642,0.22946859903381642,0.31935253876402725
sapl,2026,55f02aa6397bc613ad5b471b799519e02e53dde5,sapl/materia/views.py,Python,11b2afe97076f159,2350,411,1,7,44,51,0.9251207729468599,0.9903381642512077,0.9251207729468599,0.9571741785019336
sapl,2026,55f02aa6397bc613ad5b471b799519e02e53dde5,sapl/metrics.py,Python,55d083fab8ea4e53,7,3,0,0,0,0,0.4444444444444444,0.5362318840579711,0.4444444444444444,0.4881857042187355
sapl,2026,55f02aa6397bc613ad5b471b799519e02e53dde5,sapl/middleware/__init__.py,Python,5a2373c765fb7a15,0,0,1,0,0,0,0.9251207729468599,0.22946859903381642,0.22946859903381642,0.4607452308002735
sapl,2026,55f02aa6397bc613ad5b471b799519e02e53dde5,sapl/middleware/check_password.py,Python,ac58288bbb006e3f,15,6,1,0,0,0,0.9251207729468599,0.6086956521739131,0.6086956521739131,0.7504112154202677
sapl,2026,55f02aa6397bc613ad5b471b799519e02e53dde5,sapl/middleware/endpoint_restriction.py,Python,af8c4866b1b14389,26,4,1,0,0,0,0.9251207729468599,0.5652173913043478,0.5652173913043478,0.7231143408386297
sapl,2026,55f02aa6397bc613ad5b471b799519e02e53dde5,sapl/middleware/request_id.py,Python,c64657303edd7025,17,4,1,24,0,24,0.9251207729468599,0.5652173913043478,0.5652173913043478,0.7231143408386297
sapl,2026,55f02aa6397bc613ad5b471b799519e02e53dde5,sapl/norma/__init__.py,Python,e6c08d6bf4d5971a,1,0,0,0,0,0,0.4444444444444444,0.22946859903381642,0.22946859903381642,0.31935253876402725
sapl,2026,55f02aa6397bc613ad5b471b799519e02e53dde5,sapl/norma/admin.py,Python,726973431759b934,2,0,0,0,0,0,0.4444444444444444,0.22946859903381642,0.22946859903381642,0.31935253876402725
sapl,2026,55f02aa6397bc613ad5b471b799519e02e53dde5,sapl/norma/apps.py,Python,065d03cd55a4d6df,6,0,0,0,0,0,0.4444444444444444,0.22946859903381642,0.22946859903381642,0.31935253876402725
sapl,2026,55f02aa6397bc613ad5b471b799519e02e53dde5,sapl/norma/forms.py,Python,74b221157d83f01b,426,46,0,0,0,0,0.4444444444444444,0.8478260869565217,0.4444444444444444,0.6138498140448513
sapl,2026,55f02aa6397bc613ad5b471b799519e02e53dde5,sapl/norma/models.py,Python,b2e0bcbc19ef340d,446,42,0,0,0,0,0.4444444444444444,0.8357487922705314,0.4444444444444444,0.6094619821414554
sapl,2026,55f02aa6397bc613ad5b471b799519e02e53dde5,sapl/norma/urls.py,Python,5c3e3f75577c266e,30,0,0,0,0,0,0.4444444444444444,0.22946859903381642,0.22946859903381642,0.31935253876402725
sapl,2026,55f02aa6397bc613ad5b471b799519e02e53dde5,sapl/norma/views.py,Python,e71f7bd22abca298,442,69,0,0,0,0,0.4444444444444444,0.8695652173913043,0.4444444444444444,0.6216698721602092
sapl,2026,55f02aa6397bc613ad5b471b799519e02e53dde5,sapl/painel/__init__.py,Python,af1d54eee94be5b7,1,0,0,0,0,0,0.4444444444444444,0.22946859903381642,0.22946859903381642,0.31935253876402725
sapl,2026,55f02aa6397bc613ad5b471b799519e02e53dde5,sapl/painel/admin.py,Python,85e1bb8b1ae8aaf5,0,0,0,0,0,0,0.4444444444444444,0.22946859903381642,0.22946859903381642,0.31935253876402725
sapl,2026,55f02aa6397bc613ad5b471b799519e02e53dde5,sapl/painel/apps.py,Python,0ed3f5c15411d1cb,6,0,0,0,0,0,0.4444444444444444,0.22946859903381642,0.22946859903381642,0.31935253876402725
sapl,2026,55f02aa6397bc613ad5b471b799519e02e53dde5,sapl/painel/models.py,Python,76209356ab107bb4,40,1,0,0,0,0,0.4444444444444444,0.46859903381642515,0.4444444444444444,0.45636195859399203
sapl,2026,55f02aa6397bc613ad5b471b799519e02e53dde5,sapl/painel/urls.py,Python,ce2fb875f861448b,22,0,0,0,0,0,0.4444444444444444,0.22946859903381642,0.22946859903381642,0.31935253876402725
sapl,2026,55f02aa6397bc613ad5b471b799519e02e53dde5,sapl/painel/views.py,Python,c25fa8a967c0b4c1,511,100,3,83,78,161,0.9927536231884058,0.9082125603864735,0.9082125603864735,0.9495426846376577
sapl,2026,55f02aa6397bc613ad5b471b799519e02e53dde5,sapl/parlamentares/__init__.py,Python,2e16213924ad8b30,1,0,0,0,0,0,0.4444444444444444,0.22946859903381642,0.22946859903381642,0.31935253876402725
sapl,2026,55f02aa6397bc613ad5b471b799519e02e53dde5,sapl/parlamentares/admin.py,Python,6c6987653626463f,2,0,0,0,0,0,0.4444444444444444,0.22946859903381642,0.22946859903381642,0.31935253876402725
sapl,2026,55f02aa6397bc613ad5b471b799519e02e53dde5,sapl/parlamentares/apps.py,Python,ecdc4141509d7e67,6,0,0,0,0,0,0.4444444444444444,0.22946859903381642,0.22946859903381642,0.31935253876402725
sapl,2026,55f02aa6397bc613ad5b471b799519e02e53dde5,sapl/parlamentares/forms.py,Python,3beb6a4b0e225b81,566,102,0,0,0,0,0.4444444444444444,0.9154589371980676,0.4444444444444444,0.6378641224858917
sapl,2026,55f02aa6397bc613ad5b471b799519e02e53dde5,sapl/parlamentares/models.py,Python,6912635a78814045,580,47,0,0,0,0,0.4444444444444444,0.855072463768116,0.4444444444444444,0.6164675223555274
sapl,2026,55f02aa6397bc613ad5b471b799519e02e53dde5,sapl/parlamentares/urls.py,Python,49a8beaed92e4d5b,99,0,0,0,0,0,0.4444444444444444,0.22946859903381642,0.22946859903381642,0.31935253876402725
sapl,2026,55f02aa6397bc613ad5b471b799519e02e53dde5,sapl/parlamentares/views.py,Python,fab4a7e6fcc30889,1137,177,0,0,0,0,0.4444444444444444,0.9468599033816425,0.4444444444444444,0.6487115103997881
sapl,2026,55f02aa6397bc613ad5b471b799519e02e53dde5,sapl/protocoloadm/__init__.py,Python,436faa0b94315044,1,0,0,0,0,0,0.4444444444444444,0.22946859903381642,0.22946859903381642,0.31935253876402725
sapl,2026,55f02aa6397bc613ad5b471b799519e02e53dde5,sapl/protocoloadm/admin.py,Python,9af7c678cd566901,5,0,0,0,0,0,0.4444444444444444,0.22946859903381642,0.22946859903381642,0.31935253876402725
sapl,2026,55f02aa6397bc613ad5b471b799519e02e53dde5,sapl/protocoloadm/apps.py,Python,a3513c815728e003,6,0,0,0,0,0,0.4444444444444444,0.22946859903381642,0.22946859903381642,0.31935253876402725
sapl,2026,55f02aa6397bc613ad5b471b799519e02e53dde5,sapl/protocoloadm/forms.py,Python,0b965857f647e956,1441,184,0,0,0,0,0.4444444444444444,0.9516908212560387,0.4444444444444444,0.6503642812578326
sapl,2026,55f02aa6397bc613ad5b471b799519e02e53dde5,sapl/protocoloadm/models.py,Python,23e78b47c21c8f0c,468,33,0,0,0,0,0.4444444444444444,0.8043478260869565,0.4444444444444444,0.5979029375285875
sapl,2026,55f02aa6397bc613ad5b471b799519e02e53dde5,sapl/protocoloadm/urls.py,Python,84c7e2753ea5a865,100,0,0,0,0,0,0.4444444444444444,0.22946859903381642,0.22946859903381642,0.31935253876402725
sapl,2026,55f02aa6397bc613ad5b471b799519e02e53dde5,sapl/protocoloadm/views.py,Python,1d4dd9e563aef08b,1522,246,0,0,0,0,0.4444444444444444,0.966183574879227,0.4444444444444444,0.6552975829106539
sapl,2026,55f02aa6397bc613ad5b471b799519e02e53dde5,sapl/redireciona_urls/__init__.py,Python,3f9521c8b0c6dcfd,0,0,0,0,0,0,0.4444444444444444,0.22946859903381642,0.22946859903381642,0.31935253876402725
sapl,2026,55f02aa6397bc613ad5b471b799519e02e53dde5,sapl/redireciona_urls/apps.py,Python,842fad2432b27782,6,0,0,0,0,0,0.4444444444444444,0.22946859903381642,0.22946859903381642,0.31935253876402725
sapl,2026,55f02aa6397bc613ad5b471b799519e02e53dde5,sapl/redireciona_urls/exceptions.py,Python,1c81a89fe430f993,9,2,0,0,0,0,0.4444444444444444,0.5,0.4444444444444444,0.4714045207910317
sapl,2026,55f02aa6397bc613ad5b471b799519e02e53dde5,sapl/redireciona_urls/urls.py,Python,961167c173391142,83,0,0,0,0,0,0.4444444444444444,0.22946859903381642,0.22946859903381642,0.31935253876402725
sapl,2026,55f02aa6397bc613ad5b471b799519e02e53dde5,sapl/redireciona_urls/views.py,Python,16ac6d5684c34cc5,687,65,0,0,0,0,0.4444444444444444,0.8623188405797102,0.4444444444444444,0.619074161983382
sapl,2026,55f02aa6397bc613ad5b471b799519e02e53dde5,sapl/relatorios/__init__.py,Python,9463e1276de17647,1,0,0,0,0,0,0.4444444444444444,0.22946859903381642,0.22946859903381642,0.31935253876402725
sapl,2026,55f02aa6397bc613ad5b471b799519e02e53dde5,sapl/relatorios/admin.py,Python,1a24cd7da2b56fae,0,0,0,0,0,0,0.4444444444444444,0.22946859903381642,0.22946859903381642,0.31935253876402725
sapl,2026,55f02aa6397bc613ad5b471b799519e02e53dde5,sapl/relatorios/apps.py,Python,fbaf96f49e8aab04,6,0,0,0,0,0,0.4444444444444444,0.22946859903381642,0.22946859903381642,0.31935253876402725
sapl,2026,55f02aa6397bc613ad5b471b799519e02e53dde5,sapl/relatorios/forms.py,Python,dfbd57660091b13c,706,35,1,5,1,6,0.9251207729468599,0.8164251207729468,0.8164251207729468,0.8690752779723412
sapl,2026,55f02aa6397bc613ad5b471b799519e02e53dde5,sapl/relatorios/models.py,Python,f606dd4c08040377,0,0,0,0,0,0,0.4444444444444444,0.22946859903381642,0.22946859903381642,0.31935253876402725
sapl,2026,55f02aa6397bc613ad5b471b799519e02e53dde5,sapl/relatorios/templates/__init__.py,Python,e466947b514062c3,0,0,0,0,0,0,0.4444444444444444,0.22946859903381642,0.22946859903381642,0.31935253876402725
sapl,2026,55f02aa6397bc613ad5b471b799519e02e53dde5,sapl/relatorios/templates/pdf_capa_processo_gerar.py,Python,8ff631b62339b6d2,60,4,0,0,0,0,0.4444444444444444,0.5652173913043478,0.4444444444444444,0.5012062743707415
sapl,2026,55f02aa6397bc613ad5b471b799519e02e53dde5,sapl/relatorios/templates/pdf_capa_processo_preparar_pysc.py,Python,57c0ad78f373dd69,116,0,0,0,0,0,0.4444444444444444,0.22946859903381642,0.22946859903381642,0.31935253876402725
sapl,2026,55f02aa6397bc613ad5b471b799519e02e53dde5,sapl/relatorios/templates/pdf_detalhe_materia_gerar.py,Python,dc4b7669bfadde7b,311,94,0,0,0,0,0.4444444444444444,0.8985507246376812,0.4444444444444444,0.6319461034113172
sapl,2026,55f02aa6397bc613ad5b471b799519e02e53dde5,sapl/relatorios/templates/pdf_detalhe_materia_preparar_pysc.py,Python,b09ebf272337e792,202,0,0,0,0,0,0.4444444444444444,0.22946859903381642,0.22946859903381642,0.31935253876402725
sapl,2026,55f02aa6397bc613ad5b471b799519e02e53dde5,sapl/relatorios/templates/pdf_documento_administrativo_gerar.py,Python,e4dd82a9bd169bf9,96,13,0,0,0,0,0.4444444444444444,0.6956521739130435,0.4444444444444444,0.5560384374855327
sapl,2026,55f02aa6397bc613ad5b471b799519e02e53dde5,sapl/relatorios/templates/pdf_documento_administrativo_preparar_pysc.py,Python,017c2c28aaace221,107,0,0,0,0,0,0.4444444444444444,0.22946859903381642,0.22946859903381642,0.31935253876402725
sapl,2026,55f02aa6397bc613ad5b471b799519e02e53dde5,sapl/relatorios/templates/pdf_espelho_gerar.py,Python,d9e55b20247e3ace,98,11,0,0,0,0,0.4444444444444444,0.6811594202898551,0.4444444444444444,0.5502158850204386
sapl,2026,55f02aa6397bc613ad5b471b799519e02e53dde5,sapl/relatorios/templates/pdf_espelho_preparar_pysc.py,Python,3a3254736c301330,155,0,0,0,0,0,0.4444444444444444,0.22946859903381642,0.22946859903381642,0.31935253876402725
sapl,2026,55f02aa6397bc613ad5b471b799519e02e53dde5,sapl/relatorios/templates/pdf_etiqueta_protocolo_gerar.py,Python,283c4e464ac87add,93,10,0,0,0,0,0.4444444444444444,0.6666666666666666,0.4444444444444444,0.5443310539518174
sapl,2026,55f02aa6397bc613ad5b471b799519e02e53dde5,sapl/relatorios/templates/pdf_etiqueta_protocolo_preparar_pysc.py,Python,e94c091e696f65ad,107,0,0,0,0,0,0.4444444444444444,0.22946859903381642,0.22946859903381642,0.31935253876402725
sapl,2026,55f02aa6397bc613ad5b471b799519e02e53dde5,sapl/relatorios/templates/pdf_materia_gerar.py,Python,3fffda0582e8e3a3,82,8,0,0,0,0,0.4444444444444444,0.642512077294686,0.4444444444444444,0.5343790071120709
sapl,2026,55f02aa6397bc613ad5b471b799519e02e53dde5,sapl/relatorios/templates/pdf_materia_preparar_pysc.py,Python,a742639bbd8a440e,134,0,0,0,0,0,0.4444444444444444,0.22946859903381642,0.22946859903381642,0.31935253876402725
sapl,2026,55f02aa6397bc613ad5b471b799519e02e53dde5,sapl/relatorios/templates/pdf_norma_gerar.py,Python,f6f3bfaaf8d44eea,84,9,0,0,0,0,0.4444444444444444,0.6545893719806763,0.4444444444444444,0.5393779841346785
sapl,2026,55f02aa6397bc613ad5b471b799519e02e53dde5,sapl/relatorios/templates/pdf_norma_preparar_pysc.py,Python,f1e599dfce157920,82,0,0,0,0,0,0.4444444444444444,0.22946859903381642,0.22946859903381642,0.31935253876402725
sapl,2026,55f02aa6397bc613ad5b471b799519e02e53dde5,sapl/relatorios/templates/pdf_ordem_dia_gerar.py,Python,f3e0d570f9c8c074,124,17,0,0,0,0,0.4444444444444444,0.7246376811594203,0.4444444444444444,0.5675043538391658
sapl,2026,55f02aa6397bc613ad5b471b799519e02e53dde5,sapl/relatorios/templates/pdf_ordem_dia_preparar_pysc.py,Python,ed1aa87959fa2a1b,132,0,0,0,0,0,0.4444444444444444,0.22946859903381642,0.22946859903381642,0.31935253876402725
sapl,2026,55f02aa6397bc613ad5b471b799519e02e53dde5,sapl/relatorios/templates/pdf_pauta_sessao_gerar.py,Python,2ab00fd718a8c09b,164,14,0,0,0,0,0.4444444444444444,0.7053140096618358,0.4444444444444444,0.5598865002686153
sapl,2026,55f02aa6397bc613ad5b471b799519e02e53dde5,sapl/relatorios/templates/pdf_pauta_sessao_preparar_pysc.py,Python,b677f585c0fcf73c,153,0,0,0,0,0,0.4444444444444444,0.22946859903381642,0.22946859903381642,0.31935253876402725
sapl,2026,55f02aa6397bc613ad5b471b799519e02e53dde5,sapl/relatorios/templates/pdf_protocolo_gerar.py,Python,d7588d73147a81a2,101,15,0,0,0,0,0.4444444444444444,0.714975845410628,0.4444444444444444,0.5637082954904279
sapl,2026,55f02aa6397bc613ad5b471b799519e02e53dde5,sapl/relatorios/templates/pdf_protocolo_preparar_pysc.py,Python,e6685acaab144464,99,0,0,0,0,0,0.4444444444444444,0.22946859903381642,0.22946859903381642,0.31935253876402725
sapl,2026,55f02aa6397bc613ad5b471b799519e02e53dde5,sapl/relatorios/templates/pdf_sessao_plenaria_gerar.py,Python,8adf8de23b0391a5,436,75,0,0,0,0,0.4444444444444444,0.8840579710144928,0.4444444444444444,0.6268290466979166
sapl,2026,55f02aa6397bc613ad5b471b799519e02e53dde5,sapl/relatorios/templates/pdf_sessao_plenaria_preparar_pysc.py,Python,bea9e89b15b496d1,239,0,0,0,0,0,0.4444444444444444,0.22946859903381642,0.22946859903381642,0.31935253876402725
sapl,2026,55f02aa6397bc613ad5b471b799519e02e53dde5,sapl/relatorios/urls.py,Python,f25181eed82d4ba3,89,0,0,0,0,0,0.4444444444444444,0.22946859903381642,0.22946859903381642,0.31935253876402725
sapl,2026,55f02aa6397bc613ad5b471b799519e02e53dde5,sapl/relatorios/views.py,Python,710c9fb76ba1bbc3,2213,371,2,7,6,13,0.9758454106280193,0.9806763285024155,0.9758454106280193,0.9782578875126017
sapl,2026,55f02aa6397bc613ad5b471b799519e02e53dde5,sapl/rules/__init__.py,Python,565865e6f0800dbf,36,0,0,0,0,0,0.4444444444444444,0.22946859903381642,0.22946859903381642,0.31935253876402725
sapl,2026,55f02aa6397bc613ad5b471b799519e02e53dde5,sapl/rules/apps.py,Python,fc77782d7660cb21,187,43,0,0,0,0,0.4444444444444444,0.8405797101449275,0.4444444444444444,0.6112208948380564
sapl,2026,55f02aa6397bc613ad5b471b799519e02e53dde5,sapl/rules/group_administrativo.py,Python,b9a8f0011f5cfc27,15,0,0,0,0,0,0.4444444444444444,0.22946859903381642,0.22946859903381642,0.31935253876402725
sapl,2026,55f02aa6397bc613ad5b471b799519e02e53dde5,sapl/rules/group_anonymous.py,Python,7d2863ede8a8096e,10,0,0,0,0,0,0.4444444444444444,0.22946859903381642,0.22946859903381642,0.31935253876402725
sapl,2026,55f02aa6397bc613ad5b471b799519e02e53dde5,sapl/rules/group_audiencia.py,Python,c7e8a2b7514f2e8b,10,0,0,0,0,0,0.4444444444444444,0.22946859903381642,0.22946859903381642,0.31935253876402725
sapl,2026,55f02aa6397bc613ad5b471b799519e02e53dde5,sapl/rules/group_autor.py,Python,7d44f4f2ef604f66,13,0,0,0,0,0,0.4444444444444444,0.22946859903381642,0.22946859903381642,0.31935253876402725
sapl,2026,55f02aa6397bc613ad5b471b799519e02e53dde5,sapl/rules/group_comissoes.py,Python,c60cb5e241dbb9be,15,0,0,0,0,0,0.4444444444444444,0.22946859903381642,0.22946859903381642,0.31935253876402725
sapl,2026,55f02aa6397bc613ad5b471b799519e02e53dde5,sapl/rules/group_geral.py,Python,7b52b269979defa3,102,0,0,0,0,0,0.4444444444444444,0.22946859903381642,0.22946859903381642,0.31935253876402725
sapl,2026,55f02aa6397bc613ad5b471b799519e02e53dde5,sapl/rules/group_materia.py,Python,54c3f4afcb7fd22f,25,0,0,0,0,0,0.4444444444444444,0.22946859903381642,0.22946859903381642,0.31935253876402725
sapl,2026,55f02aa6397bc613ad5b471b799519e02e53dde5,sapl/rules/group_norma.py,Python,d48aec6308d85fc3,23,0,0,0,0,0,0.4444444444444444,0.22946859903381642,0.22946859903381642,0.31935253876402725
sapl,2026,55f02aa6397bc613ad5b471b799519e02e53dde5,sapl/rules/group_painel.py,Python,31eba35cc452586b,9,0,0,0,0,0,0.4444444444444444,0.22946859903381642,0.22946859903381642,0.31935253876402725
sapl,2026,55f02aa6397bc613ad5b471b799519e02e53dde5,sapl/rules/group_protocolo.py,Python,557afa2c5d4f6e97,23,0,0,0,0,0,0.4444444444444444,0.22946859903381642,0.22946859903381642,0.31935253876402725
sapl,2026,55f02aa6397bc613ad5b471b799519e02e53dde5,sapl/rules/group_sessao.py,Python,6b4d151704dfd90a,25,0,0,0,0,0,0.4444444444444444,0.22946859903381642,0.22946859903381642,0.31935253876402725
sapl,2026,55f02aa6397bc613ad5b471b799519e02e53dde5,sapl/rules/group_votante.py,Python,21d833d83e2e4792,8,0,0,0,0,0,0.4444444444444444,0.22946859903381642,0.22946859903381642,0.31935253876402725
sapl,2026,55f02aa6397bc613ad5b471b799519e02e53dde5,sapl/rules/management/commands/check_ids_sequences.py,Python,2fd3bbb21f32198b,33,10,0,0,0,0,0.4444444444444444,0.6666666666666666,0.4444444444444444,0.5443310539518174
sapl,2026,55f02aa6397bc613ad5b471b799519e02e53dde5,sapl/rules/map_rules.py,Python,c3b8bf46eb27d154,55,1,0,0,0,0,0.4444444444444444,0.46859903381642515,0.4444444444444444,0.45636195859399203
sapl,2026,55f02aa6397bc613ad5b471b799519e02e53dde5,sapl/rules/models.py,Python,65668cdfe5793a55,0,0,0,0,0,0,0.4444444444444444,0.22946859903381642,0.22946859903381642,0.31935253876402725
sapl,2026,55f02aa6397bc613ad5b471b799519e02e53dde5,sapl/sessao/__init__.py,Python,683fe6dff3109245,1,0,0,0,0,0,0.4444444444444444,0.22946859903381642,0.22946859903381642,0.31935253876402725
sapl,2026,55f02aa6397bc613ad5b471b799519e02e53dde5,sapl/sessao/admin.py,Python,731827703e9a0b81,2,0,0,0,0,0,0.4444444444444444,0.22946859903381642,0.22946859903381642,0.31935253876402725
sapl,2026,55f02aa6397bc613ad5b471b799519e02e53dde5,sapl/sessao/apps.py,Python,b84cadf57b8feea5,6,0,0,0,0,0,0.4444444444444444,0.22946859903381642,0.22946859903381642,0.31935253876402725
sapl,2026,55f02aa6397bc613ad5b471b799519e02e53dde5,sapl/sessao/forms.py,Python,c22c88a1cb819a91,949,132,1,18,1,19,0.9251207729468599,0.927536231884058,0.9251207729468599,0.9263277151077784
sapl,2026,55f02aa6397bc613ad5b471b799519e02e53dde5,sapl/sessao/models.py,Python,8991cdb3433793b5,838,71,1,20,0,20,0.9251207729468599,0.8768115942028986,0.8768115942028986,0.9006423373114069
sapl,2026,55f02aa6397bc613ad5b471b799519e02e53dde5,sapl/sessao/serializers.py,Python,77e0965b71ed5624,2,0,0,0,0,0,0.4444444444444444,0.22946859903381642,0.22946859903381642,0.31935253876402725
sapl,2026,55f02aa6397bc613ad5b471b799519e02e53dde5,sapl/sessao/urls.py,Python,1b2b956c75f568bc,205,0,0,0,0,0,0.4444444444444444,0.22946859903381642,0.22946859903381642,0.31935253876402725
sapl,2026,55f02aa6397bc613ad5b471b799519e02e53dde5,sapl/sessao/views.py,Python,c4bec0aa3f27a78d,4296,771,2,23,2,25,0.9758454106280193,1.0,0.9758454106280193,0.987848880460984
sapl,2026,55f02aa6397bc613ad5b471b799519e02e53dde5,sapl/settings.py,Python,b5ea40e821c853b1,344,11,6,17,11,28,1.0,0.6811594202898551,0.6811594202898551,0.8253238275306579
sapl,2026,55f02aa6397bc613ad5b471b799519e02e53dde5,sapl/urls.py,Python,d0ca975f5f417ca9,70,2,0,0,0,0,0.4444444444444444,0.5,0.4444444444444444,0.4714045207910317
sapl,2026,55f02aa6397bc613ad5b471b799519e02e53dde5,sapl/utils.py,Python,b38f2cf8d9bb2f72,1103,282,2,6,2,8,0.9758454106280193,0.9710144927536232,0.9710144927536232,0.9734269548388915
sapl,2026,55f02aa6397bc613ad5b471b799519e02e53dde5,sapl/wsgi.py,Python,6da0b3def5cd62ad,4,0,0,0,0,0,0.4444444444444444,0.22946859903381642,0.22946859903381642,0.31935253876402725
sapl,2026,55f02aa6397bc613ad5b471b799519e02e53dde5,scripts/anonimizador/anon.py,Python,0c8f6dbd179da9e1,58,18,0,0,0,0,0.4444444444444444,0.7367149758454107,0.4444444444444444,0.5722140142931802
sapl,2026,55f02aa6397bc613ad5b471b799519e02e53dde5,scripts/atualizar_requirements.py,Python,3c3c90ec093624cf,24,3,0,0,0,0,0.4444444444444444,0.5362318840579711,0.4444444444444444,0.4881857042187355
sapl,2026,55f02aa6397bc613ad5b471b799519e02e53dde5,scripts/check_commits.py,Python,ac0d041a6214aaa3,16,0,0,0,0,0,0.4444444444444444,0.22946859903381642,0.22946859903381642,0.31935253876402725
sapl,2026,55f02aa6397bc613ad5b471b799519e02e53dde5,scripts/convert_null_to_empty_in_all_char_fields.py,Python,62805fa66d97ace0,19,9,0,0,0,0,0.4444444444444444,0.6545893719806763,0.4444444444444444,0.5393779841346785
sapl,2026,55f02aa6397bc613ad5b471b799519e02e53dde5,scripts/deduplica_parlamentares.py,Python,06b4a2a480d7791f,87,25,0,0,0,0,0.4444444444444444,0.7729468599033816,0.4444444444444444,0.5861159763518107
sapl,2026,55f02aa6397bc613ad5b471b799519e02e53dde5,scripts/extrai_imagens_codificadas_de_campo_texto.py,Python,554b5153e6ca10f8,32,5,0,0,0,0,0.4444444444444444,0.5869565217391305,0.4444444444444444,0.5107539184552492
sapl,2026,55f02aa6397bc613ad5b471b799519e02e53dde5,scripts/fk_protocoloadm_docadm.py,Python,9cfd12d24cfb2d7b,14,4,0,0,0,0,0.4444444444444444,0.5652173913043478,0.4444444444444444,0.5012062743707415
sapl,2026,55f02aa6397bc613ad5b471b799519e02e53dde5,scripts/gerar_hash_proposicoes.py,Python,2147258a7847d759,29,7,0,0,0,0,0.4444444444444444,0.6280193236714976,0.4444444444444444,0.5283178015262731
sapl,2026,55f02aa6397bc613ad5b471b799519e02e53dde5,scripts/id_numero_legislatura.py,Python,69df878b3934f161,7,2,0,0,0,0,0.4444444444444444,0.5,0.4444444444444444,0.4714045207910317
sapl,2026,55f02aa6397bc613ad5b471b799519e02e53dde5,scripts/lista_permissions_in_decorators.py,Python,de69cb2a44acad43,93,35,0,0,0,0,0.4444444444444444,0.8164251207729468,0.4444444444444444,0.6023749739426604
sapl,2026,55f02aa6397bc613ad5b471b799519e02e53dde5,scripts/lista_urls.py,Python,a32a901c51dbc517,33,8,0,0,0,0,0.4444444444444444,0.642512077294686,0.4444444444444444,0.5343790071120709
sapl,2026,55f02aa6397bc613ad5b471b799519e02e53dde5,scripts/redbaron.py,Python,233389a22034fd08,74,33,0,0,0,0,0.4444444444444444,0.8043478260869565,0.4444444444444444,0.5979029375285875
sapl,2026,55f02aa6397bc613ad5b471b799519e02e53dde5,scripts/remove_multiplos_autores.py,Python,4c69bd43760adbd4,63,21,0,0,0,0,0.4444444444444444,0.7632850241545893,0.4444444444444444,0.5824412318106873
sapl,2026,55f02aa6397bc613ad5b471b799519e02e53dde5,scripts/remove_proposicoes_de_autor.py,Python,a9830d5b2cb08fea,35,2,0,0,0,0,0.4444444444444444,0.5,0.4444444444444444,0.4714045207910317
sapl,2026,55f02aa6397bc613ad5b471b799519e02e53dde5,scripts/remove_protocolos_inexistentes_materias.py,Python,db41c080705a8d45,9,3,0,0,0,0,0.4444444444444444,0.5362318840579711,0.4444444444444444,0.4881857042187355
sapl,2026,55f02aa6397bc613ad5b471b799519e02e53dde5,scripts/set_inicio_mandato.py,Python,7bdb2222b469a423,7,2,0,0,0,0,0.4444444444444444,0.5,0.4444444444444444,0.4714045207910317
sapl,2026,55f02aa6397bc613ad5b471b799519e02e53dde5,solr/bin/solr_password.py,Python,e61f2f37d8f9a083,48,5,0,0,0,0,0.4444444444444444,0.5869565217391305,0.4444444444444444,0.5107539184552492
