project_id,language,file_id,snapshots,first_year,last_year,h_median,h_iqr,h_min,h_max,nloc_median
siga,Java,000764b963c92403,6,2020,2025,0.7921331616454867,0.23142923845301389,0.477689638076351,0.8348294434470377,224.0
siga,Java,00110dc241b7c5c4,1,2020,2020,0.25824175824175827,0.0,0.25824175824175827,0.25824175824175827,94.0
siga,Java,0020f192e2c88950,6,2020,2025,0.39870443531704236,0.1665549950938035,0.2336923997606224,0.44348041646008923,29.0
siga,Java,0027d1e07ec83e05,5,2021,2025,0.24739712444224096,0.0022091747703574527,0.2473893585280955,0.2519449431478157,22.0
siga,Java,002dff96b5f85d70,6,2020,2025,0.35770946950917204,0.004860570014526444,0.31279434850863425,0.3635547576301616,19.0
siga,Java,004cb559687987ae,3,2023,2025,0.477689638076351,0.03580271323782652,0.4286424664346096,0.5002478929102627,119.0
siga,Java,00a958b7cd7b77fb,5,2021,2025,0.17255096966683242,0.001978068309136105,0.17203767972235995,0.18043087971274685,17.0
siga,Java,00b70d47389b7797,6,2020,2025,0.45316605225548034,0.11087290944352607,0.2336923997606224,0.6126373626373627,72.0
siga,Java,00e9f011d3b48c0e,4,2022,2025,0.44348041646008923,0.0057002757797990355,0.4286424664346096,0.45144356955380577,38.0
siga,Java,014ae6cd046cd5e2,6,2020,2025,0.08173445002616841,0.003689014869895979,0.08081308874566187,0.10047095761381476,2691.5
siga,Java,019a8a121a288b16,6,2020,2025,0.5564426277738127,0.17095222145979005,0.4286424664346096,0.6910761154855644,37.0
siga,Java,01a0aab7947f3860,6,2020,2025,0.39870443531704236,0.19221191130599985,0.2336923997606224,0.5002478929102627,38.0
siga,Java,01b0862eb21c971c,6,2020,2025,0.45316605225548034,0.11087290944352607,0.2336923997606224,0.6126373626373627,247.0
siga,Java,01b8429179831544,6,2020,2025,0.48896876549330687,0.3437178575090917,0.36876640419947504,0.8944270015698587,183.0
siga,Java,01d760779ddc4a30,6,2020,2025,0.6682867232355024,0.3989272258518244,0.4286424664346096,0.9501312335958005,779.0
siga,Java,01d80ef2401a3093,5,2021,2025,0.24739712444224096,0.0022091747703574527,0.2473893585280955,0.2519449431478157,23.0
siga,Java,01df491f1a20e3c0,6,2020,2025,0.39870443531704236,0.19221191130599985,0.2336923997606224,0.5002478929102627,24.0
siga,Java,01f28e2ac536b487,5,2021,2025,0.08105420188960716,0.001601609417067787,0.08081308874566187,0.08527827648114901,4.0
siga,Java,022f54e689f23b32,6,2020,2025,0.45316605225548034,0.11087290944352607,0.2336923997606224,0.6126373626373627,52.0
siga,Java,023d4b479a683187,6,2020,2025,0.08173445002616841,0.003689014869895979,0.08081308874566187,0.10047095761381476,6.0
siga,Java,024babf67d70c69e,6,2020,2025,0.9252448735328961,0.34434414154657234,0.477689638076351,0.9556430446194226,360.5
siga,Java,025825553b03ff17,6,2020,2025,0.48896876549330687,0.12154550562399291,0.36876640419947504,0.5863422291993721,38.0
siga,Java,0272a02d67920168,1,2020,2020,0.21585557299843014,0.0,0.21585557299843014,0.21585557299843014,29.0
siga,Java,029ee0acca325033,3,2023,2025,0.477689638076351,0.03580271323782652,0.4286424664346096,0.5002478929102627,208.0
siga,Java,031c51edc98dea39,6,2020,2025,0.39870443531704236,0.19221191130599985,0.2336923997606224,0.5002478929102627,59.0
siga,Java,033fb1d18bd3ca4e,6,2020,2025,0.24739324148516822,0.004525452000169988,0.2336923997606224,0.24960629921259841,10.0
siga,Java,0373e55922a3d9db,6,2020,2025,0.45316605225548034,0.11087290944352607,0.2413657770800628,0.7432675044883303,77.0
siga,Java,037fcf0241b5a439,6,2020,2025,0.08173445002616841,0.003689014869895979,0.08081308874566187,0.10047095761381476,34.0
siga,Java,03df09937e2154e1,6,2020,2025,0.48896876549330687,0.06199488445851531,0.4286424664346096,0.5170603674540682,37.0
siga,Java,041f228b6fa6f145,4,2022,2025,0.44348041646008923,0.0057002757797990355,0.4286424664346096,0.45144356955380577,39.0
siga,Java,04248d0edd684501,4,2022,2025,0.48896876549330687,0.08639849446428799,0.4286424664346096,0.7065616797900263,57.0
siga,Java,04257fe9a723c3df,1,2020,2020,0.2413657770800628,0.0,0.2413657770800628,0.2413657770800628,33.0
siga,Java,0432ee8aaf38ef9c,6,2020,2025,0.39870443531704236,0.1665549950938035,0.2336923997606224,0.44348041646008923,22.0
siga,Java,046e94f44b88cde4,5,2021,2025,0.477689638076351,0.0716054264756531,0.36876640419947504,0.865050867743866,107.0
siga,Java,0479d743b6c87d6f,6,2020,2025,0.48896876549330687,0.10154389912584882,0.2336923997606224,0.673490813648294,61.0
siga,Java,0491ba15792cb6da,4,2022,2025,0.6822472681856138,0.371883740008112,0.477689638076351,0.8732283464566929,122.0
siga,Java,049f94d8461cfa0a,1,2020,2020,0.2413657770800628,0.0,0.2413657770800628,0.2413657770800628,75.0
siga,Java,049fc773fcfde5d6,6,2020,2025,0.6478868977895113,0.3795818177842236,0.36876640419947504,0.9727317798710957,570.0
siga,Java,04dcfc8d303e0191,6,2020,2025,0.9741994849119999,0.0689511171699071,0.5002478929102627,0.9863517060367454,921.5
siga,Java,04df1ee1bfb62910,6,2020,2025,0.08173445002616841,0.003689014869895979,0.08081308874566187,0.10047095761381476,22.0
siga,Java,050d050b7e4848d4,5,2021,2025,0.44348041646008923,0.014837950025479607,0.36876640419947504,0.4542190305206463,52.0
siga,Java,0530366abc92dd41,5,2021,2025,0.8363255535607421,0.40421404934695515,0.477689638076351,0.9206862257583291,205.0
siga,Java,055a23e20868f457,4,2022,2025,0.8966475722111067,0.12134877878568662,0.5002478929102627,0.970252850768468,517.0
siga,Java,0577e272214027ac,2,2020,2021,0.09287461704748189,0.0075963405663328765,0.08527827648114901,0.10047095761381476,80.0
siga,Java,057fcd45c64befa5,6,2020,2025,0.08173445002616841,0.003689014869895979,0.08081308874566187,0.10047095761381476,140.0
siga,Java,0598f4ee63eb84cb,5,2021,2025,0.17255096966683242,0.001978068309136105,0.17203767972235995,0.18043087971274685,7.0
siga,Java,059905de884c9650,6,2020,2025,0.3573728849286288,0.08742606161210353,0.2336923997606224,0.36351706036745407,13.0
siga,Java,05b3376c1e3a6d83,6,2020,2025,0.5979105424796628,0.23906725417568042,0.477689638076351,0.8528095474888115,144.5
siga,Java,0617cdb73256186b,6,2020,2025,0.08173445002616841,0.003689014869895979,0.08081308874566187,0.10047095761381476,12.0
siga,Java,0627a6155dd304b2,6,2020,2025,0.45316605225548034,0.11087290944352607,0.2413657770800628,0.5831837223219629,82.0
siga,Java,0634bc08c274ac92,6,2020,2025,0.6005129350846945,0.2650936389866455,0.25824175824175827,0.8135256091496768,38.5
siga,Java,063b520ca3c25a67,5,2021,2025,0.4286424664346096,0.10892323387687597,0.2336923997606224,0.5002478929102627,101.0
siga,Java,0654e29246c01feb,6,2020,2025,0.08173445002616841,0.003689014869895979,0.08081308874566187,0.10047095761381476,126.0
siga,Java,067f667c8c01470e,4,2022,2025,0.5086541301821654,0.057160094076483925,0.477689638076351,0.6558925907508703,79.0
siga,Java,0701d37a124c4ecc,5,2021,2025,0.35770946950917204,0.00580759085828203,0.35703630034808553,0.3635547576301616,18.0
siga,Java,07175b6314fbeac9,3,2023,2025,0.44348041646008923,0.0004572644209944188,0.44256588761810045,0.44348041646008923,28.0
siga,Java,071863e9d182c7d3,6,2020,2025,0.4598024328529322,0.06264767246844921,0.36876640419947504,0.5170556552962298,28.0
siga,Java,072bb7b94c88f35e,6,2020,2025,0.08173445002616841,0.003689014869895979,0.08081308874566187,0.10047095761381476,127.0
siga,Java,074f79a83a1f8f55,6,2020,2025,0.39870443531704236,0.19221191130599985,0.2336923997606224,0.5002478929102627,138.0
siga,Java,0757e8ca04ede45c,6,2020,2025,0.45316605225548034,0.11087290944352607,0.2336923997606224,0.7570643642072213,116.0
siga,Java,075f93794efb39ab,4,2022,2025,0.44348041646008923,0.0057002757797990355,0.4286424664346096,0.45144356955380577,33.0
siga,Java,076974a4b49ad869,5,2021,2025,0.477689638076351,0.0716054264756531,0.36876640419947504,0.5831837223219629,38.0
siga,Java,07713078222664e4,5,2021,2025,0.35770946950917204,0.00580759085828203,0.35703630034808553,0.3635547576301616,14.0
siga,Java,0781f859494c3ab0,6,2020,2025,0.3044906217479506,0.1073502170224977,0.21585557299843014,0.35770946950917204,39.5
siga,Java,07bc72601f7f8566,3,2023,2025,0.5002478929102627,0.05367134207569818,0.477689638076351,0.5850323222277474,31.0
siga,Java,07c801a0d9833adf,6,2020,2025,0.39870443531704236,0.19221191130599985,0.2336923997606224,0.5002478929102627,44.0
siga,Java,07cccac57c933672,6,2020,2025,0.3573728849286288,0.08742606161210353,0.2336923997606224,0.36351706036745407,15.0
siga,Java,07e576a81a9f10cf,2,2024,2025,0.24739712444224096,0.0,0.24739712444224096,0.24739712444224096,22.0
siga,Java,07e8ed44f57e69af,5,2021,2025,0.24739712444224096,0.0022091747703574527,0.2473893585280955,0.2519449431478157,28.0
siga,Java,080c6ac372e4c881,5,2021,2025,0.24739712444224096,0.0022091747703574527,0.2473893585280955,0.2519449431478157,40.0
siga,Java,084d941f2ef314e7,5,2021,2025,0.35770946950917204,0.00580759085828203,0.35703630034808553,0.3635547576301616,25.0
siga,Java,086e5497bd2c38d2,6,2020,2025,0.45316605225548034,0.10362262555360768,0.2336923997606224,0.5002478929102627,37.0
siga,Java,086e61069270ba22,6,2020,2025,0.48896876549330687,0.10154389912584882,0.36876640419947504,0.5831837223219629,44.0
siga,Java,08f5c8dad0d66235,6,2020,2025,0.39870443531704236,0.19221191130599985,0.2336923997606224,0.5002478929102627,64.0
siga,Java,09085a81f27bf9c4,6,2020,2025,0.08173445002616841,0.003689014869895979,0.08081308874566187,0.10047095761381476,336.0
siga,Java,0912e764f1022a68,6,2020,2025,0.08173445002616841,0.003689014869895979,0.08081308874566187,0.10047095761381476,8.0
siga,Java,0923e736a8794627,4,2022,2025,0.44348041646008923,0.0057002757797990355,0.4286424664346096,0.45144356955380577,45.0
siga,Java,092fb026d11d0dae,6,2020,2025,0.08173445002616841,0.003689014869895979,0.08081308874566187,0.10047095761381476,76.0
siga,Java,093728217c118940,6,2020,2025,0.08173445002616841,0.003689014869895979,0.08081308874566187,0.10047095761381476,6.0
siga,Java,095fc792638d9d34,4,2022,2025,0.48896876549330687,0.06638537110470782,0.4286424664346096,0.626509186351706,41.0
siga,Java,0985e559e6941422,6,2020,2025,0.43606144144734943,0.05345088305394857,0.36876640419947504,0.4542190305206463,36.0
siga,Java,098863a5e2a17621,6,2020,2025,0.39870443531704236,0.19221191130599985,0.2336923997606224,0.5002478929102627,82.0
siga,Java,09bf3adf9c973031,6,2020,2025,0.48896876549330687,0.12154550562399291,0.36876640419947504,0.6126373626373627,72.0
siga,Java,09d33149cc7450c3,6,2020,2025,0.45316605225548034,0.10362262555360768,0.2336923997606224,0.5002478929102627,27.0
siga,Java,09d650e1f87764a8,6,2020,2025,0.24739712444224096,0.0016627055133772162,0.2336923997606224,0.25824175824175827,15.0
siga,Java,0a0e4c880aeae97b,6,2020,2025,0.39870443531704236,0.19221191130599985,0.2336923997606224,0.5002478929102627,41.0
siga,Java,0a1b856ab0968c95,6,2020,2025,0.45316605225548034,0.11087290944352607,0.2336923997606224,0.6126373626373627,88.0
siga,Java,0a2ae1fafe7d1db0,5,2021,2025,0.24739712444224096,0.0022091747703574527,0.2473893585280955,0.2519449431478157,27.0
siga,Java,0a3e24ec3c1e03b8,6,2020,2025,0.08173445002616841,0.003689014869895979,0.08081308874566187,0.10047095761381476,49.0
siga,Java,0a836f64f73d69e1,5,2021,2025,0.44348041646008923,0.007963153093716535,0.44256588761810045,0.4542190305206463,48.0
siga,Java,0ab5f446292214b4,5,2021,2025,0.44348041646008923,0.014837950025479607,0.36876640419947504,0.4542190305206463,22.0
siga,Java,0ac968ec30b68328,6,2020,2025,0.39870443531704236,0.19221191130599985,0.2336923997606224,0.5002478929102627,73.0
siga,Java,0af3d2ad053b67e9,5,2021,2025,0.477689638076351,0.0716054264756531,0.36876640419947504,0.5831837223219629,87.0
siga,Java,0af5bc430618e4b2,6,2020,2025,0.45316605225548034,0.11087290944352607,0.2413657770800628,0.8818073010173548,163.0
siga,Java,0afbef08f812f2c4,6,2020,2025,0.08173445002616841,0.003689014869895979,0.08081308874566187,0.10047095761381476,43.0
siga,Java,0b2d8c2b98f70156,3,2023,2025,0.477689638076351,0.03580271323782652,0.4286424664346096,0.5002478929102627,141.0
siga,Java,0b43eb013b76e5e0,3,2023,2025,0.477689638076351,0.03580271323782652,0.4286424664346096,0.5002478929102627,98.0
siga,Java,0b85283804cbd1f9,5,2021,2025,0.44348041646008923,0.000914528841988782,0.36876640419947504,0.5170556552962298,32.0
siga,Java,0ba79713ed27cde6,6,2020,2025,0.08173445002616841,0.003689014869895979,0.08081308874566187,0.10047095761381476,7.0
siga,Java,0bad8647007f94e2,4,2022,2025,0.24739712444224096,0.000554235171125711,0.2473893585280955,0.24960629921259841,12.0
siga,Java,0bc1413d8e83de96,1,2020,2020,0.2413657770800628,0.0,0.2413657770800628,0.2413657770800628,24.0
siga,Java,0bec951fd9b624f1,5,2021,2025,0.35770946950917204,0.00580759085828203,0.35703630034808553,0.3635547576301616,18.0
siga,Java,0c013b1f1717afb5,6,2020,2025,0.3573728849286288,0.033854633040674986,0.2336923997606224,0.36351706036745407,31.0
siga,Java,0c07fe4186e06c02,6,2020,2025,0.45316605225548034,0.11087290944352607,0.2413657770800628,0.7301017354877319,71.0
siga,Java,0c1c5a3a19596873,6,2020,2025,0.08173445002616841,0.003689014869895979,0.08081308874566187,0.10047095761381476,113.0
siga,Java,0c2ee35a29548802,3,2023,2025,0.5002478929102627,0.03601843307520086,0.477689638076351,0.5497265042267528,23.0
siga,Java,0c4b343f4ac76270,1,2020,2020,0.10047095761381476,0.0,0.10047095761381476,0.10047095761381476,9.0
siga,Java,0c815adc6107b735,6,2020,2025,0.08173445002616841,0.003689014869895979,0.08081308874566187,0.10047095761381476,4.0
siga,Java,0c83e8849b777ed4,6,2020,2025,0.45316605225548034,0.11087290944352607,0.2336923997606224,0.6126373626373627,45.0
siga,Java,0ca58e2a86bf902c,6,2020,2025,0.08173445002616841,0.003689014869895979,0.08081308874566187,0.10047095761381476,19.0
siga,Java,0cbe3afd5cdbb3de,4,2022,2025,0.44348041646008923,0.0057002757797990355,0.4286424664346096,0.45144356955380577,26.0
siga,Java,0cdd1f58170a5cbf,5,2021,2025,0.5002478929102627,0.30971193672679864,0.4286424664346096,0.8818073010173548,168.0
siga,Java,0cdf403c1faafe50,6,2020,2025,0.45316605225548034,0.11087290944352607,0.2336923997606224,0.7955259026687598,264.0
siga,Java,0cdf5b617c7323ea,6,2020,2025,0.45316605225548034,0.11087290944352607,0.2336923997606224,0.6126373626373627,60.0
siga,Java,0d177929d6d1d277,6,2020,2025,0.48896876549330687,0.2808021408840906,0.36876640419947504,0.8363255535607421,286.0
siga,Java,0d1e9fed7a494409,6,2020,2025,0.08173445002616841,0.003689014869895979,0.08081308874566187,0.10047095761381476,11.0
siga,Java,0d4ea2f6887f2dfd,6,2020,2025,0.48896876549330687,0.10154389912584882,0.2336923997606224,0.626509186351706,48.0
siga,Java,0d61093d660159d4,4,2022,2025,0.48896876549330687,0.1120546624432906,0.4286424664346096,0.8091863517060367,114.0
siga,Java,0d66536c2f409901,4,2022,2025,0.48896876549330687,0.050834190002345736,0.4286424664346096,0.5643044619422573,50.0
siga,Java,0d7cfcfee1bf9861,5,2021,2025,0.08105420188960716,0.001601609417067787,0.08081308874566187,0.08527827648114901,22.0
siga,Java,0d9383c081b930ed,4,2022,2025,0.08093364531763451,0.0005812372122259157,0.08081308874566187,0.08241469816272966,10.0
siga,Java,0e0c5b8bd61cd711,6,2020,2025,0.08173445002616841,0.003689014869895979,0.08081308874566187,0.10047095761381476,9.0
siga,Java,0e6007676c134f1d,2,2020,2021,0.41227474970101285,0.17090897262095006,0.2413657770800628,0.5831837223219629,154.0
siga,Java,0e600a43f83325a0,6,2020,2025,0.43606144144734943,0.05974499670183053,0.2413657770800628,0.4542190305206463,26.0
siga,Java,0e6486668eea4bc5,5,2021,2025,0.35770946950917204,0.00580759085828203,0.35703630034808553,0.3635547576301616,19.0
siga,Java,0e698f03b218bd9a,6,2020,2025,0.48896876549330687,0.10154389912584882,0.36876640419947504,0.5831837223219629,49.0
siga,Java,0e868c90bd10babd,4,2022,2025,0.48896876549330687,0.050834190002345736,0.4286424664346096,0.5643044619422573,45.0
siga,Java,0e8c61ee398a141e,6,2020,2025,0.08173445002616841,0.003689014869895979,0.08081308874566187,0.10047095761381476,6.0
siga,Java,0ead47eb07d9ca86,1,2020,2020,0.2413657770800628,0.0,0.2413657770800628,0.2413657770800628,60.0
siga,Java,0ee3e61717ecfc21,1,2020,2020,0.2413657770800628,0.0,0.2413657770800628,0.2413657770800628,120.0
siga,Java,0efc28abc5f314c1,6,2020,2025,0.45316605225548034,0.11087290944352607,0.2336923997606224,0.6126373626373627,115.0
siga,Java,0f5c73333bd66f50,4,2022,2025,0.48896876549330687,0.050834190002345736,0.4286424664346096,0.5643044619422573,33.0
siga,Java,0f6b2a496ddcb427,4,2022,2025,0.48896876549330687,0.09026988554040344,0.4286424664346096,0.7220472440944882,60.0
siga,Java,0f9e453eaa5da647,4,2022,2025,0.24739712444224096,0.000554235171125711,0.2473893585280955,0.24960629921259841,8.0
siga,Java,1002f6e5937c354e,5,2021,2025,0.35770946950917204,0.00580759085828203,0.35703630034808553,0.3635547576301616,41.0
siga,Java,1007de6d47383344,6,2020,2025,0.40290051108229696,0.06890648687161699,0.2336923997606224,0.44348041646008923,55.0
siga,Java,100e6e24a8f5040a,6,2020,2025,0.35770946950917204,0.004860570014526444,0.31279434850863425,0.3635547576301616,24.0
siga,Java,102582125da34df9,6,2020,2025,0.39870443531704236,0.19221191130599985,0.2336923997606224,0.5002478929102627,46.0
siga,Java,102e370bc26dc78d,1,2020,2020,0.2413657770800628,0.0,0.2413657770800628,0.2413657770800628,338.0
siga,Java,104cdba6a3de369c,5,2021,2025,0.5002478929102627,0.3586359154843911,0.36876640419947504,0.8940825459970164,292.0
siga,Java,10739957b546b71a,4,2022,2025,0.48896876549330687,0.050834190002345736,0.4286424664346096,0.5643044619422573,45.0
siga,Java,1074bdfe32fc730d,6,2020,2025,0.9578759006111669,0.3598743973986258,0.477689638076351,0.9798607657881651,597.5
siga,Java,107d889faf02d9f1,5,2021,2025,0.24739712444224096,0.0022091747703574527,0.2473893585280955,0.2519449431478157,20.0
siga,Java,108b3eac36395a13,5,2021,2025,0.7471492315319782,0.2549884924877026,0.4286424664346096,0.7643044619422572,212.0
siga,Java,1092523bcb200b02,4,2022,2025,0.48896876549330687,0.13128038422806748,0.4286424664346096,0.8860892388451443,148.0
siga,Java,10a2d6f0fffd3758,4,2022,2025,0.24739712444224096,0.000554235171125711,0.2473893585280955,0.24960629921259841,21.0
siga,Java,10cc7ddff321d8b2,6,2020,2025,0.3573728849286288,0.033854633040674986,0.2336923997606224,0.36351706036745407,18.0
siga,Java,10f82620cfdfd9af,4,2022,2025,0.48896876549330687,0.050834190002345736,0.4286424664346096,0.5643044619422573,45.0
siga,Java,113f3f725e71de0d,5,2021,2025,0.08105420188960716,0.001601609417067787,0.08081308874566187,0.08527827648114901,9.0
siga,Java,116f829e50f4982f,6,2020,2025,0.08173445002616841,0.003689014869895979,0.08081308874566187,0.10047095761381476,4.0
siga,Java,11898f2e6c761d2e,1,2020,2020,0.2413657770800628,0.0,0.2413657770800628,0.2413657770800628,96.0
siga,Java,11c37cce6b05bffa,3,2023,2025,0.477689638076351,0.03580271323782652,0.4286424664346096,0.5002478929102627,198.0
siga,Java,11d3e1868758dff2,5,2021,2025,0.44348041646008923,0.007963153093716535,0.4286424664346096,0.4542190305206463,74.0
siga,Java,11dcd8dfe775e2cb,1,2020,2020,0.2413657770800628,0.0,0.2413657770800628,0.2413657770800628,34.0
siga,Java,11f0c5a85348db34,6,2020,2025,0.08173445002616841,0.003689014869895979,0.08081308874566187,0.10047095761381476,52.0
siga,Java,124b77d75c3e5d8b,6,2020,2025,0.08173445002616841,0.003689014869895979,0.08081308874566187,0.10047095761381476,6.0
siga,Java,125c3cccef5673c2,6,2020,2025,0.45316605225548034,0.10362262555360768,0.2336923997606224,0.5002478929102627,24.0
siga,Java,12627add886cc61f,6,2020,2025,0.08173445002616841,0.003689014869895979,0.08081308874566187,0.10047095761381476,203.0
siga,Java,12a5143daa3e437a,6,2020,2025,0.8448042243328882,0.33706544940789496,0.477689638076351,0.9299212598425197,417.0
siga,Java,12d59718856ccdad,6,2020,2025,0.3573728849286288,0.08742606161210353,0.2336923997606224,0.36351706036745407,35.0
siga,Java,13127e9b34b2c5e3,6,2020,2025,0.39870443531704236,0.19221191130599985,0.2336923997606224,0.5002478929102627,27.0
siga,Java,1316186b4d2f22f8,6,2020,2025,0.39870443531704236,0.19221191130599985,0.2336923997606224,0.5002478929102627,50.0
siga,Java,13218364c2d93506,4,2022,2025,0.48896876549330687,0.14223838947741135,0.4286424664346096,0.9299212598425197,674.0
siga,Java,13655604dd136822,3,2023,2025,0.35770946950917204,0.00033658458054325324,0.35703630034808553,0.35770946950917204,18.0
siga,Java,13846db451720da1,6,2020,2025,0.39870443531704236,0.19221191130599985,0.2336923997606224,0.5002478929102627,22.0
siga,Java,139d723d38c3c7ad,6,2020,2025,0.39870443531704236,0.1665549950938035,0.2336923997606224,0.44348041646008923,14.0
siga,Java,139f469ea7eeca44,6,2020,2025,0.39870443531704236,0.19221191130599985,0.2336923997606224,0.5002478929102627,42.0
siga,Java,13e96824422e95ca,4,2022,2025,0.24739712444224096,0.000554235171125711,0.2473893585280955,0.24960629921259841,12.0
siga,Java,13f0f0b8afa302ef,6,2020,2025,0.45316605225548034,0.11087290944352607,0.2336923997606224,0.6126373626373627,96.0
siga,Java,145f05e97f7b2bb4,6,2020,2025,0.45316605225548034,0.10362262555360768,0.2336923997606224,0.5002478929102627,51.0
siga,Java,147378cb77906e10,6,2020,2025,0.48896876549330687,0.14363573586054268,0.2336923997606224,0.7958005249343832,83.0
siga,Java,1481621c749eeb01,5,2021,2025,0.44348041646008923,0.014837950025479607,0.36876640419947504,0.4542190305206463,18.0
siga,Java,14c41273c384511f,5,2021,2025,0.44348041646008923,0.007963153093716535,0.4286424664346096,0.4542190305206463,29.0
siga,Java,14e0e5c25f890f37,6,2020,2025,0.48896876549330687,0.32570918756044154,0.2336923997606224,0.8940825459970164,188.5
siga,Java,15207cc3c1c1b9cc,6,2020,2025,0.3573728849286288,0.08742606161210353,0.2336923997606224,0.36351706036745407,15.0
siga,Java,1538aaab0fe77552,6,2020,2025,0.08173445002616841,0.003689014869895979,0.08081308874566187,0.10047095761381476,177.5
siga,Java,1567db1e331064b6,4,2022,2025,0.08093364531763451,0.0005812372122259157,0.08081308874566187,0.08241469816272966,47.0
siga,Java,158ead7906d2bb23,6,2020,2025,0.39870443531704236,0.19221191130599985,0.2336923997606224,0.5002478929102627,24.0
siga,Java,15bf9a9a73a02d81,3,2023,2025,0.477689638076351,0.03580271323782652,0.4286424664346096,0.5002478929102627,119.0
siga,Java,15e5519c9d27bb5a,6,2020,2025,0.08173445002616841,0.003689014869895979,0.08081308874566187,0.10047095761381476,104.0
siga,Java,15f079e60a5ebeb4,6,2020,2025,0.08173445002616841,0.003689014869895979,0.08081308874566187,0.10047095761381476,133.0
siga,Java,15f998ca3c11904d,6,2020,2025,0.24739712444224096,0.0016627055133772162,0.2336923997606224,0.25824175824175827,12.0
siga,Java,16023a1cec8a3a13,5,2021,2025,0.24739712444224096,0.0022091747703574527,0.2473893585280955,0.2519449431478157,33.0
siga,Java,165c40fa6a47d32b,5,2021,2025,0.477689638076351,0.0716054264756531,0.36876640419947504,0.5170556552962298,32.0
siga,Java,1676ea3ff7614288,5,2021,2025,0.24739712444224096,0.0022091747703574527,0.2473893585280955,0.2519449431478157,32.0
siga,Java,1698877c672fe114,4,2022,2025,0.48896876549330687,0.10385256270575777,0.4286424664346096,0.7763779527559055,91.0
siga,Java,16cf26d75a32b81d,6,2020,2025,0.39870443531704236,0.19221191130599985,0.2336923997606224,0.5002478929102627,48.0
siga,Java,16dbd9a510e5a790,5,2021,2025,0.35770946950917204,0.00580759085828203,0.35703630034808553,0.3635547576301616,18.0
siga,Java,16f373b61ef03c5d,6,2020,2025,0.39870443531704236,0.1665549950938035,0.2336923997606224,0.44348041646008923,11.0
siga,Java,170ea7f5dd61be1d,6,2020,2025,0.9022458797080495,0.3456632909224927,0.477689638076351,0.9495275982098459,322.5
siga,Java,17220ce0cb92a0ad,5,2021,2025,0.477689638076351,0.0716054264756531,0.36876640419947504,0.7543387193297427,60.0
siga,Java,173f113b9c4dbe6a,6,2020,2025,0.45316605225548034,0.20642337978308528,0.2336923997606224,0.8091863517060367,111.0
siga,Java,173fa872a8717859,3,2023,2025,0.477689638076351,0.03580271323782652,0.4286424664346096,0.5002478929102627,203.0
siga,Java,1752f9108deb8707,6,2020,2025,0.08173445002616841,0.003689014869895979,0.08081308874566187,0.10047095761381476,107.0
siga,Java,1754c4626e292d62,6,2020,2025,0.17328335884916424,0.006661094583956084,0.17203767972235995,0.21585557299843014,6.0
siga,Java,182cbdffe6a8709c,6,2020,2025,0.5417158076161128,0.24439373036552048,0.36876640419947504,0.8065638985579314,111.0
siga,Java,182f733ca1630a3c,6,2020,2025,0.08173445002616841,0.003689014869895979,0.08081308874566187,0.10047095761381476,91.0
siga,Java,1831b8d434121d58,4,2022,2025,0.08093364531763451,0.0005812372122259157,0.08081308874566187,0.08241469816272966,15.0
siga,Java,1834ddb4293ec5f7,6,2020,2025,0.39870443531704236,0.19221191130599985,0.2336923997606224,0.5002478929102627,102.0
siga,Java,18a30da4a48da136,3,2023,2025,0.17203767972235995,0.0002566449722362363,0.17203767972235995,0.17255096966683242,67.0
siga,Java,18a335822fbba3ef,5,2021,2025,0.44348041646008923,0.014837950025479607,0.36876640419947504,0.4542190305206463,21.0
siga,Java,18aa03afeda05dce,5,2021,2025,0.24739712444224096,0.0022091747703574527,0.2473893585280955,0.2519449431478157,46.0
siga,Java,18ae1cdf117f6eae,5,2021,2025,0.08105420188960716,0.001601609417067787,0.08081308874566187,0.08527827648114901,3.0
siga,Java,18c742e0f1ca99b5,6,2020,2025,0.5417158076161128,0.252844650227785,0.2413657770800628,0.805511811023622,84.0
siga,Java,18d52f3583541057,6,2020,2025,0.49541437031698377,0.056444410909440856,0.36876640419947504,0.5583482944344704,65.0
siga,Java,18e55a175a9f875e,6,2020,2025,0.45316605225548034,0.10362262555360768,0.2336923997606224,0.5002478929102627,20.0
siga,Java,18e8b1d03c28821b,6,2020,2025,0.45316605225548034,0.11087290944352607,0.2336923997606224,0.6126373626373627,391.0
siga,Java,1907f5cc87adb745,6,2020,2025,0.360613264938313,0.005835863805312647,0.35703630034808553,0.3771585557299843,63.0
siga,Java,19577e28718f6ebb,3,2023,2025,0.35770946950917204,0.00033658458054325324,0.35703630034808553,0.35770946950917204,15.0
siga,Java,198b46aa8d488979,5,2021,2025,0.35770946950917204,0.00580759085828203,0.35703630034808553,0.3635547576301616,18.0
siga,Java,198bdab1daac19f3,6,2020,2025,0.39870443531704236,0.19221191130599985,0.2336923997606224,0.5002478929102627,100.0
siga,Java,19cf59cef344e128,1,2020,2020,0.7452904238618524,0.0,0.7452904238618524,0.7452904238618524,130.0
siga,Java,19d0750a71912031,6,2020,2025,0.39870443531704236,0.19221191130599985,0.2336923997606224,0.5002478929102627,29.0
siga,Java,19f864b6f7cd4c1b,5,2021,2025,0.35770946950917204,0.00580759085828203,0.35703630034808553,0.3635547576301616,18.0
siga,Java,1a004e36dd3b7a97,6,2020,2025,0.08173445002616841,0.003689014869895979,0.08081308874566187,0.10047095761381476,4.0
siga,Java,1a1f41da9b352a4b,5,2021,2025,0.8091863517060367,0.3806571294666642,0.477689638076351,0.8833034111310593,180.0
siga,Java,1a2f6b2dccf445f2,5,2021,2025,0.44348041646008923,0.007963153093716535,0.4286424664346096,0.4542190305206463,20.0
siga,Java,1a53702ece1764aa,2,2020,2021,0.2375290884203426,0.0038366886597202,0.2336923997606224,0.2413657770800628,200.0
siga,Java,1a8677da562736a1,5,2021,2025,0.477689638076351,0.0716054264756531,0.36876640419947504,0.5583482944344704,41.0
siga,Java,1a88bfbf95d5dfd5,6,2020,2025,0.9465971931280843,0.3465092872657033,0.2413657770800628,0.9727317798710957,387.5
siga,Java,1a893a5f43a6c035,6,2020,2025,0.45316605225548034,0.10362262555360768,0.2336923997606224,0.5002478929102627,21.0
siga,Java,1a960cc0e8355511,5,2021,2025,0.477689638076351,0.0716054264756531,0.36876640419947504,0.5170556552962298,21.0
siga,Java,1a9cd6f25e83ff64,6,2020,2025,0.08173445002616841,0.003689014869895979,0.08081308874566187,0.10047095761381476,24.0
siga,Java,1aab66134a00bdf9,6,2020,2025,0.15737330082511478,0.4352616638347241,0.08081308874566187,0.673490813648294,106.0
siga,Java,1ab5a74b9b053fe6,5,2021,2025,0.24739712444224096,0.0022091747703574527,0.2473893585280955,0.2519449431478157,24.0
siga,Java,1ae2c0f388618389,6,2020,2025,0.48896876549330687,0.12154550562399291,0.2413657770800628,0.6511811023622047,34.0
siga,Java,1ae70deff6ab1a45,6,2020,2025,0.48896876549330687,0.3349622664727876,0.36876640419947504,0.90754039497307,219.0
siga,Java,1b0d5bd81711afd0,6,2020,2025,0.08173445002616841,0.003689014869895979,0.08081308874566187,0.10047095761381476,723.0
siga,Java,1b139276e576bbf9,1,2020,2020,0.5565149136577708,0.0,0.5565149136577708,0.5565149136577708,26.0
siga,Java,1b2112ec7d52d5a9,5,2021,2025,0.24739712444224096,0.0022091747703574527,0.2473893585280955,0.2519449431478157,20.0
siga,Java,1b43b11d62321e42,6,2020,2025,0.24739324148516822,0.004525452000169988,0.2336923997606224,0.24960629921259841,11.0
siga,Java,1b78f0bd947a8185,6,2020,2025,0.08173445002616841,0.003689014869895979,0.08081308874566187,0.10047095761381476,9.0
siga,Java,1be7f3a0f5fd22f7,5,2021,2025,0.24739712444224096,0.0022091747703574527,0.2473893585280955,0.2519449431478157,42.0
siga,Java,1c0d0a7830b75316,6,2020,2025,0.6478868977895113,0.38611418338012327,0.36876640419947504,0.9491322561340515,243.0
siga,Java,1c1dbd59670392ca,5,2021,2025,0.44348041646008923,0.007963153093716535,0.4286424664346096,0.4542190305206463,34.0
siga,Java,1c4fe7fb357fdf54,5,2021,2025,0.5002478929102627,0.10549408424561191,0.4286424664346096,0.6511811023622047,47.0
siga,Java,1c7d32d9616fdff0,5,2021,2025,0.5002478929102627,0.02778027738859179,0.36876640419947504,0.5170556552962298,38.0
siga,Java,1c932859f1a2570c,5,2021,2025,0.24739712444224096,0.0022091747703574527,0.2473893585280955,0.2519449431478157,19.0
siga,Java,1c989f2c8d4f126b,6,2020,2025,0.2485017118274197,0.003963157721770388,0.2473893585280955,0.25824175824175827,28.0
siga,Java,1c9e645b9dd18eb2,4,2022,2025,0.48896876549330687,0.11782894065851363,0.4286424664346096,0.8322834645669291,93.0
siga,Java,1ca1b4507c5f7b5a,4,2022,2025,0.48896876549330687,0.0390231663802984,0.4286424664346096,0.5170603674540682,56.0
siga,Java,1cd747d16787a691,3,2023,2025,0.08081308874566187,0.00012055657197264369,0.08081308874566187,0.08105420188960716,4.0
siga,Java,1cf086d6d180cf22,6,2020,2025,0.35770946950917204,0.004860570014526444,0.31279434850863425,0.3635547576301616,18.0
siga,Java,1d0ca3c8a900536e,5,2021,2025,0.24739712444224096,0.0022091747703574527,0.2473893585280955,0.2519449431478157,38.0
siga,Java,1df971140b5bf0b8,6,2020,2025,0.24739712444224096,0.0016627055133772162,0.2413657770800628,0.2519449431478157,56.0
siga,Java,1e0043d6bfd73cbf,6,2020,2025,0.17328335884916424,0.006661094583956084,0.17203767972235995,0.21585557299843014,8.0
siga,Java,1e0e704d4c5788cf,6,2020,2025,0.39870443531704236,0.19221191130599985,0.2336923997606224,0.5002478929102627,99.0
siga,Java,1e46d19e1303dfda,6,2020,2025,0.45316605225548034,0.11087290944352607,0.2336923997606224,0.6102825745682888,116.0
siga,Java,1e8b941aed371ffe,5,2021,2025,0.35770946950917204,0.00580759085828203,0.35703630034808553,0.3635547576301616,18.0
siga,Java,1ea97ec9eb84b781,6,2020,2025,0.39870443531704236,0.19221191130599985,0.2336923997606224,0.5002478929102627,33.0
siga,Java,1ebe59708c1adb70,6,2020,2025,0.48896876549330687,0.12154550562399291,0.36876640419947504,0.783359497645212,127.0
siga,Java,1ec23a8de7b40211,2,2020,2021,0.09287461704748189,0.0075963405663328765,0.08527827648114901,0.10047095761381476,4.0
siga,Java,1ef8a4ca2cdc64b1,2,2020,2021,0.09287461704748189,0.0075963405663328765,0.08527827648114901,0.10047095761381476,723.0
siga,Java,1efdd82600e6a758,4,2022,2025,0.53227617742626,0.07487809781184496,0.477689638076351,0.5850323222277474,53.0
siga,Java,1f0e83ec5777a887,6,2020,2025,0.39870443531704236,0.19221191130599985,0.2336923997606224,0.5002478929102627,13.0
siga,Java,1f53b265e8d92030,6,2020,2025,0.48896876549330687,0.12154550562399291,0.36876640419947504,0.6126373626373627,108.0
siga,Java,1f5c606aff822b03,5,2021,2025,0.24739712444224096,0.0022091747703574527,0.2473893585280955,0.2519449431478157,14.0
siga,Java,1f635a655708efde,6,2020,2025,0.08173445002616841,0.003689014869895979,0.08081308874566187,0.10047095761381476,67.0
siga,Java,1f807089f80372df,5,2021,2025,0.08105420188960716,0.001601609417067787,0.08081308874566187,0.08527827648114901,3.0
siga,Java,1fa2fa237ab5e64b,6,2020,2025,0.45316605225548034,0.11087290944352607,0.2336923997606224,0.6126373626373627,73.0
siga,Java,1fbcd443fe70077d,4,2022,2025,0.08093364531763451,0.0005812372122259157,0.08081308874566187,0.08241469816272966,14.0
siga,Java,20107b476753bb9e,6,2020,2025,0.45316605225548034,0.11087290944352607,0.2336923997606224,0.5255102040816326,31.0
siga,Java,2011f6b2725de05c,6,2020,2025,0.3573728849286288,0.033854633040674986,0.2336923997606224,0.36351706036745407,16.0
siga,Java,2078d504bf8396fb,6,2020,2025,0.39870443531704236,0.19221191130599985,0.2336923997606224,0.5002478929102627,76.0
siga,Java,20a10e4604a624ee,6,2020,2025,0.45316605225548034,0.11087290944352607,0.2413657770800628,0.5831837223219629,106.0
siga,Java,20ac9e8fa32130eb,6,2020,2025,0.48896876549330687,0.32570918756044154,0.2336923997606224,0.943063152660368,373.0
siga,Java,20b07f84d2e26583,6,2020,2025,0.39870443531704236,0.19221191130599985,0.2336923997606224,0.5002478929102627,35.0
siga,Java,20b8abb1e5a0e9ad,6,2020,2025,0.39870443531704236,0.19221191130599985,0.2336923997606224,0.5002478929102627,24.0
siga,Java,20cc61f59fd8367f,6,2020,2025,0.5417158076161128,0.24998635202957076,0.4286424664346096,0.8803149606299212,96.0
siga,Java,20e6a1d54680a23e,5,2021,2025,0.5831837223219629,0.308938458795774,0.477689638076351,0.939830929885629,154.0
siga,Java,20f0b0fe1417ba28,5,2021,2025,0.477689638076351,0.0716054264756531,0.36876640419947504,0.5909634949132256,37.0
siga,Java,2137a7597ad60e47,5,2021,2025,0.477689638076351,0.0716054264756531,0.36876640419947504,0.7007779772591263,43.0
siga,Java,21756863096fc70b,6,2020,2025,0.45316605225548034,0.11087290944352607,0.2336923997606224,0.6126373626373627,136.0
siga,Java,21791eb3e240e203,6,2020,2025,0.08173445002616841,0.003689014869895979,0.08081308874566187,0.10047095761381476,298.0
siga,Java,218b92fa03282dc7,4,2022,2025,0.48896876549330687,0.059758074516781334,0.4286424664346096,0.6,54.0
siga,Java,21c01e28954e7b25,5,2021,2025,0.5002478929102627,0.10549408424561191,0.36876640419947504,0.6732968672302337,35.0
siga,Java,21d135f259307a9c,4,2022,2025,0.24739712444224096,0.000554235171125711,0.2473893585280955,0.24960629921259841,11.0
siga,Java,222e475470674db8,6,2020,2025,0.39870443531704236,0.19221191130599985,0.2336923997606224,0.5002478929102627,38.0
siga,Java,2231adcb4beb2bcc,5,2021,2025,0.08105420188960716,0.001601609417067787,0.08081308874566187,0.08527827648114901,5.0
siga,Java,2237419559d2e9f4,6,2020,2025,0.08173445002616841,0.003689014869895979,0.08081308874566187,0.10047095761381476,22.0
siga,Java,224b88b4b17acc80,6,2020,2025,0.08173445002616841,0.003689014869895979,0.08081308874566187,0.10047095761381476,330.0
siga,Java,227412b02d37dd6a,4,2022,2025,0.24739712444224096,0.000554235171125711,0.2473893585280955,0.24960629921259841,18.0
siga,Java,228194236d34b02a,6,2020,2025,0.08173445002616841,0.003689014869895979,0.08081308874566187,0.10047095761381476,333.5
siga,Java,231920138aa3b293,6,2020,2025,0.17328335884916424,0.006661094583956084,0.17203767972235995,0.21585557299843014,6.0
siga,Java,231e8c7c6bdee192,5,2021,2025,0.35770946950917204,0.00580759085828203,0.35703630034808553,0.3635547576301616,44.0
siga,Java,235807c32cae3265,5,2021,2025,0.35770946950917204,0.00580759085828203,0.35703630034808553,0.3635547576301616,45.0
siga,Java,237f3ac1e199be89,6,2020,2025,0.45316605225548034,0.11087290944352607,0.2336923997606224,0.6102825745682888,37.0
siga,Java,23897e9f7aa7e37e,6,2020,2025,0.39870443531704236,0.19221191130599985,0.2336923997606224,0.5002478929102627,69.0
siga,Java,23a8f27098fc3535,6,2020,2025,0.39870443531704236,0.1665549950938035,0.2336923997606224,0.44348041646008923,58.0
siga,Java,23aab0ee3ab3d3de,6,2020,2025,0.48413524290002796,0.10183391894492921,0.2336923997606224,0.5850323222277474,86.0
siga,Java,23b37cbced107e9f,6,2020,2025,0.08173445002616841,0.003689014869895979,0.08081308874566187,0.10047095761381476,9.0
siga,Java,23b7df6401b6a434,6,2020,2025,0.40290051108229696,0.06890648687161699,0.2336923997606224,0.44348041646008923,12.0
siga,Java,23e516d21fcfc2e5,4,2022,2025,0.24739712444224096,0.000554235171125711,0.2473893585280955,0.24960629921259841,12.0
siga,Java,240ea5a6bd6f9465,6,2020,2025,0.39870443531704236,0.19221191130599985,0.2336923997606224,0.5002478929102627,113.0
siga,Java,242e0685315264e1,6,2020,2025,0.45316605225548034,0.11087290944352607,0.2336923997606224,0.6126373626373627,213.0
siga,Java,24795de3f6822e30,5,2021,2025,0.477689638076351,0.0716054264756531,0.36876640419947504,0.7301017354877319,62.0
siga,Java,2485063ab79753ef,5,2021,2025,0.35770946950917204,0.00580759085828203,0.35703630034808553,0.3635547576301616,30.0
siga,Java,24b79573618c935d,5,2021,2025,0.24739712444224096,0.0022091747703574527,0.2473893585280955,0.2519449431478157,36.0
siga,Java,24d35ec72230957c,6,2020,2025,0.39870443531704236,0.19221191130599985,0.2336923997606224,0.5002478929102627,58.0
siga,Java,24f5abc94d905bbe,6,2020,2025,0.48896876549330687,0.12154550562399291,0.36876640419947504,0.6126373626373627,231.0
siga,Java,252456ef2c70777e,1,2020,2020,0.2413657770800628,0.0,0.2413657770800628,0.2413657770800628,32.0
siga,Java,25467c33c2e48d2d,4,2022,2025,0.48896876549330687,0.12327513488423542,0.4286424664346096,0.8540682414698163,94.0
siga,Java,2548c7263fe8bee4,5,2021,2025,0.24739712444224096,0.0022091747703574527,0.2473893585280955,0.2519449431478157,18.0
siga,Java,254b7fcaa247216e,6,2020,2025,0.17328335884916424,0.006661094583956084,0.17203767972235995,0.21585557299843014,12.0
siga,Java,2560b29d1e84155a,4,2022,2025,0.48896876549330687,0.059758074516781334,0.4286424664346096,0.6,27.0
siga,Java,25bfbfcbb191b292,4,2022,2025,0.08093364531763451,0.0005812372122259157,0.08081308874566187,0.08241469816272966,10.0
siga,Java,26398d47c2a531f1,1,2020,2020,0.2413657770800628,0.0,0.2413657770800628,0.2413657770800628,72.0
siga,Java,266e7050c8dfbeca,4,2022,2025,0.24739712444224096,0.000554235171125711,0.2473893585280955,0.24960629921259841,11.0
siga,Java,26a45cbe077ede94,5,2021,2025,0.5002478929102627,0.19047313870402005,0.36876640419947504,0.7192938836399801,43.0
siga,Java,26cac9d351b94292,6,2020,2025,0.24739324148516822,0.004525452000169988,0.2336923997606224,0.24960629921259841,18.0
siga,Java,26cc2c46c2759787,6,2020,2025,0.45316605225548034,0.11087290944352607,0.2413657770800628,0.5831837223219629,235.0
siga,Java,2777a0258082d25a,2,2024,2025,0.24739712444224096,0.0,0.24739712444224096,0.24739712444224096,38.0
siga,Java,277f36e7f96b823d,6,2020,2025,0.39870443531704236,0.19221191130599985,0.2336923997606224,0.5002478929102627,50.0
siga,Java,27b070c7950995df,6,2020,2025,0.08173445002616841,0.003689014869895979,0.08081308874566187,0.10047095761381476,4.0
siga,Java,282da7b8c86b2a69,6,2020,2025,0.39870443531704236,0.19221191130599985,0.2336923997606224,0.5002478929102627,64.0
siga,Java,2846b4b1b4b09aec,4,2022,2025,0.48896876549330687,0.08639849446428799,0.4286424664346096,0.7065616797900263,56.0
siga,Java,286165af6764056f,4,2022,2025,0.48896876549330687,0.050834190002345736,0.4286424664346096,0.5643044619422573,45.0
siga,Java,287fb5b8ee946cc1,5,2021,2025,0.17255096966683242,0.001978068309136105,0.17203767972235995,0.18043087971274685,12.0
siga,Java,28b5532b50990977,6,2020,2025,0.24739324148516822,0.004525452000169988,0.2336923997606224,0.24960629921259841,15.0
siga,Java,28cc52173b57d169,5,2021,2025,0.477689638076351,0.0716054264756531,0.36876640419947504,0.7432675044883303,59.0
siga,Java,28d79d403e27ad89,6,2020,2025,0.39870443531704236,0.19221191130599985,0.2336923997606224,0.5002478929102627,44.0
siga,Java,28d8761e3b4e658c,5,2021,2025,0.24739712444224096,0.0022091747703574527,0.2473893585280955,0.2519449431478157,45.0
siga,Java,28e7735b22fab4a8,6,2020,2025,0.45316605225548034,0.11087290944352607,0.2413657770800628,0.5831837223219629,81.0
siga,Java,28f2f7d13d57664f,5,2021,2025,0.24739712444224096,7.76591414547445e-06,0.2336923997606224,0.24960629921259841,21.0
siga,Java,29380a3a80cd89be,5,2021,2025,0.24739712444224096,0.0022091747703574527,0.2473893585280955,0.2519449431478157,49.0
siga,Java,29381d5e2cabbea4,6,2020,2025,0.24739712444224096,0.0016627055133772162,0.2413657770800628,0.2519449431478157,10.0
siga,Java,2992b9cb74ececfb,6,2020,2025,0.17328335884916424,0.006661094583956084,0.17203767972235995,0.21585557299843014,11.0
siga,Java,29b8eba828188346,5,2021,2025,0.08105420188960716,0.001601609417067787,0.08081308874566187,0.08527827648114901,29.0
siga,Java,2a00125e51261b22,6,2020,2025,0.45316605225548034,0.11087290944352607,0.2336923997606224,0.5863422291993721,29.0
siga,Java,2a018f4389503072,6,2020,2025,0.08173445002616841,0.003689014869895979,0.08081308874566187,0.10047095761381476,3.0
siga,Java,2a040cdd41ffc50c,2,2020,2021,0.49785224820490276,0.2564864711248399,0.2413657770800628,0.7543387193297427,467.0
siga,Java,2a1c8f0c1b88aca4,5,2021,2025,0.24739712444224096,0.0022091747703574527,0.2473893585280955,0.2519449431478157,45.0
siga,Java,2a55abb7adfb8572,6,2020,2025,0.08173445002616841,0.003689014869895979,0.08081308874566187,0.10047095761381476,73.0
siga,Java,2a811662e697f931,6,2020,2025,0.7234783362316063,0.23347793346605283,0.477689638076351,0.8160104986876641,103.0
siga,Java,2a98f5aa6682f471,4,2022,2025,0.48896876549330687,0.059758074516781334,0.4286424664346096,0.6,31.0
siga,Java,2acfe4381026c583,1,2020,2020,0.2413657770800628,0.0,0.2413657770800628,0.2413657770800628,217.0
siga,Java,2ad39a1476a499cd,6,2020,2025,0.24739324148516822,0.004525452000169988,0.2336923997606224,0.24960629921259841,10.0
siga,Java,2ad98fd19c2dd768,6,2020,2025,0.39870443531704236,0.19221191130599985,0.2336923997606224,0.5002478929102627,28.0
siga,Java,2b16059230f49335,4,2022,2025,0.08093364531763451,0.0005812372122259157,0.08081308874566187,0.08241469816272966,10.0
siga,Java,2b26cb2a5a3ebb0b,6,2020,2025,0.39870443531704236,0.19221191130599985,0.2336923997606224,0.5002478929102627,23.0
siga,Java,2b388eeb0c3a4b5f,4,2022,2025,0.48896876549330687,0.050834190002345736,0.4286424664346096,0.5643044619422573,41.0
siga,Java,2b52e670736efd55,6,2020,2025,0.08173445002616841,0.003689014869895979,0.08081308874566187,0.10047095761381476,169.0
siga,Java,2b5f298cf8fd8e1b,3,2023,2025,0.477689638076351,0.03580271323782652,0.4286424664346096,0.5002478929102627,185.0
siga,Java,2b9d3f6f52fb660e,3,2023,2025,0.17203767972235995,0.0002566449722362363,0.17203767972235995,0.17255096966683242,8.0
siga,Java,2bb01910941b38e8,5,2021,2025,0.35770946950917204,0.00580759085828203,0.35703630034808553,0.3635547576301616,18.0
siga,Java,2bca54b46177db97,6,2020,2025,0.48896876549330687,0.24991175337982774,0.36876640419947504,0.7955259026687598,107.0
siga,Java,2c2df6ab2550ea9c,6,2020,2025,0.39870443531704236,0.19221191130599985,0.2336923997606224,0.5002478929102627,120.0
siga,Java,2c50387a0887fa8a,6,2020,2025,0.39870443531704236,0.19221191130599985,0.2336923997606224,0.5002478929102627,29.0
siga,Java,2c6a4d56c0f57b71,6,2020,2025,0.9976257178744996,0.0012674619630779205,0.5002478929102627,0.9990054699154649,4798.5
siga,Java,2c704d3acb8c8901,6,2020,2025,0.08173445002616841,0.003689014869895979,0.08081308874566187,0.10047095761381476,9.0
siga,Java,2c9eb561d2a5d0a3,6,2020,2025,0.45316605225548034,0.11087290944352607,0.2336923997606224,0.6102825745682888,103.0
siga,Java,2ca2b2532a1bd2ab,6,2020,2025,0.45316605225548034,0.11087290944352607,0.2336923997606224,0.6126373626373627,83.0
siga,Java,2cbb09ec9b942fa5,6,2020,2025,0.39870443531704236,0.19221191130599985,0.2336923997606224,0.5002478929102627,92.0
siga,Java,2cbfe94616fe582f,3,2023,2025,0.5002478929102627,0.1343525951836047,0.477689638076351,0.7463948284435604,91.0
siga,Java,2cfb008d7d8261d2,6,2020,2025,0.45316605225548034,0.11087290944352607,0.2336923997606224,0.6126373626373627,182.0
siga,Java,2d3e65b1abcfc496,6,2020,2025,0.39870443531704236,0.1665549950938035,0.2336923997606224,0.44348041646008923,15.0
siga,Java,2d43fffe1a0c5e98,5,2021,2025,0.477689638076351,0.0716054264756531,0.36876640419947504,0.6681627767803711,64.0
siga,Java,2d659cade669fd5e,5,2021,2025,0.35770946950917204,0.00580759085828203,0.35703630034808553,0.3635547576301616,18.0
siga,Java,2d6d1d2e8d174459,6,2020,2025,0.6206734938140427,0.20335508739601316,0.477689638076351,0.7643044619422572,90.0
siga,Java,2d7b3cf1888339f8,6,2020,2025,0.08173445002616841,0.003689014869895979,0.08081308874566187,0.10047095761381476,193.0
siga,Java,2db730ca2b71520f,6,2020,2025,0.45316605225548034,0.11087290944352607,0.2336923997606224,0.6126373626373627,176.0
siga,Java,2e108270ebc04292,5,2021,2025,0.24739712444224096,0.0022091747703574527,0.2473893585280955,0.4542190305206463,33.0
siga,Java,2e1b762f73853da8,6,2020,2025,0.45316605225548034,0.11087290944352607,0.2336923997606224,0.5255102040816326,32.0
siga,Java,2e2a36f3c4c35fe3,6,2020,2025,0.24739324148516822,0.004525452000169988,0.2336923997606224,0.24960629921259841,9.0
siga,Java,2e301f5bf4b6a8aa,5,2021,2025,0.08105420188960716,0.001601609417067787,0.08081308874566187,0.08527827648114901,7.0
siga,Java,2e4bd0ebc42a1b10,6,2020,2025,0.4598024328529322,0.06264767246844921,0.2336923997606224,0.5170603674540682,53.0
siga,Java,2e6e5fc2b59069bd,6,2020,2025,0.3573728849286288,0.08742606161210353,0.2336923997606224,0.36351706036745407,13.0
siga,Java,2ea12c4cc101223d,5,2021,2025,0.35770946950917204,0.00580759085828203,0.35703630034808553,0.3635547576301616,21.0
siga,Java,2ea896fed69c225e,6,2020,2025,0.08173445002616841,0.003689014869895979,0.08081308874566187,0.10047095761381476,94.5
siga,Java,2ecb1016f4130252,6,2020,2025,0.08173445002616841,0.003689014869895979,0.08081308874566187,0.5863422291993721,4.0
siga,Java,2f1a65d39df39b40,4,2022,2025,0.48896876549330687,0.15286831073725377,0.4286424664346096,0.9724409448818898,360.0
siga,Java,2f25a2fb68ffd3be,6,2020,2025,0.48896876549330687,0.12154550562399291,0.36876640419947504,0.7955259026687598,220.0
siga,Java,2f36211572be19f9,3,2023,2025,0.24739712444224096,3.882957072737225e-06,0.2473893585280955,0.24739712444224096,17.0
siga,Java,2f3bd88d37ad699b,6,2020,2025,0.24739324148516822,0.004525452000169988,0.2336923997606224,0.24960629921259841,11.0
siga,Java,2f6ad75baba8620d,6,2020,2025,0.45316605225548034,0.11087290944352607,0.2413657770800628,0.5831837223219629,42.0
siga,Java,2fac8f71245c33e7,6,2020,2025,0.39870443531704236,0.19221191130599985,0.2336923997606224,0.5002478929102627,44.0
siga,Java,2fc52a840702fb34,5,2021,2025,0.477689638076351,0.0716054264756531,0.36876640419947504,0.5583482944344704,46.0
siga,Java,2fcb1de8d4aaf0e2,5,2021,2025,0.44348041646008923,0.014837950025479607,0.36876640419947504,0.4542190305206463,34.0
siga,Java,2fccfe26d9656cf5,6,2020,2025,0.39870443531704236,0.1665549950938035,0.2336923997606224,0.44348041646008923,17.0
siga,Java,303a5df4ff12ca0e,4,2022,2025,0.08093364531763451,0.0005812372122259157,0.08081308874566187,0.08241469816272966,12.0
siga,Java,30400587b43d3d09,6,2020,2025,0.08173445002616841,0.003689014869895979,0.08081308874566187,0.10047095761381476,9.0
siga,Java,308c061755a98d67,6,2020,2025,0.39870443531704236,0.19221191130599985,0.2336923997606224,0.5002478929102627,95.0
siga,Java,30909b1a30307c85,1,2020,2020,0.2413657770800628,0.0,0.2413657770800628,0.2413657770800628,18.0
siga,Java,30c2fd47ed5b734d,6,2020,2025,0.08173445002616841,0.003689014869895979,0.08081308874566187,0.10047095761381476,6.0
siga,Java,30d073ec98d61988,1,2020,2020,0.6126373626373627,0.0,0.6126373626373627,0.6126373626373627,451.0
siga,Java,30d45cacdf3e6295,6,2020,2025,0.39870443531704236,0.19221191130599985,0.2336923997606224,0.5002478929102627,22.0
siga,Java,3143f4162eaecffd,5,2021,2025,0.08105420188960716,0.001601609417067787,0.08081308874566187,0.08527827648114901,434.0
siga,Java,3154a177111ef3d0,6,2020,2025,0.45316605225548034,0.11087290944352607,0.2413657770800628,0.5831837223219629,95.0
siga,Java,3187b78dc1dad208,5,2021,2025,0.24739712444224096,0.0022091747703574527,0.2473893585280955,0.2519449431478157,21.0
siga,Java,3194ae0ca84faae0,5,2021,2025,0.35770946950917204,0.00580759085828203,0.35703630034808553,0.3635547576301616,18.0
siga,Java,319eeed72b7e2412,6,2020,2025,0.4598024328529322,0.06264767246844921,0.36876640419947504,0.5831837223219629,35.0
siga,Java,31a556de55d1cd5a,6,2020,2025,0.08173445002616841,0.003689014869895979,0.08081308874566187,0.9607535321821036,590.0
siga,Java,31b7708d6b7eb409,6,2020,2025,0.08173445002616841,0.003689014869895979,0.08081308874566187,0.10047095761381476,1070.5
siga,Java,31c60dd0760699fc,1,2020,2020,0.21585557299843014,0.0,0.21585557299843014,0.21585557299843014,81.0
siga,Java,31cf7312758ee8b2,6,2020,2025,0.35770946950917204,0.004860570014526444,0.31279434850863425,0.3635547576301616,26.0
siga,Java,31e673a206acea62,3,2023,2025,0.477689638076351,0.03580271323782652,0.4286424664346096,0.5002478929102627,57.0
siga,Java,321c5ae5dcb6d39c,6,2020,2025,0.35770946950917204,0.004860570014526444,0.31279434850863425,0.3635547576301616,19.0
siga,Java,3229b5449a1d332a,5,2021,2025,0.477689638076351,0.0460288623896164,0.36876640419947504,0.5850323222277474,52.0
siga,Java,3229bdf36d91bed4,6,2020,2025,0.45316605225548034,0.11087290944352607,0.2336923997606224,0.5255102040816326,87.0
siga,Java,324b9ccbc2f3c1c4,5,2021,2025,0.24739712444224096,0.0022091747703574527,0.2473893585280955,0.2519449431478157,11.0
siga,Java,324f649160951dcc,4,2022,2025,0.08093364531763451,0.0005812372122259157,0.08081308874566187,0.08241469816272966,2.0
siga,Java,32675a69eb8a07ab,5,2021,2025,0.477689638076351,0.0716054264756531,0.36876640419947504,0.644524236983842,43.0
siga,Java,32a716b69ff2e269,6,2020,2025,0.45316605225548034,0.11087290944352607,0.2336923997606224,0.6126373626373627,59.0
siga,Java,32d98c3c9976b2a9,6,2020,2025,0.08173445002616841,0.003689014869895979,0.08081308874566187,0.10047095761381476,208.0
siga,Java,33086f0bff5b75c2,5,2021,2025,0.08105420188960716,0.001601609417067787,0.08081308874566187,0.08527827648114901,9.0
siga,Java,330c96595f150fc5,6,2020,2025,0.39870443531704236,0.19221191130599985,0.2336923997606224,0.5002478929102627,22.0
siga,Java,331f6ce7db5c51a7,6,2020,2025,0.08173445002616841,0.003689014869895979,0.08081308874566187,0.10047095761381476,6.0
siga,Java,33381eeeff5f876a,4,2022,2025,0.48896876549330687,0.050834190002345736,0.4286424664346096,0.5643044619422573,45.0
siga,Java,33434a8bae70ebde,6,2020,2025,0.48896876549330687,0.2505850029309947,0.10047095761381476,0.7643044619422572,177.0
siga,Java,3357ad3c92063db4,6,2020,2025,0.48896876549330687,0.14186964480873732,0.36876640419947504,0.6681627767803711,296.0
siga,Java,336d237670f105f8,2,2020,2021,0.2375290884203426,0.0038366886597202,0.2336923997606224,0.2413657770800628,57.0
siga,Java,338efdaa395bb623,3,2023,2025,0.17203767972235995,0.0002566449722362363,0.17203767972235995,0.17255096966683242,47.0
siga,Java,3428a3d3794786a2,5,2021,2025,0.5002478929102627,0.08065865635811942,0.4286424664346096,0.7220472440944882,83.0
siga,Java,3432ecf667242a62,6,2020,2025,0.9759612809387838,0.01171574546647658,0.5002478929102627,0.9892280071813285,1013.5
siga,Java,343d745155c8cd7c,4,2022,2025,0.6971652194536395,0.40075672990227673,0.477689638076351,0.8992125984251969,506.0
siga,Java,3450d3b66a75676c,6,2020,2025,0.24739324148516822,0.004525452000169988,0.2336923997606224,0.24960629921259841,12.0
siga,Java,34518ee21cc9ff32,6,2020,2025,0.39870443531704236,0.19221191130599985,0.2336923997606224,0.5002478929102627,64.0
siga,Java,34726d7620e83f28,2,2020,2021,0.2375290884203426,0.0038366886597202,0.2336923997606224,0.2413657770800628,31.0
siga,Java,3476741490229c16,4,2022,2025,0.24739712444224096,0.000554235171125711,0.2473893585280955,0.24960629921259841,12.0
siga,Java,34a2b504d970330b,4,2022,2025,0.08093364531763451,0.0005812372122259157,0.08081308874566187,0.08241469816272966,12.0
siga,Java,34cd2a46193d6272,5,2021,2025,0.4286424664346096,0.10892323387687597,0.2336923997606224,0.5002478929102627,66.0
siga,Java,34d785b58ac72b0d,6,2020,2025,0.6272933061200028,0.4164503055978104,0.2413657770800628,0.9504214179474467,270.0
siga,Java,34f1283046c01a7b,5,2021,2025,0.35770946950917204,0.00580759085828203,0.35703630034808553,0.3635547576301616,18.0
siga,Java,34fb09aca76130e0,3,2023,2025,0.477689638076351,0.03580271323782652,0.4286424664346096,0.5002478929102627,120.0
siga,Java,34fefa8393370314,6,2020,2025,0.39870443531704236,0.19221191130599985,0.2336923997606224,0.5002478929102627,18.0
siga,Java,3505e2f5b3029a77,6,2020,2025,0.39870443531704236,0.19221191130599985,0.2336923997606224,0.5002478929102627,29.0
siga,Java,3519a18bb7a859e9,4,2022,2025,0.48896876549330687,0.09781581729893357,0.4286424664346096,0.7522309711286089,80.0
siga,Java,3524e5160e31208a,5,2021,2025,0.24739712444224096,0.0022091747703574527,0.2473893585280955,0.2519449431478157,26.0
siga,Java,3529302949ee6c2f,6,2020,2025,0.4352788470320615,0.08501061570638291,0.2336923997606224,0.5002478929102627,23.0
siga,Java,3542482301570ca5,3,2023,2025,0.17203767972235995,0.0002566449722362363,0.17203767972235995,0.17255096966683242,20.0
siga,Java,356be8b4c9b768d7,3,2023,2025,0.35770946950917204,0.00033658458054325324,0.35703630034808553,0.35770946950917204,14.0
siga,Java,3578de8852c0652f,6,2020,2025,0.48896876549330687,0.14363573586054268,0.36876640419947504,0.7543387193297427,398.0
siga,Java,3589939e69d635a1,6,2020,2025,0.39870443531704236,0.1665549950938035,0.2336923997606224,0.44348041646008923,26.0
siga,Java,35ac34701d3df192,6,2020,2025,0.39870443531704236,0.1665549950938035,0.2336923997606224,0.44348041646008923,29.0
siga,Java,35b9961f6ae092b5,5,2021,2025,0.477689638076351,0.0716054264756531,0.36876640419947504,0.5170556552962298,34.0
siga,Java,360562fa64449e60,6,2020,2025,0.39870443531704236,0.19221191130599985,0.2336923997606224,0.5002478929102627,44.0
siga,Java,3642f94f0dca6724,5,2021,2025,0.24739712444224096,0.0022091747703574527,0.2473893585280955,0.2519449431478157,29.0
siga,Java,364947b5cf88cc8f,1,2020,2020,0.2413657770800628,0.0,0.2413657770800628,0.2413657770800628,23.0
siga,Java,367161acc7540c3e,3,2023,2025,0.5002478929102627,0.1823386717624212,0.477689638076351,0.8423669816011934,163.0
siga,Java,369a975680a59ea1,6,2020,2025,0.3573728849286288,0.033854633040674986,0.2336923997606224,0.36351706036745407,18.0
siga,Java,36bf366be941b69d,5,2021,2025,0.35770946950917204,0.00580759085828203,0.35703630034808553,0.3635547576301616,18.0
siga,Java,36c30d40d924200b,4,2022,2025,0.44348041646008923,0.0057002757797990355,0.4286424664346096,0.45144356955380577,29.0
siga,Java,36cd1c9934069933,4,2022,2025,0.48896876549330687,0.0390231663802984,0.4286424664346096,0.5170603674540682,39.0
siga,Java,36e4826ac3d04045,6,2020,2025,0.4598024328529322,0.06264767246844921,0.36876640419947504,0.5170556552962298,58.0
siga,Java,36f9eca0fe47b157,6,2020,2025,0.3573728849286288,0.08742606161210353,0.2336923997606224,0.36351706036745407,22.0
siga,Java,3758ed119910b2fe,6,2020,2025,0.45316605225548034,0.11087290944352607,0.2413657770800628,0.5831837223219629,53.0
siga,Java,37872973c106fd8d,5,2021,2025,0.24739712444224096,0.0022091747703574527,0.2473893585280955,0.2519449431478157,28.0
siga,Java,37877b4bb2fe51da,6,2020,2025,0.24739324148516822,0.023658105061394485,0.18043087971274685,0.24960629921259841,12.0
siga,Java,37c05b196028a6fd,6,2020,2025,0.45316605225548034,0.11087290944352607,0.2413657770800628,0.5831837223219629,66.0
siga,Java,37d5a56656d01803,3,2023,2025,0.477689638076351,0.03580271323782652,0.4286424664346096,0.5002478929102627,119.0
siga,Java,381216bdcdf82df1,6,2020,2025,0.9871474276770507,0.010222696695509792,0.5002478929102627,0.9920674268715914,672.0
siga,Java,3820cfc32e38317b,2,2024,2025,0.525532969757065,0.025285076846802146,0.5002478929102627,0.5508180466038671,22.0
siga,Java,3844125b40ccc67e,5,2021,2025,0.44348041646008923,0.014837950025479607,0.36876640419947504,0.4542190305206463,25.0
siga,Java,388b22648785df11,2,2020,2021,0.2375290884203426,0.0038366886597202,0.2336923997606224,0.2413657770800628,36.0
siga,Java,3895e2fd0a46739e,4,2022,2025,0.48896876549330687,0.08639849446428799,0.4286424664346096,0.7065616797900263,71.0
siga,Java,38aca7b3c4ca639c,6,2020,2025,0.2485017118274197,0.003963157721770388,0.2473893585280955,0.3771585557299843,23.0
siga,Java,38c4f06345103946,5,2021,2025,0.08105420188960716,0.001601609417067787,0.08081308874566187,0.08527827648114901,85.0
siga,Java,38e2889e7c2d6227,6,2020,2025,0.39870443531704236,0.1665549950938035,0.2336923997606224,0.44348041646008923,26.0
siga,Java,38f22d7e64766db9,6,2020,2025,0.3573728849286288,0.08742606161210353,0.2336923997606224,0.36351706036745407,25.0
siga,Java,3975847d5817eb66,6,2020,2025,0.39870443531704236,0.19221191130599985,0.2336923997606224,0.5002478929102627,22.0
siga,Java,397da627c804bc7b,6,2020,2025,0.39870443531704236,0.19221191130599985,0.2336923997606224,0.5002478929102627,41.0
siga,Java,39bd08baaa392778,5,2021,2025,0.44348041646008923,0.014837950025479607,0.36876640419947504,0.4542190305206463,39.0
siga,Java,3a05098cc233add2,6,2020,2025,0.39870443531704236,0.19221191130599985,0.2336923997606224,0.5002478929102627,100.0
siga,Java,3a0af003b16c527f,6,2020,2025,0.08173445002616841,0.003689014869895979,0.08081308874566187,0.10047095761381476,75.0
siga,Java,3a1b049384f4dd8f,1,2020,2020,0.2413657770800628,0.0,0.2413657770800628,0.2413657770800628,15.0
siga,Java,3a26893ae0df1c47,4,2022,2025,0.48896876549330687,0.13876069918869743,0.4286424664346096,0.916010498687664,240.0
siga,Java,3a47cffd701d8a61,6,2020,2025,0.43606144144734943,0.05974499670183053,0.2413657770800628,0.4542190305206463,24.0
siga,Java,3aac1a8138652534,6,2020,2025,0.08173445002616841,0.003689014869895979,0.08081308874566187,0.10047095761381476,21.0
siga,Java,3ab47abace64d14f,5,2021,2025,0.24739712444224096,0.0022091747703574527,0.2473893585280955,0.2519449431478157,27.0
siga,Java,3b1634eaa17224f2,6,2020,2025,0.48896876549330687,0.12154550562399291,0.36876640419947504,0.6126373626373627,85.0
siga,Java,3b8fc1e4ef8f6d6e,6,2020,2025,0.39870443531704236,0.19221191130599985,0.2336923997606224,0.5002478929102627,91.0
siga,Java,3bb756fa8e48a11e,6,2020,2025,0.48896876549330687,0.12154550562399291,0.36876640419947504,0.6126373626373627,121.0
siga,Java,3bf11db953402ae4,6,2020,2025,0.45316605225548034,0.11087290944352607,0.2336923997606224,0.6126373626373627,128.0
siga,Java,3c5ee63ca1d97031,6,2020,2025,0.45316605225548034,0.11087290944352607,0.2336923997606224,0.6126373626373627,254.0
siga,Java,3c8bd139ded947bc,6,2020,2025,0.08173445002616841,0.003689014869895979,0.08081308874566187,0.10047095761381476,25.0
siga,Java,3c9f4a5d16d53bfa,5,2021,2025,0.477689638076351,0.0716054264756531,0.36876640419947504,0.5170556552962298,24.0
siga,Java,3cdb866db33de1a9,5,2021,2025,0.477689638076351,0.0716054264756531,0.36876640419947504,0.5831837223219629,39.0
siga,Java,3d0d77922fe7385a,5,2021,2025,0.35770946950917204,0.00580759085828203,0.35703630034808553,0.3635547576301616,33.0
siga,Java,3d26fd409f100936,6,2020,2025,0.9061891347978582,0.03986520413804362,0.5002478929102627,0.9304461942257218,220.0
siga,Java,3d272e07eab65773,5,2021,2025,0.5002478929102627,0.03936601721987876,0.36876640419947504,0.5497265042267528,36.0
siga,Java,3d33370952ff06c6,3,2023,2025,0.477689638076351,0.03580271323782652,0.4286424664346096,0.5002478929102627,98.0
siga,Java,3d528ac552da9079,6,2020,2025,0.45316605225548034,0.11087290944352607,0.2336923997606224,0.6126373626373627,97.0
siga,Java,3d8204f20d07f4d9,5,2021,2025,0.477689638076351,0.0716054264756531,0.36876640419947504,0.5831837223219629,29.0
siga,Java,3db436dbbc0f3158,6,2020,2025,0.5564426277738127,0.23558417837181878,0.4286424664346096,0.9007874015748032,129.0
siga,Java,3db53d5b36ad6065,4,2022,2025,0.48896876549330687,0.050834190002345736,0.4286424664346096,0.5643044619422573,45.0
siga,Java,3dfb9f3bf32e0225,6,2020,2025,0.45316605225548034,0.11087290944352607,0.2413657770800628,0.5909634949132256,44.0
siga,Java,3e12527ffc0f38e3,6,2020,2025,0.08173445002616841,0.003689014869895979,0.08081308874566187,0.10047095761381476,8.0
siga,Java,3e1a2163b2e094c9,6,2020,2025,0.45316605225548034,0.11087290944352607,0.2413657770800628,0.5831837223219629,49.0
siga,Java,3e311f845aa146e5,6,2020,2025,0.6997302456677298,0.4290861560799981,0.4286424664346096,0.9532967032967034,566.0
siga,Java,3e35e13e6bb85744,6,2020,2025,0.3573728849286288,0.033854633040674986,0.2336923997606224,0.36351706036745407,21.0
siga,Java,3e580085ccaf7766,6,2020,2025,0.992330036385755,0.0158013669611462,0.5002478929102627,0.9937007874015747,2230.5
siga,Java,3e8a7359b05449dc,6,2020,2025,0.48413524290002796,0.05692687226857829,0.36876640419947504,0.644524236983842,34.0
siga,Java,3e8b5024a30e40ff,6,2020,2025,0.39870443531704236,0.19221191130599985,0.2336923997606224,0.5002478929102627,125.0
siga,Java,3ea4b1d07f51ecbe,6,2020,2025,0.08173445002616841,0.003689014869895979,0.08081308874566187,0.10047095761381476,5.0
siga,Java,3eae565a908a5244,4,2022,2025,0.48896876549330687,0.0390231663802984,0.4286424664346096,0.5170603674540682,27.0
siga,Java,3eaf736f23778329,6,2020,2025,0.5417158076161128,0.33564176804212953,0.36876640419947504,0.9149676777722526,182.5
siga,Java,3ec1f47c1e86e5fb,5,2021,2025,0.24739712444224096,0.0022091747703574527,0.2473893585280955,0.2519449431478157,22.0
siga,Java,3edc87265a9db7a5,6,2020,2025,0.39870443531704236,0.1665549950938035,0.2336923997606224,0.44348041646008923,15.0
siga,Java,3eec1bb92ac3ef79,5,2021,2025,0.477689638076351,0.0716054264756531,0.36876640419947504,0.5831837223219629,74.0
siga,Java,3ef62bbdcc1495b3,6,2020,2025,0.39870443531704236,0.19221191130599985,0.2336923997606224,0.5002478929102627,50.0
siga,Java,3f047db85471ec10,6,2020,2025,0.08173445002616841,0.003689014869895979,0.08081308874566187,0.10047095761381476,31.0
siga,Java,3f13e86abe61b916,6,2020,2025,0.24739324148516822,0.004525452000169988,0.2336923997606224,0.24960629921259841,11.0
siga,Java,3f6b3e6bedda71bb,5,2021,2025,0.35770946950917204,0.0006731691610865065,0.2519449431478157,0.36351706036745407,57.0
siga,Java,3f94b5f4adb7d0ca,4,2022,2025,0.24739712444224096,0.000554235171125711,0.2473893585280955,0.24960629921259841,11.0
siga,Java,3fa6644a76876975,5,2021,2025,0.477689638076351,0.0716054264756531,0.36876640419947504,0.5831837223219629,65.0
siga,Java,3fb6d019b4230ed7,5,2021,2025,0.24739712444224096,0.0022091747703574527,0.2473893585280955,0.2519449431478157,41.0
siga,Java,3fff6684b51194f5,5,2021,2025,0.35770946950917204,0.00580759085828203,0.35703630034808553,0.3635547576301616,19.0
siga,Java,3fffc80ca7a330a3,4,2022,2025,0.48896876549330687,0.0390231663802984,0.4286424664346096,0.5170603674540682,22.0
siga,Java,401ca3742f569c38,6,2020,2025,0.08173445002616841,0.003689014869895979,0.08081308874566187,0.10047095761381476,9.0
siga,Java,4032a49b0af83bb9,5,2021,2025,0.35770946950917204,0.00580759085828203,0.35703630034808553,0.3635547576301616,30.0
siga,Java,40600b00366c0164,6,2020,2025,0.43606144144734943,0.05345088305394857,0.36876640419947504,0.4542190305206463,37.0
siga,Java,408db0de9ddceabb,6,2020,2025,0.39870443531704236,0.1665549950938035,0.2336923997606224,0.44348041646008923,29.0
siga,Java,4090505ed5b89f64,6,2020,2025,0.5564426277738127,0.27671990265403923,0.4286424664346096,0.8363255535607421,136.0
siga,Java,40f123479e205dd9,6,2020,2025,0.5417158076161128,0.25911115579723165,0.36876640419947504,0.8940825459970164,237.0
siga,Java,40f26731617265ef,5,2021,2025,0.24739712444224096,7.76591414547445e-06,0.2336923997606224,0.24960629921259841,21.0
siga,Java,40fed012fc66a21c,6,2020,2025,0.39870443531704236,0.1665549950938035,0.2336923997606224,0.44348041646008923,18.0
siga,Java,415c3c86f0bb379a,6,2020,2025,0.17328335884916424,0.006661094583956084,0.17203767972235995,0.21585557299843014,7.0
siga,Java,4161af17a010d12a,4,2022,2025,0.08093364531763451,0.0005812372122259157,0.08081308874566187,0.08241469816272966,12.0
siga,Java,41638073ef076070,6,2020,2025,0.40306032262413105,0.07972529956646107,0.21585557299843014,0.44348041646008923,39.0
siga,Java,416797ce42f1023e,6,2020,2025,0.45316605225548034,0.11087290944352607,0.2336923997606224,0.6126373626373627,56.0
siga,Java,416d6bf6944ac935,4,2022,2025,0.45316605225548034,0.069655750909003,0.36876640419947504,0.5002478929102627,92.0
siga,Java,4170b4362c04f506,6,2020,2025,0.45316605225548034,0.20642337978308528,0.2336923997606224,0.7874015748031497,56.0
siga,Java,4215efedd7c81778,6,2020,2025,0.48896876549330687,0.12154550562399291,0.36876640419947504,0.6126373626373627,120.0
siga,Java,422e9c66288579b5,4,2022,2025,0.48896876549330687,0.09414127661651889,0.4286424664346096,0.7375328083989501,147.0
siga,Java,42bfc8f2fe53393a,3,2023,2025,0.24739712444224096,3.882957072737225e-06,0.2473893585280955,0.24739712444224096,41.0
siga,Java,42c49aeba4abb07d,6,2020,2025,0.8983896587102436,0.32966899721248155,0.477689638076351,0.9604674291397315,575.0
siga,Java,42f43a531a5fc74c,6,2020,2025,0.40290051108229696,0.06890648687161699,0.2336923997606224,0.44348041646008923,20.0
siga,Java,42fff5c5fac7e42c,2,2020,2021,0.1981432263555885,0.01771234664284163,0.18043087971274685,0.21585557299843014,6.0
siga,Java,4300ce205fab60da,3,2023,2025,0.08081308874566187,0.00012055657197264369,0.08081308874566187,0.08105420188960716,6.0
siga,Java,4334ec361681adcd,5,2021,2025,0.35770946950917204,0.00580759085828203,0.35703630034808553,0.3635547576301616,18.0
siga,Java,433aa6d7bd524e8e,6,2020,2025,0.40290051108229696,0.06890648687161699,0.2336923997606224,0.44348041646008923,34.0
siga,Java,43adf92349cb8700,5,2021,2025,0.5002478929102627,0.40694487211758235,0.36876640419947504,0.8865948533812088,138.0
siga,Java,43bd8d0b5fbe89ea,4,2022,2025,0.5872583044124937,0.19612402951608526,0.4286424664346096,0.6910761154855644,91.5
siga,Java,43bff24738c8cb0b,5,2021,2025,0.44348041646008923,0.014837950025479607,0.36876640419947504,0.4542190305206463,36.0
siga,Java,43d47d5c3ebfca91,6,2020,2025,0.39870443531704236,0.19221191130599985,0.2336923997606224,0.5002478929102627,24.0
siga,Java,43e7ec0a57087988,6,2020,2025,0.17328335884916424,0.006661094583956084,0.17203767972235995,0.21585557299843014,9.0
siga,Java,443f48c764ff1a66,6,2020,2025,0.8635881089074215,0.3083331251911673,0.477689638076351,0.9149676777722526,231.0
siga,Java,4468c96036a3306b,6,2020,2025,0.45316605225548034,0.11087290944352607,0.2336923997606224,0.5255102040816326,49.0
siga,Java,447fd2a954ef898f,5,2021,2025,0.5002478929102627,0.2377502182970781,0.36876640419947504,0.7192938836399801,53.0
siga,Java,44a5d2fc22dd1656,6,2020,2025,0.45316605225548034,0.11087290944352607,0.2336923997606224,0.7955259026687598,160.0
siga,Java,44ccc9318275b7ab,3,2023,2025,0.44348041646008923,0.0074189750127398035,0.4286424664346096,0.44348041646008923,21.0
siga,Java,44d670894c474af2,6,2020,2025,0.48896876549330687,0.6651819198392406,0.08527827648114901,0.9821522309711286,765.0
siga,Java,450ee2a3dba9db86,5,2021,2025,0.24739712444224096,0.0022091747703574527,0.2473893585280955,0.2519449431478157,31.0
siga,Java,451744dfca1e8505,5,2021,2025,0.477689638076351,0.0716054264756531,0.36876640419947504,0.822262118491921,84.0
siga,Java,458652b12bbd69f9,6,2020,2025,0.39870443531704236,0.19221191130599985,0.2336923997606224,0.5002478929102627,51.0
siga,Java,45a87cef211d76c4,6,2020,2025,0.39870443531704236,0.19221191130599985,0.2336923997606224,0.5002478929102627,61.0
siga,Java,45b666b6e35b7919,4,2022,2025,0.45316605225548034,0.069655750909003,0.36876640419947504,0.5002478929102627,34.0
siga,Java,45b6c9e77021eb57,6,2020,2025,0.4352788470320615,0.08501061570638291,0.2336923997606224,0.5002478929102627,21.0
siga,Java,45bc2b6ee9246e35,5,2021,2025,0.24739712444224096,0.0022091747703574527,0.2473893585280955,0.2519449431478157,42.0
siga,Java,45cc3fbd04222221,6,2020,2025,0.08173445002616841,0.003689014869895979,0.08081308874566187,0.10047095761381476,7.0
siga,Java,45d67c6491ef8ece,5,2021,2025,0.8605171556439583,0.06410089672363661,0.5002478929102627,0.8606841844323252,162.0
siga,Java,45e2fa95a4dff634,3,2023,2025,0.24739712444224096,3.882957072737225e-06,0.2473893585280955,0.24739712444224096,13.0
siga,Java,461d4b1e206d3c12,3,2023,2025,0.24739712444224096,3.882957072737225e-06,0.2473893585280955,0.24739712444224096,21.0
siga,Java,46307bd8e786b87c,6,2020,2025,0.46444517967243615,0.44376678758839366,0.2336923997606224,0.9650470996529499,521.0
siga,Java,464f8e4d89af3888,6,2020,2025,0.7435351367449341,0.23710563538923468,0.477689638076351,0.8642466434609647,99.0
siga,Java,4652145276b7c8fa,5,2021,2025,0.44348041646008923,0.007963153093716535,0.4286424664346096,0.4542190305206463,37.0
siga,Java,4660a63b8374bc5c,5,2021,2025,0.35770946950917204,0.00580759085828203,0.35703630034808553,0.3635547576301616,18.0
siga,Java,46856eb78be79e87,6,2020,2025,0.8809109747253527,0.3288408108350246,0.477689638076351,0.9440454817474566,150.0
siga,Java,46a3efe05dc49839,4,2022,2025,0.45316605225548034,0.069655750909003,0.36876640419947504,0.5002478929102627,35.0
siga,Java,46af19de20d9ad5f,6,2020,2025,0.08173445002616841,0.003689014869895979,0.08081308874566187,0.10047095761381476,114.0
siga,Java,46b128f1d7e956ff,6,2020,2025,0.40290051108229696,0.06890648687161699,0.2336923997606224,0.44348041646008923,23.0
siga,Java,46b707647d758ca1,6,2020,2025,0.3573728849286288,0.08742606161210353,0.2336923997606224,0.36351706036745407,23.0
siga,Java,46c36efc6b34119e,6,2020,2025,0.08173445002616841,0.003689014869895979,0.08081308874566187,0.10047095761381476,126.0
siga,Java,47332e235e4ebc4c,3,2023,2025,0.08081308874566187,0.00012055657197264369,0.08081308874566187,0.08105420188960716,6.0
siga,Java,47355b405c76b718,6,2020,2025,0.48896876549330687,0.12154550562399291,0.36876640419947504,0.7955259026687598,789.0
siga,Java,4758f02aac2222e0,6,2020,2025,0.43606144144734943,0.05345088305394857,0.36876640419947504,0.4542190305206463,32.0
siga,Java,477139bac342c3f4,4,2022,2025,0.08093364531763451,0.0005812372122259157,0.08081308874566187,0.08241469816272966,12.0
siga,Java,4772458caebf1051,6,2020,2025,0.39870443531704236,0.19221191130599985,0.2336923997606224,0.5002478929102627,45.0
siga,Java,477c75f42b9f770d,5,2021,2025,0.477689638076351,0.0716054264756531,0.36876640419947504,0.7154398563734291,68.0
siga,Java,478cb64a560f51eb,6,2020,2025,0.40306032262413105,0.07972529956646107,0.21585557299843014,0.44348041646008923,50.0
siga,Java,47a0919b064fe92f,5,2021,2025,0.24739712444224096,0.0022091747703574527,0.2473893585280955,0.2519449431478157,33.0
siga,Java,47a6cf98e9f48a4b,5,2021,2025,0.24739712444224096,0.0022091747703574527,0.2473893585280955,0.2519449431478157,27.0
siga,Java,47abee2f62dd0dad,4,2022,2025,0.48896876549330687,0.050834190002345736,0.4286424664346096,0.5643044619422573,35.0
siga,Java,47b3f21de0f5bee8,3,2023,2025,0.5002478929102627,0.12813678215526053,0.477689638076351,0.7339632023868722,97.0
siga,Java,47ca1c2a4483c951,6,2020,2025,0.48896876549330687,0.12154550562399291,0.36876640419947504,0.7327315541601256,87.0
siga,Java,47d29503b2223d25,6,2020,2025,0.39870443531704236,0.19221191130599985,0.2336923997606224,0.5002478929102627,31.0
siga,Java,47d55668c39c6243,6,2020,2025,0.5417158076161128,0.12194475077368372,0.4286424664346096,0.9044619422572179,164.0
siga,Java,47f72a679e3cdbd8,6,2020,2025,0.43606144144734943,0.05345088305394857,0.36876640419947504,0.4542190305206463,41.0
siga,Java,482ad703b6928ff9,6,2020,2025,0.39870443531704236,0.19221191130599985,0.2336923997606224,0.5002478929102627,53.0
siga,Java,483ef0e7fe79fdeb,6,2020,2025,0.08173445002616841,0.003689014869895979,0.08081308874566187,0.10047095761381476,16.0
siga,Java,4881cab5f1d9e381,6,2020,2025,0.6214651169126676,0.2077615837349055,0.477689638076351,0.7375328083989501,54.5
siga,Java,489ba190e5b4b0cc,6,2020,2025,0.9173837728519474,0.005981593048580258,0.5002478929102627,0.9221616261774913,273.0
siga,Java,48b0a1b0fa201bb6,4,2022,2025,0.48896876549330687,0.11113602727268684,0.4286424664346096,0.805511811023622,89.0
siga,Java,48be6809260ffe2c,5,2021,2025,0.35770946950917204,0.00580759085828203,0.35703630034808553,0.3635547576301616,18.0
siga,Java,48f5fdf68fd2cd2a,4,2022,2025,0.48896876549330687,0.0390231663802984,0.4286424664346096,0.5170603674540682,27.0
siga,Java,48ff2495340bfc31,6,2020,2025,0.39870443531704236,0.19221191130599985,0.2336923997606224,0.5002478929102627,41.0
siga,Java,4946e2334aac4d53,6,2020,2025,0.39870443531704236,0.19221191130599985,0.2336923997606224,0.5002478929102627,224.0
siga,Java,49734cd4d789481b,5,2021,2025,0.5002478929102627,0.11327385683687463,0.4286424664346096,0.6,65.0
siga,Java,4974c453e54399f7,6,2020,2025,0.08173445002616841,0.003689014869895979,0.08081308874566187,0.10047095761381476,50.0
siga,Java,498a34f4e3247bfc,5,2021,2025,0.477689638076351,0.0716054264756531,0.36876640419947504,0.7543387193297427,189.0
siga,Java,498faa348f177ece,6,2020,2025,0.48896876549330687,0.1885427825368936,0.2336923997606224,0.8940825459970164,212.0
siga,Java,49b28f5c048cd882,5,2021,2025,0.24739712444224096,0.0022091747703574527,0.2473893585280955,0.2519449431478157,36.0
siga,Java,49c040795e6d393d,1,2020,2020,0.2413657770800628,0.0,0.2413657770800628,0.2413657770800628,16.0
siga,Java,4a138e7529dbbbe3,6,2020,2025,0.08173445002616841,0.003689014869895979,0.08081308874566187,0.10047095761381476,111.0
siga,Java,4a1ced4feda5a893,1,2020,2020,0.2413657770800628,0.0,0.2413657770800628,0.2413657770800628,41.0
siga,Java,4a1ea8fc20d0df2b,6,2020,2025,0.08173445002616841,0.003689014869895979,0.08081308874566187,0.10047095761381476,9.0
siga,Java,4a337c80f33de422,5,2021,2025,0.24739712444224096,0.2040464451115648,0.2473893585280955,0.4542190305206463,41.0
siga,Java,4a432dc0922113bb,4,2022,2025,0.48896876549330687,0.0725533501073326,0.4286424664346096,0.6511811023622047,54.0
siga,Java,4ac32b6dc1aa9947,6,2020,2025,0.08173445002616841,0.003689014869895979,0.08081308874566187,0.10047095761381476,182.0
siga,Java,4ade8451ef7bae40,6,2020,2025,0.3573728849286288,0.033854633040674986,0.2336923997606224,0.36351706036745407,18.0
siga,Java,4b2ad7067d8e9db5,5,2021,2025,0.477689638076351,0.0716054264756531,0.36876640419947504,0.644524236983842,29.0
siga,Java,4b4b828a2e70b374,4,2022,2025,0.48896876549330687,0.0390231663802984,0.4286424664346096,0.5170603674540682,31.0
siga,Java,4b4d4e7a11c01743,4,2022,2025,0.48896876549330687,0.1120546624432906,0.4286424664346096,0.8091863517060367,270.0
siga,Java,4b9dd4cbe9026d17,6,2020,2025,0.45316605225548034,0.11087290944352607,0.2336923997606224,0.6126373626373627,100.0
siga,Java,4bd7f640208d78b7,4,2022,2025,0.44348041646008923,0.0057002757797990355,0.4286424664346096,0.45144356955380577,17.0
siga,Java,4bdc7c4a80bb2940,6,2020,2025,0.48896876549330687,0.14363573586054268,0.2336923997606224,0.9078740157480315,145.0
siga,Java,4bded4cc7cf5fe7f,6,2020,2025,0.45316605225548034,0.11087290944352607,0.2336923997606224,0.7955259026687598,424.0
siga,Java,4be46a3ff3058fca,6,2020,2025,0.48896876549330687,0.14363573586054268,0.36876640419947504,0.865050867743866,135.0
siga,Java,4c044918c84fa096,4,2022,2025,0.08093364531763451,0.0005812372122259157,0.08081308874566187,0.08241469816272966,10.0
siga,Java,4c48829adff53277,3,2023,2025,0.5002478929102627,0.03601843307520086,0.477689638076351,0.5497265042267528,25.0
siga,Java,4c5ca1d223599185,6,2020,2025,0.24739712444224096,0.0016627055133772162,0.2336923997606224,0.25824175824175827,12.0
siga,Java,4c6a4af2c24b4655,3,2023,2025,0.5002478929102627,0.12080212278181451,0.477689638076351,0.7192938836399801,81.0
siga,Java,4c94a4018963bed4,1,2020,2020,0.2413657770800628,0.0,0.2413657770800628,0.2413657770800628,43.0
siga,Java,4c9d91935f7087d6,6,2020,2025,0.39870443531704236,0.19221191130599985,0.2336923997606224,0.5002478929102627,80.0
siga,Java,4ca1262d4c1626bc,5,2021,2025,0.44348041646008923,0.007963153093716535,0.4286424664346096,0.4542190305206463,34.0
siga,Java,4cb3165504126d64,6,2020,2025,0.08173445002616841,0.003689014869895979,0.08081308874566187,0.10047095761381476,197.0
siga,Java,4cd90af0b43bd537,6,2020,2025,0.48896876549330687,0.14363573586054268,0.36876640419947504,0.7543387193297427,142.0
siga,Java,4ced788d29cd9de5,6,2020,2025,0.48896876549330687,0.12154550562399291,0.36876640419947504,0.6126373626373627,133.0
siga,Java,4cf8a925b63ba960,6,2020,2025,0.08173445002616841,0.003689014869895979,0.08081308874566187,0.10047095761381476,205.0
siga,Java,4d0a3028b1cee700,6,2020,2025,0.39870443531704236,0.19221191130599985,0.2336923997606224,0.5002478929102627,143.0
siga,Java,4d0dbd89e5c604ab,6,2020,2025,0.08173445002616841,0.003689014869895979,0.08081308874566187,0.10047095761381476,5.0
siga,Java,4d7b5b54f08de149,2,2020,2021,0.09287461704748189,0.0075963405663328765,0.08527827648114901,0.10047095761381476,140.0
siga,Java,4d8786311bd89847,6,2020,2025,0.39870443531704236,0.1665549950938035,0.2336923997606224,0.44348041646008923,18.0
siga,Java,4d8ad71c34a776ee,6,2020,2025,0.08173445002616841,0.003689014869895979,0.08081308874566187,0.10047095761381476,106.0
siga,Java,4d940c58fe3e2e1f,6,2020,2025,0.08173445002616841,0.003689014869895979,0.08081308874566187,0.10047095761381476,6.0
siga,Java,4d962736f07d877a,6,2020,2025,0.39870443531704236,0.19221191130599985,0.2336923997606224,0.5002478929102627,32.0
siga,Java,4d9d4df191f422f0,6,2020,2025,0.08173445002616841,0.003689014869895979,0.08081308874566187,0.10047095761381476,4.0
siga,Java,4da123f12e9fe90f,5,2021,2025,0.477689638076351,0.0716054264756531,0.36876640419947504,0.644524236983842,39.0
siga,Java,4dd0dfedf2518680,6,2020,2025,0.48896876549330687,0.2808021408840906,0.36876640419947504,0.9392579293836026,384.0
siga,Java,4dd8a5aa87868c2b,6,2020,2025,0.48896876549330687,0.24991175337982774,0.36876640419947504,0.7955259026687598,301.0
siga,Java,4de861cafc5fccdd,2,2020,2021,0.2375290884203426,0.0038366886597202,0.2336923997606224,0.2413657770800628,24.0
siga,Java,4def07aa0ab7b3d0,3,2023,2025,0.17203767972235995,0.0002566449722362363,0.17203767972235995,0.17255096966683242,12.0
siga,Java,4e567670cd17ef0c,5,2021,2025,0.24739712444224096,0.11611993592521311,0.2473893585280955,0.3635547576301616,45.0
siga,Java,4ea43ee25dcd30f6,6,2020,2025,0.08173445002616841,0.003689014869895979,0.08081308874566187,0.10047095761381476,8.0
siga,Java,4eb63b1f957eee98,6,2020,2025,0.4352788470320615,0.08501061570638291,0.2336923997606224,0.5002478929102627,24.0
siga,Java,4eb6a75058009fd1,5,2021,2025,0.24739712444224096,0.0022091747703574527,0.2473893585280955,0.2519449431478157,27.0
siga,Java,4ecad1c05055e591,4,2022,2025,0.08093364531763451,0.0005812372122259157,0.08081308874566187,0.08241469816272966,12.0
siga,Java,4ecaefb042d1cb63,1,2020,2020,0.2413657770800628,0.0,0.2413657770800628,0.2413657770800628,26.0
siga,Java,4ee91caa34d0e287,6,2020,2025,0.43606144144734943,0.05974499670183053,0.31279434850863425,0.4542190305206463,18.0
siga,Java,4ef7cdc72092375c,4,2022,2025,0.24739712444224096,0.000554235171125711,0.2473893585280955,0.24960629921259841,36.0
siga,Java,4f0d929069f64098,6,2020,2025,0.24739324148516822,0.004525452000169988,0.2336923997606224,0.24960629921259841,16.0
siga,Java,4f164d483aec0f6c,1,2020,2020,0.2413657770800628,0.0,0.2413657770800628,0.2413657770800628,28.0
siga,Java,4f446adb08236376,5,2021,2025,0.24739712444224096,0.0022091747703574527,0.2473893585280955,0.2519449431478157,14.0
siga,Java,4f4a3fd095362b59,6,2020,2025,0.08173445002616841,0.003689014869895979,0.08081308874566187,0.10047095761381476,132.0
siga,Java,4f7a5ebda7bbbdc7,5,2021,2025,0.477689638076351,0.0716054264756531,0.36876640419947504,0.6181926989826452,30.0
siga,Java,4fb896766f36796e,6,2020,2025,0.48896876549330687,0.24312553177891005,0.36876640419947504,0.7965290245362059,134.0
siga,Java,4fc7236dc4000d83,5,2021,2025,0.24739712444224096,0.0022091747703574527,0.2473893585280955,0.2519449431478157,36.0
siga,Java,4ffd404f5a31040a,6,2020,2025,0.45316605225548034,0.11087290944352607,0.2336923997606224,0.6102825745682888,37.0
siga,Java,5086818d0b7b6d36,4,2022,2025,0.24739712444224096,0.000554235171125711,0.2473893585280955,0.24960629921259841,12.0
siga,Java,5090cc9c97c8c24b,1,2020,2020,0.2413657770800628,0.0,0.2413657770800628,0.2413657770800628,113.0
siga,Java,509a0ef2533601fc,6,2020,2025,0.08173445002616841,0.003689014869895979,0.08081308874566187,0.10047095761381476,77.0
siga,Java,50a7d6da8e0e59c9,6,2020,2025,0.40290051108229696,0.06890648687161699,0.2336923997606224,0.44348041646008923,23.0
siga,Java,50bb7e13f96ff26e,5,2021,2025,0.477689638076351,0.0716054264756531,0.36876640419947504,0.8408138839018552,164.0
siga,Java,50e3e3baa3a1966d,5,2021,2025,0.35770946950917204,0.00580759085828203,0.35703630034808553,0.3635547576301616,18.0
siga,Java,50f43ee6e22d34eb,5,2021,2025,0.24739712444224096,0.0022091747703574527,0.2473893585280955,0.2519449431478157,26.0
siga,Java,5113a866da8dbe69,5,2021,2025,0.5002478929102627,0.2766490812533917,0.4286424664346096,0.8091863517060367,192.0
siga,Java,515739e02d879429,6,2020,2025,0.24739324148516822,0.004525452000169988,0.2336923997606224,0.24960629921259841,11.0
siga,Java,516c44b2e67d63f7,6,2020,2025,0.39870443531704236,0.19221191130599985,0.2336923997606224,0.5002478929102627,35.0
siga,Java,516e1e6ed40adaa5,3,2023,2025,0.17203767972235995,0.0002566449722362363,0.17203767972235995,0.17255096966683242,31.0
siga,Java,519d9b90856dc02c,6,2020,2025,0.39870443531704236,0.19221191130599985,0.2336923997606224,0.5002478929102627,56.0
siga,Java,519dee125feaeeca,6,2020,2025,0.5531207089422618,0.04973952913175039,0.477689638076351,0.5909634949132256,40.0
siga,Java,51df78c9a11708a8,6,2020,2025,0.39870443531704236,0.19221191130599985,0.2336923997606224,0.5002478929102627,139.0
siga,Java,51edc839a7d1ea9d,1,2020,2020,0.2413657770800628,0.0,0.2413657770800628,0.2413657770800628,80.0
siga,Java,51f09dd18386c360,4,2022,2025,0.5432573128408527,0.10735351328723258,0.4286424664346096,0.6,39.5
siga,Java,51f19f28dd8c7224,6,2020,2025,0.6350538079235499,0.08953233167174868,0.5002478929102627,0.6511811023622047,102.5
siga,Java,51feb97c09e72abd,5,2021,2025,0.35770946950917204,0.00580759085828203,0.35703630034808553,0.3635547576301616,18.0
siga,Java,522354d247609ac7,5,2021,2025,0.24739712444224096,0.0022091747703574527,0.2473893585280955,0.2519449431478157,48.0
siga,Java,523b95b9caa3e300,6,2020,2025,0.08173445002616841,0.003689014869895979,0.08081308874566187,0.10047095761381476,58.0
siga,Java,524f990f0f7d00da,6,2020,2025,0.24739324148516822,0.004525452000169988,0.2336923997606224,0.24960629921259841,10.0
siga,Java,52e489620fd1d3dc,3,2023,2025,0.477689638076351,0.03580271323782652,0.4286424664346096,0.5002478929102627,98.0
siga,Java,530b6c389e23193c,6,2020,2025,0.08173445002616841,0.003689014869895979,0.08081308874566187,0.10047095761381476,9.0
siga,Java,532109b72f166f29,5,2021,2025,0.44348041646008923,0.014837950025479607,0.36876640419947504,0.4542190305206463,21.0
siga,Java,535a95a0f13f2d0b,5,2021,2025,0.44348041646008923,0.014837950025479607,0.36876640419947504,0.4542190305206463,18.0
siga,Java,5362cabbb59e58d9,6,2020,2025,0.39870443531704236,0.19221191130599985,0.2336923997606224,0.5002478929102627,27.0
siga,Java,53b1e4f6bcd1d482,4,2022,2025,0.45316605225548034,0.069655750909003,0.36876640419947504,0.5002478929102627,34.0
siga,Java,53b4cb570b403163,6,2020,2025,0.3573728849286288,0.08742606161210353,0.2336923997606224,0.36351706036745407,25.0
siga,Java,53c006497b023413,6,2020,2025,0.08173445002616841,0.003689014869895979,0.08081308874566187,0.10047095761381476,8.0
siga,Java,5402f1bb59e4914c,6,2020,2025,0.08173445002616841,0.003689014869895979,0.08081308874566187,0.10047095761381476,293.0
siga,Java,540a982ed1ed9d59,5,2021,2025,0.35770946950917204,0.00580759085828203,0.35703630034808553,0.3635547576301616,18.0
siga,Java,540e78190bff14f4,4,2022,2025,0.48896876549330687,0.09781581729893357,0.4286424664346096,0.7522309711286089,71.0
siga,Java,5443673a653d82ac,6,2020,2025,0.9735328413618627,0.002383646954186247,0.5002478929102627,0.9816011934361014,604.5
siga,Java,5445b310c4261e47,3,2023,2025,0.5002478929102627,0.16033469364208303,0.477689638076351,0.7983590253605172,46.0
siga,Java,545b904e0143fb0b,6,2020,2025,0.44348041646008923,0.006658261451779002,0.2413657770800628,0.4542190305206463,38.0
siga,Java,54c8b3e237de9d38,6,2020,2025,0.6272933061200028,0.3116134058341059,0.4286424664346096,0.8606299212598425,209.0
siga,Java,54f4f522b02cd701,3,2023,2025,0.24739712444224096,3.882957072737225e-06,0.2473893585280955,0.24739712444224096,67.0
siga,Java,54fb85556ddd8b1e,6,2020,2025,0.08173445002616841,0.003689014869895979,0.08081308874566187,0.10047095761381476,14.0
siga,Java,54ff7690012b4d52,4,2022,2025,0.48896876549330687,0.0390231663802984,0.4286424664346096,0.5170603674540682,43.0
siga,Java,5511241903003e7a,6,2020,2025,0.39870443531704236,0.19221191130599985,0.2336923997606224,0.5002478929102627,76.0
siga,Java,551e345cb824f7ca,6,2020,2025,0.45316605225548034,0.11087290944352607,0.2413657770800628,0.5831837223219629,151.0
siga,Java,5630e62a8dc3eb26,4,2022,2025,0.08093364531763451,0.0005812372122259157,0.08081308874566187,0.08241469816272966,7.0
siga,Java,56997655074c6e66,6,2020,2025,0.08173445002616841,0.003689014869895979,0.08081308874566187,0.10047095761381476,80.0
siga,Java,569c5475a42c69a3,6,2020,2025,0.9806355081755354,0.005682084449869618,0.5002478929102627,0.9826771653543307,577.5
siga,Java,579720a85ecdd1d2,5,2021,2025,0.24739712444224096,0.0022091747703574527,0.2473893585280955,0.2519449431478157,33.0
siga,Java,57c4dda33687cc3d,6,2020,2025,0.39870443531704236,0.19221191130599985,0.2336923997606224,0.5002478929102627,78.0
siga,Java,57d685bf6dab196d,4,2022,2025,0.44348041646008923,0.0057002757797990355,0.4286424664346096,0.45144356955380577,28.0
siga,Java,57fcd8645d3da2ec,5,2021,2025,0.8239681750372949,0.3242439266236986,0.36876640419947504,0.8348294434470377,191.0
siga,Java,58051892acc39f4c,5,2021,2025,0.35770946950917204,0.00580759085828203,0.35703630034808553,0.3635547576301616,18.0
siga,Java,58164150e77cc8e9,1,2020,2020,0.2413657770800628,0.0,0.2413657770800628,0.2413657770800628,12.0
siga,Java,58257f4639974ef8,6,2020,2025,0.39870443531704236,0.19221191130599985,0.2336923997606224,0.5002478929102627,91.0
siga,Java,58c0dde89936a6c4,6,2020,2025,0.45316605225548034,0.11087290944352607,0.2336923997606224,0.5863422291993721,49.0
siga,Java,58d392018cee5ff2,5,2021,2025,0.24739712444224096,0.0022091747703574527,0.2473893585280955,0.2519449431478157,24.0
siga,Java,58f620166a139b71,6,2020,2025,0.39870443531704236,0.19221191130599985,0.2336923997606224,0.5002478929102627,32.0
siga,Java,590bc412ed0fa590,6,2020,2025,0.24739324148516822,0.004525452000169988,0.2336923997606224,0.24960629921259841,18.0
siga,Java,593e4ecd70210e3d,6,2020,2025,0.3573728849286288,0.033854633040674986,0.2336923997606224,0.36351706036745407,27.0
siga,Java,594d45ff58b79dfb,6,2020,2025,0.39870443531704236,0.1665549950938035,0.2336923997606224,0.44348041646008923,27.0
siga,Java,59543c43bd3ef29c,6,2020,2025,0.39870443531704236,0.19221191130599985,0.2336923997606224,0.5002478929102627,31.0
siga,Java,5965bd1926c654fa,5,2021,2025,0.24739712444224096,0.0022091747703574527,0.2473893585280955,0.2519449431478157,29.0
siga,Java,597c0b8f8533eb43,5,2021,2025,0.35770946950917204,0.00580759085828203,0.35703630034808553,0.3635547576301616,18.0
siga,Java,599315a443550425,5,2021,2025,0.08105420188960716,0.001601609417067787,0.08081308874566187,0.08527827648114901,4.0
siga,Java,59a0a23301e08034,6,2020,2025,0.08173445002616841,0.003689014869895979,0.08081308874566187,0.10047095761381476,6.0
siga,Java,59a1183d7e8adcb0,6,2020,2025,0.48896876549330687,0.14363573586054268,0.2336923997606224,0.7375328083989501,148.0
siga,Java,59a40d2804cdde9e,5,2021,2025,0.35770946950917204,0.00580759085828203,0.35703630034808553,0.3635547576301616,18.0
siga,Java,59dfe3e4b8aa8140,6,2020,2025,0.17328335884916424,0.006661094583956084,0.17203767972235995,0.21585557299843014,8.0
siga,Java,5a10296a73f9ea7b,6,2020,2025,0.39870443531704236,0.1665549950938035,0.2336923997606224,0.44348041646008923,18.0
siga,Java,5a287f0dd195d960,6,2020,2025,0.24739324148516822,0.004525452000169988,0.2336923997606224,0.24960629921259841,12.0
siga,Java,5a2d393af1a6e422,5,2021,2025,0.24739712444224096,0.0022091747703574527,0.2473893585280955,0.2519449431478157,27.0
siga,Java,5a4aad86b4a6ade1,4,2022,2025,0.24739712444224096,0.000554235171125711,0.2473893585280955,0.24960629921259841,14.0
siga,Java,5ae40aeee4205f57,6,2020,2025,0.17328335884916424,0.006661094583956084,0.17203767972235995,0.21585557299843014,9.0
siga,Java,5aebc4fb5453f374,5,2021,2025,0.24739712444224096,0.0022091747703574527,0.2473893585280955,0.2519449431478157,15.0
siga,Java,5b055fa06cf6a871,5,2021,2025,0.35770946950917204,0.00580759085828203,0.35703630034808553,0.3635547576301616,18.0
siga,Java,5b154424617b6a60,6,2020,2025,0.39870443531704236,0.19221191130599985,0.2336923997606224,0.5002478929102627,21.0
siga,Java,5b37ea285f32b7af,6,2020,2025,0.2485017118274197,0.003963157721770388,0.2473893585280955,0.25824175824175827,14.0
siga,Java,5b516bdad4825322,3,2023,2025,0.477689638076351,0.03580271323782652,0.4286424664346096,0.5002478929102627,140.0
siga,Java,5b57cd05ecfbda00,6,2020,2025,0.08173445002616841,0.003689014869895979,0.08081308874566187,0.10047095761381476,4.0
siga,Java,5b71aea0875e357e,6,2020,2025,0.35770946950917204,0.004860570014526444,0.31279434850863425,0.3635547576301616,18.0
siga,Java,5b7fec77e3d16131,6,2020,2025,0.40290051108229696,0.06890648687161699,0.2336923997606224,0.44348041646008923,22.0
siga,Java,5b812a2416d85576,3,2023,2025,0.5002478929102627,0.10588417151378876,0.477689638076351,0.6894579811039284,50.0
siga,Java,5b8581ca1ed8ef73,6,2020,2025,0.08173445002616841,0.003689014869895979,0.08081308874566187,0.10047095761381476,9.0
siga,Java,5b9a70adc8bd1724,5,2021,2025,0.5002478929102627,0.03936601721987876,0.4286424664346096,0.5170603674540682,41.0
siga,Java,5b9c08dc9bff2b2e,6,2020,2025,0.08173445002616841,0.003689014869895979,0.08081308874566187,0.10047095761381476,117.0
siga,Java,5b9e49ed228b3c3b,6,2020,2025,0.45316605225548034,0.11087290944352607,0.2336923997606224,0.6126373626373627,100.0
siga,Java,5ba981ca1448cd0a,6,2020,2025,0.40290051108229696,0.06890648687161699,0.2336923997606224,0.44348041646008923,27.0
siga,Java,5bb2a311f2b654a0,6,2020,2025,0.08173445002616841,0.003689014869895979,0.08081308874566187,0.10047095761381476,280.0
siga,Java,5bcd8fbdfe03d261,6,2020,2025,0.08173445002616841,0.003689014869895979,0.08081308874566187,0.10047095761381476,117.0
siga,Java,5bd6c1ee523a9ded,6,2020,2025,0.08173445002616841,0.003689014869895979,0.08081308874566187,0.10047095761381476,148.0
siga,Java,5bfb39f8ba32d418,5,2021,2025,0.24739712444224096,0.0022091747703574527,0.2473893585280955,0.2519449431478157,41.0
siga,Java,5c00fe00781235aa,6,2020,2025,0.08173445002616841,0.003689014869895979,0.08081308874566187,0.10047095761381476,15.0
siga,Java,5c0973150c0f8498,6,2020,2025,0.45316605225548034,0.11087290944352607,0.2413657770800628,0.5831837223219629,108.0
siga,Java,5c224b0dba7d9ac5,4,2022,2025,0.6971652194536395,0.4166359949941403,0.477689638076351,0.9627296587926509,170.0
siga,Java,5c3ccf983aa324c1,6,2020,2025,0.39870443531704236,0.1665549950938035,0.2336923997606224,0.44348041646008923,21.0
siga,Java,5c42778a4e70b87c,6,2020,2025,0.39870443531704236,0.19221191130599985,0.2336923997606224,0.5002478929102627,56.0
siga,Java,5c44d1b4376eeefe,6,2020,2025,0.5086517741032462,0.033729987629779634,0.2413657770800628,0.6345101939333665,85.0
siga,Java,5c58fcab2fd2e2e4,6,2020,2025,0.7937531488244934,0.321522864923391,0.477689638076351,0.9330708661417323,160.0
siga,Java,5c5d6377dd8d80fd,6,2020,2025,0.48896876549330687,0.24991175337982774,0.36876640419947504,0.7955259026687598,146.0
siga,Java,5ca0d9e827f0ee58,4,2022,2025,0.48896876549330687,0.1120546624432906,0.4286424664346096,0.8091863517060367,134.0
siga,Java,5cc30ed701c31287,4,2022,2025,0.48896876549330687,0.06638537110470782,0.4286424664346096,0.626509186351706,50.0
siga,Java,5cc6a7ee2f1dad8d,6,2020,2025,0.08173445002616841,0.003689014869895979,0.08081308874566187,0.10047095761381476,83.0
siga,Java,5d47af37bb34a0f8,6,2020,2025,0.08173445002616841,0.003689014869895979,0.08081308874566187,0.10047095761381476,39.0
siga,Java,5d55fbee0578fcbe,6,2020,2025,0.24739324148516822,0.004525452000169988,0.2336923997606224,0.24960629921259841,12.0
siga,Java,5d7c022fde6c41eb,5,2021,2025,0.24739712444224096,0.0022091747703574527,0.2473893585280955,0.2519449431478157,33.0
siga,Java,5d9c71711f287597,4,2022,2025,0.24739712444224096,0.000554235171125711,0.2473893585280955,0.24960629921259841,17.0
siga,Java,5db28ac9d66c22c4,5,2021,2025,0.5002478929102627,0.30948092383314674,0.36876640419947504,0.7965290245362059,147.0
siga,Java,5db3ff240adf0b45,5,2021,2025,0.24739712444224096,0.0022091747703574527,0.2473893585280955,0.2519449431478157,32.0
siga,Java,5e08e9bb96ce9571,4,2022,2025,0.08093364531763451,0.0005812372122259157,0.08081308874566187,0.08241469816272966,10.0
siga,Java,5e0bbfd2aa63319c,6,2020,2025,0.39870443531704236,0.19221191130599985,0.2336923997606224,0.5002478929102627,48.0
siga,Java,5e155bfa662acd26,5,2021,2025,0.24739712444224096,0.0022091747703574527,0.2473893585280955,0.2519449431478157,30.0
siga,Java,5e35d8fed9271e12,5,2021,2025,0.5002478929102627,0.19047313870402005,0.4286424664346096,0.6910761154855644,43.0
siga,Java,5e4afee232e81f0d,6,2020,2025,0.08173445002616841,0.003689014869895979,0.08081308874566187,0.10047095761381476,107.0
siga,Java,5e7ac8f16cdc3275,6,2020,2025,0.6506970416947334,0.2090431417938423,0.477689638076351,0.7643044619422572,97.5
siga,Java,5ea1e8fd47b6666c,5,2021,2025,0.44348041646008923,0.014837950025479607,0.36876640419947504,0.4542190305206463,32.0
siga,Java,5eab4136e4a908f4,5,2021,2025,0.35770946950917204,0.00580759085828203,0.35703630034808553,0.3635547576301616,26.0
siga,Java,5f341de00a7a4c71,5,2021,2025,0.08105420188960716,0.001601609417067787,0.08081308874566187,0.08527827648114901,6.0
siga,Java,5f4d9a4b601511a9,6,2020,2025,0.39870443531704236,0.19221191130599985,0.2336923997606224,0.5002478929102627,198.0
siga,Java,5f9081649f1b1f72,6,2020,2025,0.5417158076161128,0.12194475077368372,0.4286424664346096,0.8091863517060367,144.0
siga,Java,5f9e3350f3ca80ab,5,2021,2025,0.5002478929102627,0.07203686615040183,0.36876640419947504,0.5909634949132256,28.0
siga,Java,5fad413744496bac,6,2020,2025,0.08173445002616841,0.003689014869895979,0.08081308874566187,0.10047095761381476,1.0
siga,Java,5fd1b8bb5ecf21e7,5,2021,2025,0.5002478929102627,0.32931215725578544,0.4286424664346096,0.8160104986876641,141.0
siga,Java,5fe55296651b933d,3,2023,2025,0.44348041646008923,0.0074189750127398035,0.4286424664346096,0.44348041646008923,21.0
siga,Java,5ffb47807e07bece,6,2020,2025,0.48896876549330687,0.24784357735512375,0.2336923997606224,0.6108901044256588,27.5
siga,Java,601f1b9967b55aa5,4,2022,2025,0.48896876549330687,0.12898379630155826,0.4286424664346096,0.8769028871391076,141.0
siga,Java,602988c3c0c3c204,6,2020,2025,0.08173445002616841,0.003689014869895979,0.08081308874566187,0.10047095761381476,4.0
siga,Java,6054333f5bea1a37,6,2020,2025,0.24739712444224096,0.0016627055133772162,0.2336923997606224,0.25824175824175827,10.0
siga,Java,605f95312a0c4477,6,2020,2025,0.08173445002616841,0.003689014869895979,0.08081308874566187,0.10047095761381476,115.0
siga,Java,607a9bcfef5e0561,6,2020,2025,0.39870443531704236,0.19221191130599985,0.2336923997606224,0.5002478929102627,23.0
siga,Java,607b77f19ccc2a53,6,2020,2025,0.7817625355178897,0.32376931651184737,0.477689638076351,0.9477871705619095,194.0
siga,Java,609493e0d006bdf1,6,2020,2025,0.45316605225548034,0.11087290944352607,0.2336923997606224,0.6126373626373627,78.0
siga,Java,60ab72bfe5ac6635,5,2021,2025,0.24739712444224096,0.0022091747703574527,0.2473893585280955,0.2519449431478157,39.0
siga,Java,60b0432796563f93,6,2020,2025,0.48896876549330687,0.14363573586054268,0.36876640419947504,0.8818073010173548,256.0
siga,Java,60ba9e385c7eca7b,3,2023,2025,0.477689638076351,0.03580271323782652,0.4286424664346096,0.5002478929102627,1148.0
siga,Java,60effa96dd56e044,6,2020,2025,0.08173445002616841,0.003689014869895979,0.08081308874566187,0.10047095761381476,203.0
siga,Java,60f2c37e2a6aa708,6,2020,2025,0.45316605225548034,0.10362262555360768,0.2336923997606224,0.5002478929102627,31.0
siga,Java,61578bd1cefadfb8,6,2020,2025,0.39870443531704236,0.19221191130599985,0.2336923997606224,0.5002478929102627,86.0
siga,Java,616f67320fac69d5,3,2023,2025,0.477689638076351,0.03580271323782652,0.4286424664346096,0.5002478929102627,314.0
siga,Java,6193d876f2ecea1e,5,2021,2025,0.24739712444224096,0.0022091747703574527,0.2473893585280955,0.2519449431478157,43.0
siga,Java,61acb381f86d2e33,6,2020,2025,0.3573728849286288,0.08742606161210353,0.2336923997606224,0.36351706036745407,12.0
siga,Java,61b9b56adb78a317,6,2020,2025,0.39870443531704236,0.19221191130599985,0.2336923997606224,0.5002478929102627,21.0
siga,Java,61c4bfddd65ce03a,6,2020,2025,0.48896876549330687,0.14363573586054268,0.2336923997606224,0.8091863517060367,150.0
siga,Java,620ef072da8c3d00,6,2020,2025,0.08173445002616841,0.003689014869895979,0.08081308874566187,0.10047095761381476,3.0
siga,Java,622e8ad08066a075,6,2020,2025,0.3573728849286288,0.08742606161210353,0.2336923997606224,0.36351706036745407,55.0
siga,Java,6232b033757f659b,6,2020,2025,0.45316605225548034,0.11087290944352607,0.2413657770800628,0.5831837223219629,112.0
siga,Java,625037b130829485,2,2020,2021,0.1981432263555885,0.01771234664284163,0.18043087971274685,0.21585557299843014,6.0
siga,Java,62559438e3299b95,6,2020,2025,0.45316605225548034,0.10457879579564411,0.36876640419947504,0.644524236983842,44.0
siga,Java,625d3d130b012044,6,2020,2025,0.45316605225548034,0.11087290944352607,0.2336923997606224,0.5255102040816326,29.0
siga,Java,62635ea5d59f8e58,6,2020,2025,0.39870443531704236,0.19221191130599985,0.2336923997606224,0.5002478929102627,33.0
siga,Java,628afe2038325a30,4,2022,2025,0.48896876549330687,0.050834190002345736,0.4286424664346096,0.5643044619422573,45.0
siga,Java,62d33c47db982185,6,2020,2025,0.40290051108229696,0.06890648687161699,0.2336923997606224,0.44348041646008923,27.0
siga,Java,62d574e8cd6fc6ce,6,2020,2025,0.4352788470320615,0.08501061570638291,0.2336923997606224,0.5002478929102627,48.0
siga,Java,62f114886b49f277,5,2021,2025,0.24739712444224096,0.0022091747703574527,0.2473893585280955,0.2519449431478157,26.0
siga,Java,630128ca503f08be,6,2020,2025,0.35770946950917204,0.004860570014526444,0.21585557299843014,0.3635547576301616,37.0
siga,Java,6343eb688738e8c1,6,2020,2025,0.48896876549330687,0.12154550562399291,0.36876640419947504,0.7955259026687598,194.0
siga,Java,63482bd751e3b3c0,6,2020,2025,0.39870443531704236,0.19221191130599985,0.2336923997606224,0.5002478929102627,469.0
siga,Java,6355a3e3e54a8a8c,4,2022,2025,0.48896876549330687,0.0725533501073326,0.4286424664346096,0.6511811023622047,65.0
siga,Java,635738001596b0b3,4,2022,2025,0.48896876549330687,0.050834190002345736,0.4286424664346096,0.5643044619422573,51.0
siga,Java,63672052ab34e999,3,2023,2025,0.477689638076351,0.03580271323782652,0.4286424664346096,0.5002478929102627,119.0
siga,Java,63695df181e45f2d,6,2020,2025,0.3573728849286288,0.08742606161210353,0.2336923997606224,0.36351706036745407,17.0
siga,Java,636bdf088f46fa08,6,2020,2025,0.48896876549330687,0.14363573586054268,0.36876640419947504,0.7543387193297427,451.0
siga,Java,637f4ea075baadae,6,2020,2025,0.4352788470320615,0.08501061570638291,0.2336923997606224,0.5002478929102627,35.0
siga,Java,6381d5f7a572dfab,6,2020,2025,0.5417158076161128,0.26935649257518923,0.4286424664346096,0.8567503924646782,201.0
siga,Java,63882a5f2cd96f50,6,2020,2025,0.08173445002616841,0.003689014869895979,0.08081308874566187,0.10047095761381476,50.0
siga,Java,638d82d42377c03b,5,2021,2025,0.8091863517060367,0.46021953622946876,0.477689638076351,0.961998803111909,469.0
siga,Java,6391d635f83309b0,6,2020,2025,0.08173445002616841,0.003689014869895979,0.08081308874566187,0.10047095761381476,45.0
siga,Java,63a2cb58b6363fe0,6,2020,2025,0.08173445002616841,0.003689014869895979,0.08081308874566187,0.10047095761381476,9.0
siga,Java,641ab8cfc0155475,1,2020,2020,0.2413657770800628,0.0,0.2413657770800628,0.2413657770800628,25.0
siga,Java,64654d5722b09768,6,2020,2025,0.48413524290002796,0.05692687226857829,0.36876640419947504,0.5583482944344704,56.0
siga,Java,6495968f81782c0d,6,2020,2025,0.39870443531704236,0.19221191130599985,0.2336923997606224,0.5002478929102627,35.0
siga,Java,649dd85eba190861,4,2022,2025,0.48896876549330687,0.09026988554040344,0.4286424664346096,0.7220472440944882,69.0
siga,Java,64a9d976b2d6869c,5,2021,2025,0.44348041646008923,0.014837950025479607,0.36876640419947504,0.4542190305206463,24.0
siga,Java,64c25f4d4ea3101c,6,2020,2025,0.39870443531704236,0.19221191130599985,0.2336923997606224,0.5002478929102627,76.0
siga,Java,650b2ba0017ff4bd,5,2021,2025,0.08105420188960716,0.001601609417067787,0.08081308874566187,0.08527827648114901,6.0
siga,Java,6530ffb460a4b2ff,6,2020,2025,0.08173445002616841,0.003689014869895979,0.08081308874566187,0.10047095761381476,26.0
siga,Java,655568fcabc92b53,6,2020,2025,0.39870443531704236,0.19221191130599985,0.2336923997606224,0.5002478929102627,21.0
siga,Java,65a633057d8af27f,6,2020,2025,0.48413524290002796,0.05692687226857829,0.36876640419947504,0.5583482944344704,47.0
siga,Java,65b68da847739ca5,5,2021,2025,0.477689638076351,0.0716054264756531,0.36876640419947504,0.5583482944344704,25.0
siga,Java,65e0a994e6c3c78a,4,2022,2025,0.48896876549330687,0.06638537110470782,0.4286424664346096,0.626509186351706,33.0
siga,Java,65e5f2f638cce435,6,2020,2025,0.17328335884916424,0.006661094583956084,0.17203767972235995,0.21585557299843014,16.0
siga,Java,660e9aaf80f38430,6,2020,2025,0.48896876549330687,0.12154550562399291,0.36876640419947504,0.6126373626373627,84.0
siga,Java,665052482fa30e29,6,2020,2025,0.39870443531704236,0.19221191130599985,0.2336923997606224,0.5002478929102627,25.0
siga,Java,6650c76a124bc080,6,2020,2025,0.39870443531704236,0.19221191130599985,0.2336923997606224,0.5002478929102627,45.0
siga,Java,66d58e5c2bc7a4a1,4,2022,2025,0.48896876549330687,0.050834190002345736,0.4286424664346096,0.5643044619422573,35.0
siga,Java,66e142c69cf19f11,6,2020,2025,0.6682867232355024,0.39631409610311885,0.36876640419947504,0.9501569858712716,408.0
siga,Java,66e675dec0856fb2,5,2021,2025,0.44348041646008923,0.014837950025479607,0.36876640419947504,0.4542190305206463,22.0
siga,Java,66e961808b0307ad,4,2022,2025,0.6547171223081497,0.32806330681390944,0.4286424664346096,0.8140803173029252,134.5
siga,Java,66ead49d603ece0f,6,2020,2025,0.08173445002616841,0.003689014869895979,0.08081308874566187,0.10047095761381476,69.0
siga,Java,66ed16295b223290,6,2020,2025,0.08173445002616841,0.003689014869895979,0.08081308874566187,0.10047095761381476,126.0
siga,Java,66f2da4ed6abbd2f,5,2021,2025,0.9727317798710957,0.008838527207967739,0.5002478929102627,0.988031119090365,864.0
siga,Java,6737edbb6d9184af,6,2020,2025,0.9997513674788663,0.0006820753086580478,0.5002478929102627,1.0,6721.5
siga,Java,6748b88ce5cd4b29,5,2021,2025,0.35770946950917204,0.00580759085828203,0.35703630034808553,0.3635547576301616,18.0
siga,Java,674c57c0a5424da6,6,2020,2025,0.45316605225548034,0.11087290944352607,0.2413657770800628,0.5831837223219629,110.0
siga,Java,67606e5b7e9bc7aa,6,2020,2025,0.39870443531704236,0.19221191130599985,0.2336923997606224,0.5002478929102627,37.0
siga,Java,6768b6972b15bb9b,6,2020,2025,0.9416089815696116,0.3521570435147805,0.477689638076351,0.9813525609149677,1833.5
siga,Java,6786a95d3af40a8c,5,2021,2025,0.24739712444224096,0.0022091747703574527,0.2473893585280955,0.2519449431478157,44.0
siga,Java,67ccce99baa1c413,6,2020,2025,0.3573728849286288,0.033854633040674986,0.2336923997606224,0.36351706036745407,27.0
siga,Java,67dcbc6d6d01de67,6,2020,2025,0.45316605225548034,0.11087290944352607,0.2336923997606224,0.6102825745682888,37.0
siga,Java,67df5e51d5a32a7a,6,2020,2025,0.45316605225548034,0.11087290944352607,0.2336923997606224,0.5863422291993721,55.0
siga,Java,67ea150c018fecb2,6,2020,2025,0.48896876549330687,0.16645255230034384,0.2413657770800628,0.6732968672302337,52.0
siga,Java,67f05789801fe112,6,2020,2025,0.39870443531704236,0.19221191130599985,0.2336923997606224,0.5002478929102627,33.0
siga,Java,6816f757b8eac85c,3,2023,2025,0.5002478929102627,0.23678919389071557,0.477689638076351,0.9512680258577823,519.0
siga,Java,681b0f3404861109,6,2020,2025,0.9648290817500871,0.3711314506463571,0.477689638076351,0.9885629040278469,1000.0
siga,Java,68461f003541ef56,4,2022,2025,0.17229432469459618,0.0008794845356383807,0.17203767972235995,0.17401574803149605,12.0
siga,Java,68469aefcee73b6b,6,2020,2025,0.08173445002616841,0.003689014869895979,0.08081308874566187,0.10047095761381476,5.0
siga,Java,684bfe4f8d123ebf,5,2021,2025,0.24739712444224096,0.0022091747703574527,0.2473893585280955,0.2519449431478157,23.0
siga,Java,6866c12e0bf8b3be,6,2020,2025,0.08173445002616841,0.003689014869895979,0.08081308874566187,0.10047095761381476,3.0
siga,Java,6877cd32159b8dff,6,2020,2025,0.08173445002616841,0.003689014869895979,0.08081308874566187,0.10047095761381476,72.0
siga,Java,687bb6d27afe7c5b,5,2021,2025,0.24739712444224096,0.0022091747703574527,0.2473893585280955,0.2519449431478157,29.0
siga,Java,68a533432ee1db48,6,2020,2025,0.39870443531704236,0.19221191130599985,0.2336923997606224,0.5002478929102627,25.0
siga,Java,68b5e8a29002b9d7,6,2020,2025,0.5707675885273449,0.19180410937695103,0.4286424664346096,0.6910761154855644,74.0
siga,Java,68d18c322142fb2e,5,2021,2025,0.08105420188960716,0.001601609417067787,0.08081308874566187,0.08527827648114901,38.0
siga,Java,6903c2c20f442b0b,6,2020,2025,0.08173445002616841,0.003689014869895979,0.08081308874566187,0.10047095761381476,98.0
siga,Java,69326134cef712de,6,2020,2025,0.08173445002616841,0.003689014869895979,0.08081308874566187,0.10047095761381476,18.0
siga,Java,693bd5ac32ff027c,6,2020,2025,0.39870443531704236,0.19221191130599985,0.2336923997606224,0.5002478929102627,67.0
siga,Java,694529c186dd0999,1,2020,2020,0.49058084772370486,0.0,0.49058084772370486,0.49058084772370486,24.0
siga,Java,696add0b0633d0d5,2,2020,2021,0.09287461704748189,0.0075963405663328765,0.08527827648114901,0.10047095761381476,45.0
siga,Java,696f3e7c2bdffd87,4,2022,2025,0.24739712444224096,0.000554235171125711,0.2473893585280955,0.24960629921259841,24.0
siga,Java,699b2fcacf6b2764,6,2020,2025,0.45316605225548034,0.11087290944352607,0.2413657770800628,0.5831837223219629,57.0
siga,Java,69c9f52725285ebb,3,2023,2025,0.08081308874566187,0.00012055657197264369,0.08081308874566187,0.08105420188960716,400.0
siga,Java,6a27349278dfab2a,6,2020,2025,0.45316605225548034,0.11087290944352607,0.2413657770800628,0.7543387193297427,213.0
siga,Java,6a2ba0d1cab0632a,6,2020,2025,0.45316605225548034,0.20642337978308528,0.2336923997606224,0.8091863517060367,315.0
siga,Java,6a2fe69e4d19abbe,3,2023,2025,0.477689638076351,0.03580271323782652,0.4286424664346096,0.5002478929102627,127.0
siga,Java,6a5fb164945e7367,3,2023,2025,0.35770946950917204,0.00033658458054325324,0.35703630034808553,0.35770946950917204,23.0
siga,Java,6a60ac398ea488ca,5,2021,2025,0.24739712444224096,0.0022091747703574527,0.2473893585280955,0.2519449431478157,36.0
siga,Java,6a8cbfa7235f8ddc,6,2020,2025,0.39870443531704236,0.19221191130599985,0.2336923997606224,0.5002478929102627,44.0
siga,Java,6ac274184c043413,5,2021,2025,0.35770946950917204,0.00580759085828203,0.35703630034808553,0.3635547576301616,18.0
siga,Java,6ac3a170401bd514,4,2022,2025,0.48896876549330687,0.08639849446428799,0.4286424664346096,0.7065616797900263,65.0
siga,Java,6aef3e67540541bf,5,2021,2025,0.5002478929102627,0.4834652175666936,0.4286424664346096,0.9640933572710951,459.0
siga,Java,6af2791d02961fc5,6,2020,2025,0.45316605225548034,0.11087290944352607,0.2413657770800628,0.5583482944344704,33.0
siga,Java,6b24614a99390c9b,6,2020,2025,0.39870443531704236,0.19221191130599985,0.2336923997606224,0.5002478929102627,30.0
siga,Java,6b40b8b465072c0a,6,2020,2025,0.39870443531704236,0.19221191130599985,0.2336923997606224,0.5002478929102627,115.0
siga,Java,6b53965dbab9ee8a,3,2023,2025,0.477689638076351,0.03580271323782652,0.4286424664346096,0.5002478929102627,1440.0
siga,Java,6b54054fbda735de,6,2020,2025,0.39870443531704236,0.19221191130599985,0.2336923997606224,0.5002478929102627,39.0
siga,Java,6b69509568b67094,5,2021,2025,0.24739712444224096,0.0022091747703574527,0.2473893585280955,0.2519449431478157,24.0
siga,Java,6b866d40301399e3,6,2020,2025,0.45316605225548034,0.11087290944352607,0.2336923997606224,0.6126373626373627,83.0
siga,Java,6b9f7240b84afa8b,6,2020,2025,0.423228021137913,0.22139239534186894,0.2336923997606224,0.6894579811039284,57.0
siga,Java,6baf037041c6849e,5,2021,2025,0.35770946950917204,0.00580759085828203,0.35703630034808553,0.3635547576301616,17.0
siga,Java,6bb16c96c9a1e510,6,2020,2025,0.5417158076161128,0.25911115579723165,0.36876640419947504,0.8940825459970164,263.0
siga,Java,6bbf0a120e348317,5,2021,2025,0.35770946950917204,0.00580759085828203,0.35703630034808553,0.3635547576301616,18.0
siga,Java,6bc18b9e781d9fe4,1,2020,2020,0.2413657770800628,0.0,0.2413657770800628,0.2413657770800628,43.0
siga,Java,6bec95c7f1c96b5e,6,2020,2025,0.40290051108229696,0.06890648687161699,0.2336923997606224,0.44348041646008923,27.0
siga,Java,6c0c416fa8c12d57,6,2020,2025,0.7169606811490089,0.46268759075896027,0.4286424664346096,0.9763614602034709,746.0
siga,Java,6c189e4ea27e204f,6,2020,2025,0.39870443531704236,0.1665549950938035,0.2336923997606224,0.44348041646008923,18.0
siga,Java,6c35589dc595842f,6,2020,2025,0.45316605225548034,0.11087290944352607,0.2336923997606224,0.6126373626373627,78.0
siga,Java,6c7b3988a03f2bd5,6,2020,2025,0.39870443531704236,0.19221191130599985,0.2336923997606224,0.5002478929102627,68.0
siga,Java,6cc29240f511e255,6,2020,2025,0.9162950098270684,0.1482975584900914,0.5002478929102627,0.943063152660368,293.5
siga,Java,6cc37f4d7d85c24d,6,2020,2025,0.8023561271873982,0.33552655707189827,0.477689638076351,0.9491322561340515,498.0
siga,Java,6ccc167b8918586d,6,2020,2025,0.39870443531704236,0.19221191130599985,0.2336923997606224,0.5002478929102627,44.0
siga,Java,6cf0afffe0e3aa73,6,2020,2025,0.48896876549330687,0.14363573586054268,0.36876640419947504,0.8348294434470377,196.0
siga,Java,6cfb3481006721b4,6,2020,2025,0.08173445002616841,0.003689014869895979,0.08081308874566187,0.10047095761381476,8.0
siga,Java,6d0ebb79c1115321,6,2020,2025,0.45316605225548034,0.11087290944352607,0.2336923997606224,0.6126373626373627,146.0
siga,Java,6d1a079b0ed3a25f,6,2020,2025,0.45316605225548034,0.11087290944352607,0.2413657770800628,0.7543387193297427,72.0
siga,Java,6d35d620baad91ed,6,2020,2025,0.08173445002616841,0.003689014869895979,0.08081308874566187,0.10047095761381476,21.0
siga,Java,6d66e5cc820ec863,1,2020,2020,0.2413657770800628,0.0,0.2413657770800628,0.2413657770800628,224.0
siga,Java,6d6d325d407da360,4,2022,2025,0.24739712444224096,0.000554235171125711,0.2473893585280955,0.24960629921259841,11.0
siga,Java,6da7b30e257ffea6,6,2020,2025,0.45316605225548034,0.11087290944352607,0.2336923997606224,0.5255102040816326,41.0
siga,Java,6daeb3b4b1da126f,6,2020,2025,0.24739712444224096,0.0016627055133772162,0.2336923997606224,0.25824175824175827,10.0
siga,Java,6daed6c628975936,5,2021,2025,0.5002478929102627,0.10549408424561191,0.4286424664346096,0.6511811023622047,36.0
siga,Java,6dc26b227c4396cb,6,2020,2025,0.40290051108229696,0.06890648687161699,0.2336923997606224,0.44348041646008923,26.0
siga,Java,6e45279f0d1c5a46,5,2021,2025,0.477689638076351,0.0716054264756531,0.36876640419947504,0.7007779772591263,53.0
siga,Java,6e6c6c0685bd22de,5,2021,2025,0.35770946950917204,0.00580759085828203,0.35703630034808553,0.3635547576301616,18.0
siga,Java,6e7cf4bc66938c6d,5,2021,2025,0.44348041646008923,0.014837950025479607,0.36876640419947504,0.4542190305206463,16.0
siga,Java,6f20d75997388765,6,2020,2025,0.39870443531704236,0.1665549950938035,0.2336923997606224,0.44348041646008923,32.0
siga,Java,6f228161c2bfbea6,6,2020,2025,0.24739712444224096,0.0016627055133772162,0.2336923997606224,0.25824175824175827,15.0
siga,Java,6f37d9331c1e7bf5,3,2023,2025,0.5002478929102627,0.1343525951836047,0.477689638076351,0.7463948284435604,62.0
siga,Java,6f6ae0c6d4eb4001,6,2020,2025,0.17328335884916424,0.006661094583956084,0.17203767972235995,0.21585557299843014,11.0
siga,Java,6f944b7008fe18f7,6,2020,2025,0.39870443531704236,0.19221191130599985,0.2336923997606224,0.5002478929102627,63.0
siga,Java,6f9b2245c2096df0,5,2021,2025,0.44348041646008923,0.014837950025479607,0.08527827648114901,0.45144356955380577,19.0
siga,Java,6fdfa5f484a8f204,6,2020,2025,0.24739324148516822,0.004525452000169988,0.2336923997606224,0.24960629921259841,16.0
siga,Java,6feb77f11b11e706,4,2022,2025,0.08093364531763451,0.0005812372122259157,0.08081308874566187,0.08241469816272966,15.0
siga,Java,6fed9a6ed1588b01,5,2021,2025,0.477689638076351,0.0716054264756531,0.36876640419947504,0.5170556552962298,30.0
siga,Java,700afcc3edbc45bf,6,2020,2025,0.24739712444224096,0.0016627055133772162,0.2336923997606224,0.25824175824175827,10.0
siga,Java,7013d47c2bb9d799,1,2020,2020,0.10047095761381476,0.0,0.10047095761381476,0.10047095761381476,66.0
siga,Java,70344beca6726e64,6,2020,2025,0.3573728849286288,0.033854633040674986,0.2336923997606224,0.36351706036745407,19.0
siga,Java,7040d8f253c55479,6,2020,2025,0.39870443531704236,0.19221191130599985,0.2336923997606224,0.5002478929102627,210.0
siga,Java,7060f3712b178311,6,2020,2025,0.08173445002616841,0.003689014869895979,0.08081308874566187,0.10047095761381476,6.0
siga,Java,70633fabe33049a4,4,2022,2025,0.48896876549330687,0.050834190002345736,0.4286424664346096,0.5643044619422573,45.0
siga,Java,70654ceb09ab2658,6,2020,2025,0.39870443531704236,0.19221191130599985,0.2336923997606224,0.5002478929102627,27.0
siga,Java,7076a5db6acf1d7f,5,2021,2025,0.477689638076351,0.0716054264756531,0.36876640419947504,0.5170556552962298,37.0
siga,Java,70a6be3263e7a105,6,2020,2025,0.08173445002616841,0.003689014869895979,0.08081308874566187,0.10047095761381476,6.0
siga,Java,70d08a6246f5f922,5,2021,2025,0.477689638076351,0.0716054264756531,0.36876640419947504,0.5170556552962298,29.0
siga,Java,70de8d54a738f46f,6,2020,2025,0.39870443531704236,0.1665549950938035,0.2336923997606224,0.44348041646008923,18.0
siga,Java,70e9f08aeb812636,4,2022,2025,0.48896876549330687,0.07813077792885487,0.4286424664346096,0.673490813648294,64.0
siga,Java,70faea7bc9b8c1a5,6,2020,2025,0.2485017118274197,0.003963157721770388,0.2473893585280955,0.25824175824175827,21.0
siga,Java,7107898e31740343,5,2021,2025,0.35770946950917204,0.00580759085828203,0.35703630034808553,0.3635547576301616,18.0
siga,Java,7117873df00f1825,4,2022,2025,0.48896876549330687,0.09026988554040344,0.4286424664346096,0.7220472440944882,57.0
siga,Java,711f2f5dae2ce08a,6,2020,2025,0.39870443531704236,0.1665549950938035,0.2336923997606224,0.44348041646008923,25.0
siga,Java,7165f24b4d590bf6,6,2020,2025,0.9950345704590217,0.018334926627536996,0.5002478929102627,0.9973753280839895,2591.0
siga,Java,717c837c71d34670,3,2023,2025,0.35770946950917204,0.00033658458054325324,0.35703630034808553,0.35770946950917204,25.0
siga,Java,718384c605d36682,4,2022,2025,0.48896876549330687,0.12806516113095462,0.4286424664346096,0.8732283464566929,215.0
siga,Java,71a8e70de599be78,3,2023,2025,0.5002478929102627,0.05367134207569818,0.477689638076351,0.5850323222277474,61.0
siga,Java,71bc8a809178da5c,4,2022,2025,0.48896876549330687,0.09781581729893357,0.4286424664346096,0.7522309711286089,81.0
siga,Java,71c68c8186e5d6b9,6,2020,2025,0.859489307392616,0.3069578667310021,0.477689638076351,0.9275590551181102,210.5
siga,Java,728724d77e8502fb,4,2022,2025,0.48896876549330687,0.1120546624432906,0.4286424664346096,0.8091863517060367,78.0
siga,Java,729bba591e9412ca,3,2023,2025,0.08081308874566187,0.00012055657197264369,0.08081308874566187,0.08105420188960716,115.0
siga,Java,729f45b1437761bf,4,2022,2025,0.08093364531763451,0.0005812372122259157,0.08081308874566187,0.08241469816272966,9.0
siga,Java,72a873cb538bc381,6,2020,2025,0.08173445002616841,0.003689014869895979,0.08081308874566187,0.10047095761381476,55.0
siga,Java,730a29b8d3408d1c,6,2020,2025,0.39870443531704236,0.19221191130599985,0.2336923997606224,0.5002478929102627,417.0
siga,Java,730de9e89ebbe0ec,5,2021,2025,0.24739712444224096,0.0022091747703574527,0.2473893585280955,0.2519449431478157,24.0
siga,Java,73365ff8828a0bc5,4,2022,2025,0.44348041646008923,0.0057002757797990355,0.4286424664346096,0.45144356955380577,31.0
siga,Java,7348b1e684b08a55,4,2022,2025,0.24739712444224096,0.000554235171125711,0.2473893585280955,0.24960629921259841,11.0
siga,Java,736959e53f8d3f56,5,2021,2025,0.35770946950917204,0.00580759085828203,0.35703630034808553,0.3635547576301616,18.0
siga,Java,737633dda28fd590,5,2021,2025,0.477689638076351,0.0716054264756531,0.36876640419947504,0.5583482944344704,41.0
siga,Java,738622eed86683c2,6,2020,2025,0.08173445002616841,0.003689014869895979,0.08081308874566187,0.10047095761381476,4.0
siga,Java,739463891899c018,6,2020,2025,0.24739712444224096,0.0016627055133772162,0.2413657770800628,0.2519449431478157,12.0
siga,Java,73f5aacc7006d8f1,4,2022,2025,0.48896876549330687,0.059758074516781334,0.4286424664346096,0.6,33.0
siga,Java,73f82c142a872b28,6,2020,2025,0.6997302456677298,0.4443781864399946,0.4286424664346096,0.9652902453620587,495.0
siga,Java,7423ccd3cd9c6063,6,2020,2025,0.48896876549330687,0.16882143245840064,0.2336923997606224,0.6558925907508703,38.5
siga,Java,742973b1bdeed981,5,2021,2025,0.24739712444224096,0.0022091747703574527,0.2473893585280955,0.2519449431478157,32.0
siga,Java,74317d53721950c0,4,2022,2025,0.08093364531763451,0.0005812372122259157,0.08081308874566187,0.08241469816272966,10.0
siga,Java,7437dc8d951244bf,6,2020,2025,0.08173445002616841,0.003689014869895979,0.08081308874566187,0.10047095761381476,41.0
siga,Java,7459ea8bef0665a8,6,2020,2025,0.45316605225548034,0.11087290944352607,0.2413657770800628,0.8363255535607421,176.0
siga,Java,746f6e9a365fafd0,6,2020,2025,0.45316605225548034,0.11087290944352607,0.2413657770800628,0.5831837223219629,53.0
siga,Java,7471e30fea88c6fe,6,2020,2025,0.48896876549330687,0.28155448228467517,0.2413657770800628,0.805511811023622,132.0
siga,Java,749f05d229da78fb,6,2020,2025,0.24739324148516822,0.004525452000169988,0.2336923997606224,0.24960629921259841,35.0
siga,Java,74a7ffbf3afefc50,1,2020,2020,0.2413657770800628,0.0,0.2413657770800628,0.2413657770800628,36.0
siga,Java,7520c51d09ff1dc8,5,2021,2025,0.08105420188960716,0.001601609417067787,0.08081308874566187,0.08527827648114901,2.0
siga,Java,753eda6d876a77a9,6,2020,2025,0.08173445002616841,0.003689014869895979,0.08081308874566187,0.10047095761381476,89.0
siga,Java,754dc14ff409c04f,5,2021,2025,0.24739712444224096,0.0022091747703574527,0.2473893585280955,0.2519449431478157,13.0
siga,Java,7558b5fe8686cd4d,6,2020,2025,0.39870443531704236,0.19221191130599985,0.2336923997606224,0.5002478929102627,27.0
siga,Java,75e27ec880eb237c,6,2020,2025,0.9400183800713033,0.3490359305836126,0.477689638076351,0.9560143626570916,374.5
siga,Java,75e4fd857c5a2c90,5,2021,2025,0.477689638076351,0.0716054264756531,0.36876640419947504,0.5583482944344704,50.0
siga,Java,7617d0b279a5130e,6,2020,2025,0.39870443531704236,0.1665549950938035,0.2336923997606224,0.44348041646008923,17.0
siga,Java,7640fe4e81e91cba,6,2020,2025,0.48896876549330687,0.12154550562399291,0.36876640419947504,0.6126373626373627,397.0
siga,Java,76549d370cd109af,5,2021,2025,0.35770946950917204,0.00580759085828203,0.35703630034808553,0.3635547576301616,18.0
siga,Java,765fe86d643edeba,4,2022,2025,0.48896876549330687,0.09026988554040344,0.4286424664346096,0.7220472440944882,48.0
siga,Java,7691d1441a21cb31,4,2022,2025,0.44348041646008923,0.039358528095474854,0.44256588761810045,0.6,22.0
siga,Java,76a57a0d02be39c4,6,2020,2025,0.48896876549330687,0.2808021408840906,0.36876640419947504,0.9168162776780371,299.0
siga,Java,76b440e1d91faaab,5,2021,2025,0.35770946950917204,0.00580759085828203,0.35703630034808553,0.3635547576301616,23.0
siga,Java,76b70b6bd22f9d19,4,2022,2025,0.08093364531763451,0.0005812372122259157,0.08081308874566187,0.08241469816272966,157.0
siga,Java,76d8ae9ea09cf7d3,6,2020,2025,0.45316605225548034,0.11087290944352607,0.2336923997606224,0.6126373626373627,100.0
siga,Java,76deb5131d64de6a,6,2020,2025,0.6567869379487743,0.16809669509651404,0.477689638076351,0.7220472440944882,70.0
siga,Java,76e8f99f83c7b4fe,6,2020,2025,0.48896876549330687,0.3407209615007868,0.2336923997606224,0.8528095474888115,178.0
siga,Java,76f768623b3aba82,6,2020,2025,0.48896876549330687,0.16645255230034384,0.2413657770800628,0.7983590253605172,46.0
siga,Java,76f98351d04b70c9,6,2020,2025,0.39870443531704236,0.19221191130599985,0.2336923997606224,0.5002478929102627,22.0
siga,Java,7749e64cecbca431,5,2021,2025,0.24739712444224096,0.0022091747703574527,0.2473893585280955,0.2519449431478157,34.0
siga,Java,774b4be0d7a8c1e4,4,2022,2025,0.48896876549330687,0.050834190002345736,0.4286424664346096,0.5643044619422573,45.0
siga,Java,77563f7f1b02aca1,3,2023,2025,0.477689638076351,0.03580271323782652,0.4286424664346096,0.5002478929102627,570.0
siga,Java,777ea4c196105318,6,2020,2025,0.39870443531704236,0.1665549950938035,0.2336923997606224,0.44348041646008923,18.0
siga,Java,77e0a53893903075,6,2020,2025,0.08173445002616841,0.003689014869895979,0.08081308874566187,0.10047095761381476,9.0
siga,Java,77e0d791d7a0c1a5,6,2020,2025,0.08173445002616841,0.003689014869895979,0.08081308874566187,0.10047095761381476,6.0
siga,Java,7810497c6b00721b,4,2022,2025,0.24739712444224096,0.000554235171125711,0.2473893585280955,0.24960629921259841,11.0
siga,Java,781fd3725ef9617d,6,2020,2025,0.5552652337392758,0.16116088492039593,0.2336923997606224,0.673490813648294,71.5
siga,Java,78658da2c68a24d8,6,2020,2025,0.08173445002616841,0.003689014869895979,0.08081308874566187,0.10047095761381476,170.0
siga,Java,787027d0cec5220c,6,2020,2025,0.48896876549330687,0.10154389912584882,0.36876640419947504,0.5831837223219629,44.0
siga,Java,787d00d3ddc0cefd,1,2020,2020,0.3771585557299843,0.0,0.3771585557299843,0.3771585557299843,23.0
siga,Java,78917a219dcec39c,6,2020,2025,0.4598024328529322,0.06264767246844921,0.36876640419947504,0.5170556552962298,31.0
siga,Java,78b55dda664803b1,6,2020,2025,0.8673919160261812,0.37866047282278537,0.477689638076351,0.9594728990551964,427.5
siga,Java,78d47d3f69d2c987,6,2020,2025,0.08173445002616841,0.003689014869895979,0.08081308874566187,0.10047095761381476,127.0
siga,Java,794b3f1830765bea,6,2020,2025,0.3573728849286288,0.08742606161210353,0.2336923997606224,0.36351706036745407,25.0
siga,Java,79587e53c995e699,6,2020,2025,0.423228021137913,0.22139239534186894,0.2336923997606224,0.6732968672302337,57.0
siga,Java,7966044cb22a1953,6,2020,2025,0.17328335884916424,0.006661094583956084,0.17203767972235995,0.21585557299843014,17.0
siga,Java,799954dd72631c33,6,2020,2025,0.45316605225548034,0.11087290944352607,0.2413657770800628,0.7543387193297427,81.0
siga,Java,79ad0df9520fa4d7,4,2022,2025,0.08093364531763451,0.0005812372122259157,0.08081308874566187,0.08241469816272966,10.0
siga,Java,79ad87902e403eb6,6,2020,2025,0.48896876549330687,0.14363573586054268,0.36876640419947504,0.8363255535607421,253.0
siga,Java,79f30fcc858e82e2,6,2020,2025,0.6682867232355024,0.353597555522154,0.4286424664346096,0.8832020997375328,259.0
siga,Java,79fbfda9016af493,5,2021,2025,0.5831837223219629,0.34200932493750635,0.477689638076351,0.8423669816011934,195.0
siga,Java,7a072f88a3109f29,6,2020,2025,0.45316605225548034,0.11087290944352607,0.2336923997606224,0.6126373626373627,141.0
siga,Java,7a3f4b9a76f175c9,6,2020,2025,0.39870443531704236,0.19221191130599985,0.2336923997606224,0.5002478929102627,71.0
siga,Java,7a544f918a6b8a73,6,2020,2025,0.24739324148516822,0.004525452000169988,0.2336923997606224,0.24960629921259841,30.0
siga,Java,7a58a1dbcc8463c0,3,2023,2025,0.5002478929102627,0.15474046191657337,0.477689638076351,0.7871705619094977,109.0
siga,Java,7a608e263269c0d0,6,2020,2025,0.39870443531704236,0.19221191130599985,0.2336923997606224,0.5002478929102627,40.0
siga,Java,7aadad4b37840e9f,6,2020,2025,0.24739324148516822,0.004525452000169988,0.2336923997606224,0.24960629921259841,15.0
siga,Java,7ac9779a9b6c1d5b,6,2020,2025,0.40290051108229696,0.06890648687161699,0.2336923997606224,0.44348041646008923,41.0
siga,Java,7acc47477a526ba7,6,2020,2025,0.39870443531704236,0.19221191130599985,0.2336923997606224,0.5002478929102627,57.0
siga,Java,7acd7876404bb94e,2,2020,2021,0.2375290884203426,0.0038366886597202,0.2336923997606224,0.2413657770800628,66.0
siga,Java,7adda271b80cb5a7,6,2020,2025,0.08173445002616841,0.003689014869895979,0.08081308874566187,0.10047095761381476,160.0
siga,Java,7b3b03eb32182e93,5,2021,2025,0.24739712444224096,0.0022091747703574527,0.2473893585280955,0.2519449431478157,42.0
siga,Java,7b53fe9a9912e210,6,2020,2025,0.08173445002616841,0.003689014869895979,0.08081308874566187,0.10047095761381476,161.0
siga,Java,7b7392925c9f975d,4,2022,2025,0.48896876549330687,0.10660846821756881,0.4286424664346096,0.7874015748031497,115.0
siga,Java,7b9f94f8600ebbf9,6,2020,2025,0.48896876549330687,0.12154550562399291,0.36876640419947504,0.6126373626373627,129.0
siga,Java,7bc2a626ba7c77c3,6,2020,2025,0.17328335884916424,0.006661094583956084,0.17203767972235995,0.2413657770800628,7.0
siga,Java,7bdf69c09990e1cf,6,2020,2025,0.08173445002616841,0.003689014869895979,0.08081308874566187,0.10047095761381476,81.0
siga,Java,7be317b625e3d48f,6,2020,2025,0.08173445002616841,0.003689014869895979,0.08081308874566187,0.10047095761381476,219.5
siga,Java,7c052b78dcc073f4,6,2020,2025,0.3573728849286288,0.08742606161210353,0.2336923997606224,0.36351706036745407,13.0
siga,Java,7cab04a00536922b,5,2021,2025,0.35770946950917204,0.00580759085828203,0.35703630034808553,0.3635547576301616,37.0
siga,Java,7cd618a428adba86,6,2020,2025,0.35770946950917204,0.004860570014526444,0.2413657770800628,0.3635547576301616,20.0
siga,Java,7ce1663b9643df43,6,2020,2025,0.39870443531704236,0.19221191130599985,0.2336923997606224,0.5002478929102627,92.0
siga,Java,7cecbd75556b516c,6,2020,2025,0.3573728849286288,0.08742606161210353,0.2336923997606224,0.36351706036745407,15.0
siga,Java,7d07f42962982135,6,2020,2025,0.39870443531704236,0.19221191130599985,0.2336923997606224,0.5002478929102627,36.0
siga,Java,7d1b0fd08094bf8f,6,2020,2025,0.6478868977895113,0.3903727406687165,0.4286424664346096,0.9078740157480315,342.0
siga,Java,7d22aad95ed17f61,6,2020,2025,0.17328335884916424,0.006661094583956084,0.17203767972235995,0.21585557299843014,11.0
siga,Java,7d25e7aeced304b2,1,2020,2020,0.6126373626373627,0.0,0.6126373626373627,0.6126373626373627,99.0
siga,Java,7d3d6280298b9626,3,2023,2025,0.477689638076351,0.03580271323782652,0.4286424664346096,0.5002478929102627,101.0
siga,Java,7d3f732f54c8a1dd,6,2020,2025,0.45316605225548034,0.11087290944352607,0.2413657770800628,0.5831837223219629,36.0
siga,Java,7d5ea28eceab9aa0,5,2021,2025,0.477689638076351,0.0716054264756531,0.36876640419947504,0.5583482944344704,35.0
siga,Java,7d79fe566e6d0d13,6,2020,2025,0.3573728849286288,0.033854633040674986,0.2336923997606224,0.36351706036745407,18.0
siga,Java,7db1f02a16a92262,6,2020,2025,0.08173445002616841,0.003689014869895979,0.08081308874566187,0.10047095761381476,9.0
siga,Java,7dbf97ea84d779c0,5,2021,2025,0.477689638076351,0.0716054264756531,0.36876640419947504,0.5583482944344704,39.0
siga,Java,7de5d47f4d8c512f,5,2021,2025,0.35770946950917204,0.00580759085828203,0.35703630034808553,0.3635547576301616,38.0
siga,Java,7df71615c664702c,3,2023,2025,0.08081308874566187,0.00012055657197264369,0.08081308874566187,0.08105420188960716,284.0
siga,Java,7dfe972992dee3bc,6,2020,2025,0.3573728849286288,0.033854633040674986,0.2336923997606224,0.36351706036745407,25.0
siga,Java,7e22b596769e763c,6,2020,2025,0.39870443531704236,0.19221191130599985,0.2336923997606224,0.5002478929102627,75.0
siga,Java,7e60d8081e54dbef,6,2020,2025,0.39870443531704236,0.19221191130599985,0.2336923997606224,0.5002478929102627,34.0
siga,Java,7e6e5d0aa0e81c84,3,2020,2022,0.6102825745682888,0.21989920694383586,0.2336923997606224,0.673490813648294,50.0
siga,Java,7e8de65722ee530d,6,2020,2025,0.3573728849286288,0.033854633040674986,0.2336923997606224,0.36351706036745407,20.0
siga,Java,7eab4b5064c31235,5,2021,2025,0.35770946950917204,0.00580759085828203,0.35703630034808553,0.3635547576301616,18.0
siga,Java,7eb09d3c6a704eea,6,2020,2025,0.40290051108229696,0.06890648687161699,0.2336923997606224,0.44348041646008923,28.0
siga,Java,7eb0cb0ce7e53974,6,2020,2025,0.7817625355178897,0.29786664775203575,0.477689638076351,0.8940825459970164,105.5
siga,Java,7ecffcf2a08c3cf6,5,2021,2025,0.24739712444224096,0.0022091747703574527,0.2473893585280955,0.2519449431478157,34.0
siga,Java,7ee893163085d212,6,2020,2025,0.3573728849286288,0.033854633040674986,0.2336923997606224,0.36351706036745407,18.0
siga,Java,7efe3f2eb9f39598,5,2021,2025,0.477689638076351,0.0716054264756531,0.36876640419947504,0.8363255535607421,173.0
siga,Java,7eff0a2e72b504b7,5,2021,2025,0.35770946950917204,0.00580759085828203,0.35703630034808553,0.3635547576301616,23.0
siga,Java,7f1ef831ae9c10ba,6,2020,2025,0.24739324148516822,0.004525452000169988,0.2336923997606224,0.24960629921259841,12.0
siga,Java,7f25d3cea83449eb,4,2022,2025,0.24739712444224096,0.000554235171125711,0.2473893585280955,0.24960629921259841,10.0
siga,Java,7f2f5d3ddf3ae2ba,5,2021,2025,0.5002478929102627,0.2766490812533917,0.4286424664346096,0.7958005249343832,84.0
siga,Java,7f5be659db1ea373,5,2021,2025,0.24739712444224096,0.0022091747703574527,0.2473893585280955,0.2519449431478157,36.0
siga,Java,7f624851908fd53a,6,2020,2025,0.628656128558742,0.30470615828736425,0.36876640419947504,0.8070017953321365,105.5
siga,Java,7f6e469c50a5f5f0,6,2020,2025,0.08173445002616841,0.003689014869895979,0.08081308874566187,0.10047095761381476,14.0
siga,Java,7f802849eea19f55,6,2020,2025,0.39870443531704236,0.19221191130599985,0.2336923997606224,0.5002478929102627,134.0
siga,Java,7f8fc3a87d988cbc,4,2022,2025,0.24739712444224096,0.000554235171125711,0.2473893585280955,0.24960629921259841,12.0
siga,Java,7fc04678079fe605,6,2020,2025,0.39870443531704236,0.19221191130599985,0.2336923997606224,0.5002478929102627,56.0
siga,Java,7fdfdf935e19ea15,6,2020,2025,0.39870443531704236,0.19221191130599985,0.2336923997606224,0.5002478929102627,34.0
siga,Java,8005fbfea930ada3,6,2020,2025,0.08173445002616841,0.003689014869895979,0.08081308874566187,0.10047095761381476,6.0
siga,Java,80120812a10712a1,6,2020,2025,0.08173445002616841,0.003689014869895979,0.08081308874566187,0.10047095761381476,63.0
siga,Java,8036a79f4bf31a20,6,2020,2025,0.08173445002616841,0.003689014869895979,0.08081308874566187,0.10047095761381476,188.0
siga,Java,804ea7cd2801717d,6,2020,2025,0.48896876549330687,0.14363573586054268,0.36876640419947504,0.7301017354877319,68.0
siga,Java,805eaffdb7c69d52,6,2020,2025,0.08173445002616841,0.003689014869895979,0.08081308874566187,0.10047095761381476,10.0
siga,Java,8094562f815e9b43,5,2021,2025,0.35770946950917204,0.00580759085828203,0.35703630034808553,0.3635547576301616,18.0
siga,Java,809b073e32d923e1,6,2020,2025,0.24739324148516822,0.004525452000169988,0.2336923997606224,0.24960629921259841,11.0
siga,Java,80d4754394f060a6,5,2021,2025,0.35770946950917204,0.00580759085828203,0.35703630034808553,0.3635547576301616,27.0
siga,Java,815a16dfffef731c,6,2020,2025,0.39870443531704236,0.19221191130599985,0.2336923997606224,0.5002478929102627,350.0
siga,Java,8165d43395a4c47a,4,2022,2025,0.5633785396309844,0.14359777736955326,0.477689638076351,0.6732968672302337,50.0
siga,Java,8186d95f6b49bb19,6,2020,2025,0.45316605225548034,0.11087290944352607,0.2336923997606224,0.6126373626373627,55.0
siga,Java,81963869aced49c9,6,2020,2025,0.7109118571716997,0.3086012378178645,0.477689638076351,0.904027846842367,179.5
siga,Java,8199e781bf615d5c,6,2020,2025,0.39870443531704236,0.19221191130599985,0.2336923997606224,0.5002478929102627,86.0
siga,Java,81b3eb8ae31874dc,5,2021,2025,0.24739712444224096,0.0022091747703574527,0.2473893585280955,0.2519449431478157,16.0
siga,Java,81f1adf15608ca6c,3,2023,2025,0.477689638076351,0.03580271323782652,0.4286424664346096,0.5002478929102627,95.0
siga,Java,81fef24d1708ba81,1,2020,2020,0.2413657770800628,0.0,0.2413657770800628,0.2413657770800628,24.0
siga,Java,821a29bb54a4feb0,5,2021,2025,0.35770946950917204,0.00580759085828203,0.35703630034808553,0.3635547576301616,18.0
siga,Java,825d1a4fb2b8e275,3,2023,2025,0.24739712444224096,3.882957072737225e-06,0.2473893585280955,0.24739712444224096,41.0
siga,Java,826c7996bbbb329c,5,2021,2025,0.477689638076351,0.0716054264756531,0.36876640419947504,0.5831837223219629,37.0
siga,Java,8275ae4170088db7,4,2022,2025,0.24739712444224096,0.000554235171125711,0.2473893585280955,0.24960629921259841,24.0
siga,Java,82a36d56febcc004,6,2020,2025,0.2485017118274197,0.003963157721770388,0.2473893585280955,0.25824175824175827,28.0
siga,Java,82ce12806f886649,6,2020,2025,0.08173445002616841,0.003689014869895979,0.08081308874566187,0.10047095761381476,55.0
siga,Java,83191b697d6040ad,6,2020,2025,0.40290051108229696,0.06890648687161699,0.2336923997606224,0.44348041646008923,30.0
siga,Java,833a413a85b7f0f4,6,2020,2025,0.7206109881869162,0.20220835690765604,0.477689638076351,0.786654697785757,128.0
siga,Java,835af3db59e41d34,6,2020,2025,0.39870443531704236,0.19221191130599985,0.2336923997606224,0.5002478929102627,341.0
siga,Java,83983d2d5beedc82,5,2021,2025,0.477689638076351,0.0716054264756531,0.36876640419947504,0.7154398563734291,31.0
siga,Java,839a178c111d2810,6,2020,2025,0.6478868977895113,0.3769077496453771,0.4286424664346096,0.8992125984251969,438.0
siga,Java,83c62a2150fd232e,6,2020,2025,0.08173445002616841,0.003689014869895979,0.08081308874566187,0.10047095761381476,4.0
siga,Java,83e72a116bf025ad,5,2021,2025,0.35770946950917204,0.00580759085828203,0.35703630034808553,0.3635547576301616,23.0
siga,Java,83fc56bc17fccd1c,6,2020,2025,0.39870443531704236,0.19221191130599985,0.2336923997606224,0.5002478929102627,127.0
siga,Java,84a703f3c923b166,5,2021,2025,0.44348041646008923,0.014837950025479607,0.36876640419947504,0.4542190305206463,26.0
siga,Java,84aba0c9717d8601,4,2022,2025,0.35770946950917204,0.0016201900048420925,0.35703630034808553,0.36351706036745407,21.0
siga,Java,84bebefdec4d18cf,3,2023,2025,0.35770946950917204,0.00033658458054325324,0.35703630034808553,0.35770946950917204,28.0
siga,Java,84c59ecfc1af643b,6,2020,2025,0.45316605225548034,0.11087290944352607,0.2336923997606224,0.6126373626373627,231.0
siga,Java,84ef7036e0205fa2,5,2021,2025,0.5002478929102627,0.24160424556362914,0.36876640419947504,0.7301017354877319,63.0
siga,Java,84f7be4e1f79b2cf,4,2022,2025,0.08093364531763451,0.0005812372122259157,0.08081308874566187,0.08241469816272966,10.0
siga,Java,84fa97c0544b9439,5,2021,2025,0.35770946950917204,0.00580759085828203,0.35703630034808553,0.3635547576301616,18.0
siga,Java,84fd51b6b1be6459,5,2021,2025,0.477689638076351,0.0716054264756531,0.36876640419947504,0.8150807899461401,104.0
siga,Java,85394eb9841d5714,6,2020,2025,0.39870443531704236,0.19221191130599985,0.2336923997606224,0.5002478929102627,25.0
siga,Java,854b317a326a8f58,4,2022,2025,0.24739712444224096,0.000554235171125711,0.2473893585280955,0.24960629921259841,23.0
siga,Java,8571e5e54d45b2e6,3,2023,2025,0.477689638076351,0.03580271323782652,0.4286424664346096,0.5002478929102627,461.0
siga,Java,859ba3ee7d8fbc32,6,2020,2025,0.17328335884916424,0.006661094583956084,0.17203767972235995,0.21585557299843014,12.0
siga,Java,859edf0dbce64f86,4,2022,2025,0.24739712444224096,0.000554235171125711,0.2473893585280955,0.24960629921259841,12.0
siga,Java,859fcbb564b0d717,6,2020,2025,0.39870443531704236,0.19221191130599985,0.2336923997606224,0.5002478929102627,40.0
siga,Java,85a1cd6cb9930207,5,2021,2025,0.5002478929102627,0.30948092383314674,0.36876640419947504,0.7965290245362059,65.0
siga,Java,85b9aacf9d300186,6,2020,2025,0.43606144144734943,0.05974499670183053,0.2413657770800628,0.4542190305206463,26.0
siga,Java,85dbccc400baa9d7,6,2020,2025,0.39870443531704236,0.1665549950938035,0.2336923997606224,0.44348041646008923,31.0
siga,Java,85ee3e33862c2bc7,1,2020,2020,0.8677394034536892,0.0,0.8677394034536892,0.8677394034536892,441.0
siga,Java,85f93f3a497ed78d,6,2020,2025,0.45316605225548034,0.11087290944352607,0.2336923997606224,0.5565149136577708,38.0
siga,Java,863b96cd77edc47f,6,2020,2025,0.08173445002616841,0.003689014869895979,0.08081308874566187,0.10047095761381476,10.0
siga,Java,8642d94b4ce7277a,5,2021,2025,0.35770946950917204,0.00580759085828203,0.35703630034808553,0.3635547576301616,18.0
siga,Java,8659e88c45fe419f,6,2020,2025,0.45316605225548034,0.11087290944352607,0.2413657770800628,0.822262118491921,134.0
siga,Java,8681d39e3067c976,6,2020,2025,0.08173445002616841,0.003689014869895979,0.08081308874566187,0.10047095761381476,9.0
siga,Java,868a7598615845c0,6,2020,2025,0.08173445002616841,0.003689014869895979,0.08081308874566187,0.10047095761381476,6.0
siga,Java,86e5b638842ca694,5,2021,2025,0.477689638076351,0.0716054264756531,0.36876640419947504,0.5831837223219629,56.0
siga,Java,86e9dbc85948306f,6,2020,2025,0.3573728849286288,0.033854633040674986,0.2336923997606224,0.36351706036745407,27.0
siga,Java,86f344953fab49b1,6,2020,2025,0.45316605225548034,0.20642337978308528,0.2336923997606224,0.7065616797900263,48.0
siga,Java,86f3e008c09d4cc1,6,2020,2025,0.6682867232355024,0.4001616354242542,0.4286424664346096,0.9442700156985872,322.0
siga,Java,87228e0123de28da,6,2020,2025,0.2485017118274197,0.003963157721770388,0.2473893585280955,0.25824175824175827,19.0
siga,Java,8723bc0dca98c425,6,2020,2025,0.48896876549330687,0.31140187905307726,0.36876640419947504,0.8540031397174255,212.0
siga,Java,874f64bede926afa,6,2020,2025,0.08173445002616841,0.003689014869895979,0.08081308874566187,0.10047095761381476,152.0
siga,Java,87c692b2c4780c3d,5,2021,2025,0.08105420188960716,0.001601609417067787,0.08081308874566187,0.08527827648114901,22.0
siga,Java,87cb2c9885572775,6,2020,2025,0.08173445002616841,0.003689014869895979,0.08081308874566187,0.10047095761381476,6.0
siga,Java,87f6e5ad19caf74e,6,2020,2025,0.39870443531704236,0.19221191130599985,0.2336923997606224,0.5002478929102627,29.0
siga,Java,87f984498e92dddf,6,2020,2025,0.8188107310318133,0.26958798792548544,0.477689638076351,0.8606299212598425,133.0
siga,Java,87fe332674709a38,6,2020,2025,0.6272933061200028,0.3018999050491765,0.36876640419947504,0.943063152660368,395.0
siga,Java,88282e2a109f0bfa,4,2022,2025,0.48896876549330687,0.09781581729893357,0.4286424664346096,0.7522309711286089,46.0
siga,Java,885d60f426f9fd5a,4,2022,2025,0.35770946950917204,0.0016201900048420925,0.35703630034808553,0.36351706036745407,21.0
siga,Java,887ed9e7b30774e3,4,2022,2025,0.48896876549330687,0.08639849446428799,0.4286424664346096,0.7065616797900263,87.0
siga,Java,88942dc5c5b5217b,6,2020,2025,0.48896876549330687,0.12154550562399291,0.36876640419947504,0.6126373626373627,76.0
siga,Java,8895f1412a4c837b,6,2020,2025,0.08173445002616841,0.003689014869895979,0.08081308874566187,0.10047095761381476,28.0
siga,Java,8898c180ca0b6ccb,5,2021,2025,0.44348041646008923,0.007963153093716535,0.4286424664346096,0.4542190305206463,52.0
siga,Java,889ea2b38224cb7f,3,2023,2025,0.08081308874566187,0.00012055657197264369,0.08081308874566187,0.08105420188960716,68.0
siga,Java,88ebc4ea3537d523,6,2020,2025,0.45316605225548034,0.11087290944352607,0.2336923997606224,0.6126373626373627,242.0
siga,Java,88ee58749154860a,6,2020,2025,0.45316605225548034,0.11087290944352607,0.2413657770800628,0.5831837223219629,80.0
siga,Java,88f24c4db78f0ed7,5,2021,2025,0.35770946950917204,0.00580759085828203,0.35703630034808553,0.3635547576301616,18.0
siga,Java,89045e8b09a4f76f,5,2021,2025,0.44348041646008923,0.014837950025479607,0.2519449431478157,0.45144356955380577,57.0
siga,Java,891325ca8f804a86,6,2020,2025,0.17328335884916424,0.006661094583956084,0.17203767972235995,0.21585557299843014,7.0
siga,Java,8919d83d847a99fe,6,2020,2025,0.48896876549330687,0.15452663068000894,0.36876640419947504,0.6864153201675643,70.0
siga,Java,891b9b44a036ad06,1,2020,2020,0.2413657770800628,0.0,0.2413657770800628,0.2413657770800628,106.0
siga,Java,8922b71937f6f0a2,3,2023,2025,0.477689638076351,0.03580271323782652,0.4286424664346096,0.5002478929102627,119.0
siga,Java,89325e869fdf91d7,6,2020,2025,0.08173445002616841,0.003689014869895979,0.08081308874566187,0.10047095761381476,10.0
siga,Java,89576061de73863f,2,2020,2021,0.2375290884203426,0.0038366886597202,0.2336923997606224,0.2413657770800628,242.0
siga,Java,896e94612812218b,6,2020,2025,0.45316605225548034,0.11087290944352607,0.2336923997606224,0.6126373626373627,86.0
siga,Java,897cd0ec78118e7c,5,2021,2025,0.24739712444224096,0.0022091747703574527,0.2473893585280955,0.2519449431478157,24.0
siga,Java,89855de18e64226d,5,2021,2025,0.477689638076351,0.0716054264756531,0.36876640419947504,0.5909634949132256,35.0
siga,Java,898840427cb7dd03,3,2023,2025,0.477689638076351,0.03580271323782652,0.4286424664346096,0.5002478929102627,306.0
siga,Java,89a0433f6d0e5000,4,2022,2025,0.08093364531763451,0.0005812372122259157,0.08081308874566187,0.08241469816272966,14.0
siga,Java,89a7bfe99452052e,6,2020,2025,0.45316605225548034,0.11087290944352607,0.2336923997606224,0.6126373626373627,59.0
siga,Java,89a83c9933e0f1ff,5,2021,2025,0.35770946950917204,0.00580759085828203,0.35703630034808553,0.3635547576301616,18.0
siga,Java,89bc7218bc8651e3,6,2020,2025,0.6092291269888833,0.2536740168482947,0.36876640419947504,0.7463948284435604,70.0
siga,Java,89ec2f288fa46829,6,2020,2025,0.43606144144734943,0.05345088305394857,0.36876640419947504,0.4542190305206463,35.0
siga,Java,89fb435e4126e73f,5,2021,2025,0.24739712444224096,0.0022091747703574527,0.2473893585280955,0.2519449431478157,26.0
siga,Java,8a12ec98d98deb88,3,2023,2025,0.477689638076351,0.03580271323782652,0.4286424664346096,0.5002478929102627,98.0
siga,Java,8a18642467dfd571,4,2022,2025,0.24739712444224096,0.000554235171125711,0.2473893585280955,0.24960629921259841,21.0
siga,Java,8a1cb3cda5789638,5,2021,2025,0.44348041646008923,0.014837950025479607,0.36876640419947504,0.4542190305206463,18.0
siga,Java,8a30c2c99ca63033,6,2020,2025,0.3573728849286288,0.08742606161210353,0.2336923997606224,0.36351706036745407,23.0
siga,Java,8a67c3537260447a,6,2020,2025,0.5028589041876028,0.03083001855357903,0.2413657770800628,0.5170603674540682,46.0
siga,Java,8a6a7aaacf5edadb,6,2020,2025,0.40290051108229696,0.06890648687161699,0.2336923997606224,0.44348041646008923,26.0
siga,Java,8a8d8adc288860e1,5,2021,2025,0.24739712444224096,0.0022091747703574527,0.2473893585280955,0.2519449431478157,33.0
siga,Java,8aab799e286ef39a,6,2020,2025,0.24739712444224096,0.0016627055133772162,0.2336923997606224,0.25824175824175827,19.0
siga,Java,8b0a86557df7b457,4,2022,2025,0.48896876549330687,0.0390231663802984,0.4286424664346096,0.5170603674540682,20.0
siga,Java,8b4898c9dfbdd9a7,5,2021,2025,0.44348041646008923,0.014837950025479607,0.36876640419947504,0.4542190305206463,27.0
siga,Java,8b768b5eb1a87237,5,2021,2025,0.35770946950917204,0.00580759085828203,0.35703630034808553,0.3635547576301616,18.0
siga,Java,8b7df8820c6c08da,6,2020,2025,0.39870443531704236,0.19221191130599985,0.2336923997606224,0.5002478929102627,41.0
siga,Java,8b9d067aa9dd6df8,6,2020,2025,0.45316605225548034,0.11087290944352607,0.2336923997606224,0.5565149136577708,55.0
siga,Java,8b9f5b6e9bb97596,5,2021,2025,0.477689638076351,0.0716054264756531,0.36876640419947504,0.7154398563734291,62.0
siga,Java,8bae9a837a529a85,4,2022,2025,0.35770946950917204,0.0016201900048420925,0.35703630034808553,0.36351706036745407,14.0
siga,Java,8c03020504c2b234,6,2020,2025,0.8938078891272018,0.33927894130136016,0.477689638076351,0.9495275982098459,349.5
siga,Java,8c06443fbfd4f6d1,6,2020,2025,0.3573728849286288,0.08742606161210353,0.2336923997606224,0.36351706036745407,13.0
siga,Java,8c165cd92d180f89,6,2020,2025,0.08173445002616841,0.003689014869895979,0.08081308874566187,0.10047095761381476,9.0
siga,Java,8c254788c837392b,5,2021,2025,0.35770946950917204,0.00580759085828203,0.35703630034808553,0.3635547576301616,18.0
siga,Java,8c2eb10d16f96d2d,4,2022,2025,0.48896876549330687,0.09414127661651889,0.4286424664346096,0.7375328083989501,55.0
siga,Java,8c3ba3aff5ffea7c,6,2020,2025,0.48896876549330687,0.24991175337982774,0.36876640419947504,0.8850078492935636,224.0
siga,Java,8c51aa500cce7960,5,2021,2025,0.24739712444224096,0.0022091747703574527,0.2473893585280955,0.2519449431478157,23.0
siga,Java,8c51b153e24059e5,6,2020,2025,0.48413524290002796,0.05692687226857829,0.36876640419947504,0.5583482944344704,50.0
siga,Java,8c6b2c86e4226728,4,2022,2025,0.24739712444224096,0.000554235171125711,0.2473893585280955,0.24960629921259841,17.0
siga,Java,8c709f04dba26c94,4,2022,2025,0.48896876549330687,0.06638537110470782,0.4286424664346096,0.626509186351706,46.0
siga,Java,8c7aedf79a739be8,5,2021,2025,0.477689638076351,0.0716054264756531,0.36876640419947504,0.7432675044883303,68.0
siga,Java,8c7d224213313719,4,2022,2025,0.48896876549330687,0.0390231663802984,0.4286424664346096,0.5170603674540682,46.0
siga,Java,8c887dd486e56ff1,6,2020,2025,0.17328335884916424,0.006661094583956084,0.17203767972235995,0.21585557299843014,8.0
siga,Java,8c8d1a76277266c1,5,2021,2025,0.5831837223219629,0.34211908869093066,0.477689638076351,0.8540682414698163,54.0
siga,Java,8c9da820dfc3fd20,6,2020,2025,0.24739712444224096,0.0016627055133772162,0.2336923997606224,0.25824175824175827,37.0
siga,Java,8cb24f502745fe90,5,2021,2025,0.477689638076351,0.0716054264756531,0.36876640419947504,0.5909634949132256,61.0
siga,Java,8cb5ca3f42b25821,6,2020,2025,0.08173445002616841,0.003689014869895979,0.08081308874566187,0.10047095761381476,78.0
siga,Java,8ccb33e407541608,4,2022,2025,0.17229432469459618,0.0008794845356383807,0.17203767972235995,0.17401574803149605,24.0
siga,Java,8ce0b26dc9ec23a0,6,2020,2025,0.08173445002616841,0.003689014869895979,0.08081308874566187,0.10047095761381476,92.0
siga,Java,8cea7e63507b776f,6,2020,2025,0.39870443531704236,0.1665549950938035,0.2336923997606224,0.44348041646008923,25.0
siga,Java,8d21b2cb2f82c63b,5,2021,2025,0.08105420188960716,0.001601609417067787,0.08081308874566187,0.08527827648114901,42.0
siga,Java,8d2b106aa9280019,6,2020,2025,0.48896876549330687,0.31140187905307726,0.36876640419947504,0.9532967032967034,385.0
siga,Java,8d3fdf683ba59aa6,5,2021,2025,0.24739712444224096,0.0022091747703574527,0.2473893585280955,0.2519449431478157,28.0
siga,Java,8d47fd0c4ba183f5,3,2023,2025,0.477689638076351,0.03580271323782652,0.4286424664346096,0.5002478929102627,3800.0
siga,Java,8d9db3c4becce48a,6,2020,2025,0.39870443531704236,0.19221191130599985,0.2336923997606224,0.5002478929102627,36.0
siga,Java,8dca6cc08d9ea73a,6,2020,2025,0.48896876549330687,0.2910474776620482,0.2336923997606224,0.8622448979591837,180.0
siga,Java,8dcac4365bb86a2c,4,2022,2025,0.24739712444224096,0.000554235171125711,0.2473893585280955,0.24960629921259841,12.0
siga,Java,8dcd19a7041cf898,5,2021,2025,0.477689638076351,0.0716054264756531,0.36876640419947504,0.7543387193297427,153.0
siga,Java,8ddbe89d2059f47c,6,2020,2025,0.48896876549330687,0.07829036694374514,0.36876640419947504,0.5831837223219629,49.0
siga,Java,8dec1c152d7ef1d4,6,2020,2025,0.45316605225548034,0.11087290944352607,0.2336923997606224,0.6126373626373627,71.0
siga,Java,8dffc613137fee16,5,2021,2025,0.35770946950917204,0.00580759085828203,0.35703630034808553,0.3635547576301616,25.0
siga,Java,8e2a7f94ab70f1b6,6,2020,2025,0.3573728849286288,0.07476907574083197,0.2336923997606224,0.36351706036745407,27.0
siga,Java,8eb9fd093aad4aba,6,2020,2025,0.6997302456677298,0.44591739485917226,0.4286424664346096,0.9764521193092621,941.0
siga,Java,8eccc164391edcd1,6,2020,2025,0.43606144144734943,0.05974499670183053,0.2413657770800628,0.4542190305206463,23.0
siga,Java,8f14032fd07c03fc,6,2020,2025,0.08173445002616841,0.003689014869895979,0.08081308874566187,0.10047095761381476,146.0
siga,Java,8f3a006bcf9cad3e,6,2020,2025,0.45316605225548034,0.11087290944352607,0.2413657770800628,0.5831837223219629,1039.0
siga,Java,8f3a23625a7b6ba2,6,2020,2025,0.39870443531704236,0.1665549950938035,0.2336923997606224,0.44348041646008923,58.0
siga,Java,8f8832e4e9f3f010,1,2020,2020,0.3771585557299843,0.0,0.3771585557299843,0.3771585557299843,31.0
siga,Java,8fb1030a27e9c4d4,5,2021,2025,0.44348041646008923,0.014837950025479607,0.36876640419947504,0.4542190305206463,18.0
siga,Java,8fb6befe979533a3,1,2020,2020,0.2413657770800628,0.0,0.2413657770800628,0.2413657770800628,295.0
siga,Java,8fd26c172ea2a5ef,4,2022,2025,0.48896876549330687,0.07813077792885487,0.4286424664346096,0.673490813648294,73.0
siga,Java,8ff79698c7fab56a,6,2020,2025,0.39870443531704236,0.19221191130599985,0.2336923997606224,0.5002478929102627,100.0
siga,Java,901cf3aaf925163f,5,2021,2025,0.5002478929102627,0.20872568209121334,0.4286424664346096,0.6910761154855644,36.0
siga,Java,9023a212430cd83c,6,2020,2025,0.6478868977895113,0.3769077496453771,0.4286424664346096,0.8992125984251969,326.0
siga,Java,9040264a0ebea178,5,2021,2025,0.24739712444224096,0.0022091747703574527,0.2473893585280955,0.2519449431478157,31.0
siga,Java,9040e4f86c1ed3cd,6,2020,2025,0.39870443531704236,0.19221191130599985,0.2336923997606224,0.5002478929102627,923.0
siga,Java,90557a5dfb2371e8,6,2020,2025,0.40290051108229696,0.06890648687161699,0.2336923997606224,0.44348041646008923,13.0
siga,Java,90b7fed68177d11a,6,2020,2025,0.6206734938140427,0.20335508739601316,0.477689638076351,0.7522309711286089,83.0
siga,Java,90d7225ea976bdf8,6,2020,2025,0.9936320055965158,0.011857831744742642,0.5002478929102627,0.9972731779871096,1476.0
siga,Java,9103bba999e8cf7b,5,2021,2025,0.35770946950917204,0.00580759085828203,0.35703630034808553,0.3635547576301616,18.0
siga,Java,911bae6bee0cfcca,3,2023,2025,0.477689638076351,0.03580271323782652,0.4286424664346096,0.5002478929102627,127.0
siga,Java,914e75b523b00523,5,2021,2025,0.5002478929102627,0.16683459890749097,0.4286424664346096,0.8160104986876641,117.0
siga,Java,915583acb7b08d37,6,2020,2025,0.8958246324961534,0.3132973318253993,0.477689638076351,0.9430446194225722,341.0
siga,Java,9162c4e2ee4af2cf,6,2020,2025,0.3573728849286288,0.08742606161210353,0.2336923997606224,0.36351706036745407,18.0
siga,Java,9164da36258c30a9,6,2020,2025,0.08173445002616841,0.37711809925050643,0.08081308874566187,0.7904238618524333,152.0
siga,Java,91802a7cb23ccbfa,6,2020,2025,0.6961143713504037,0.4235242783793426,0.4286424664346096,0.9933281004709577,237.0
siga,Java,9194448cffd6acf9,5,2021,2025,0.08105420188960716,0.001601609417067787,0.08081308874566187,0.08527827648114901,66.0
siga,Java,91fba25a6b402f9a,6,2020,2025,0.08173445002616841,0.003689014869895979,0.08081308874566187,0.10047095761381476,45.0
siga,Java,91fd356a76c9cc4a,6,2020,2025,0.3573728849286288,0.033854633040674986,0.2336923997606224,0.36351706036745407,26.0
siga,Java,9248a2d420cad19d,4,2022,2025,0.44348041646008923,0.0057002757797990355,0.4286424664346096,0.45144356955380577,32.0
siga,Java,924e2491431f44af,3,2023,2025,0.477689638076351,0.03580271323782652,0.4286424664346096,0.5002478929102627,140.0
siga,Java,92572cbb5daf0983,5,2021,2025,0.24739712444224096,0.0022091747703574527,0.2473893585280955,0.2519449431478157,29.0
siga,Java,925b8080837acca7,5,2021,2025,0.477689638076351,0.0716054264756531,0.36876640419947504,0.5831837223219629,81.0
siga,Java,925c54ca8e6abc71,5,2021,2025,0.44348041646008923,0.007963153093716535,0.4286424664346096,0.4542190305206463,27.0
siga,Java,9274892b56b7d822,3,2023,2025,0.5002478929102627,0.03601843307520086,0.477689638076351,0.5497265042267528,24.0
siga,Java,928f3a66c52c87f6,6,2020,2025,0.39870443531704236,0.19221191130599985,0.2336923997606224,0.5002478929102627,53.0
siga,Java,92f9af324d4c51e6,5,2021,2025,0.477689638076351,0.0716054264756531,0.36876640419947504,0.8515858767205267,65.0
siga,Java,931209950932f86a,6,2020,2025,0.39870443531704236,0.19221191130599985,0.2336923997606224,0.5002478929102627,197.0
siga,Java,93145ade04634430,4,2022,2025,0.24739712444224096,0.000554235171125711,0.2473893585280955,0.24960629921259841,42.0
siga,Java,93160cb4a391712f,6,2020,2025,0.7411981603735799,0.4187938268156389,0.477689638076351,0.9701640974639483,355.0
siga,Java,9317cee344f76107,5,2021,2025,0.24739712444224096,0.0022091747703574527,0.2473893585280955,0.2519449431478157,19.0
siga,Java,932bc6af07d2189e,6,2020,2025,0.08173445002616841,0.003689014869895979,0.08081308874566187,0.10047095761381476,6.0
siga,Java,9336205a161f307f,1,2020,2020,0.2413657770800628,0.0,0.2413657770800628,0.2413657770800628,27.0
siga,Java,93605f27ef4c2ce8,6,2020,2025,0.39870443531704236,0.19221191130599985,0.2336923997606224,0.5002478929102627,32.0
siga,Java,9369a68098272a8d,6,2020,2025,0.39870443531704236,0.19221191130599985,0.2336923997606224,0.5002478929102627,29.0
siga,Java,9395e91ed607af5d,6,2020,2025,0.5564426277738127,0.27671990265403923,0.4286424664346096,0.8363255535607421,157.0
siga,Java,9395f73f2b78a1cb,6,2020,2025,0.08173445002616841,0.003689014869895979,0.08081308874566187,0.10047095761381476,54.0
siga,Java,93ccd4856c8b464e,4,2022,2025,0.48896876549330687,0.050834190002345736,0.4286424664346096,0.5643044619422573,45.0
siga,Java,93e9d197df78b3c3,5,2021,2025,0.477689638076351,0.0716054264756531,0.36876640419947504,0.5831837223219629,21.0
siga,Java,93eb5cc5da756573,6,2020,2025,0.39870443531704236,0.19221191130599985,0.2336923997606224,0.5002478929102627,165.0
siga,Java,93ec14ed0d20230a,6,2020,2025,0.48413524290002796,0.10183391894492921,0.2336923997606224,0.5497265042267528,51.5
siga,Java,941224921a478e7a,1,2020,2020,0.2413657770800628,0.0,0.2413657770800628,0.2413657770800628,40.0
siga,Java,9431a0794b46514d,6,2020,2025,0.08173445002616841,0.003689014869895979,0.08081308874566187,0.10047095761381476,49.0
siga,Java,94457dc151a4ccd9,6,2020,2025,0.39870443531704236,0.19221191130599985,0.2336923997606224,0.5002478929102627,105.0
siga,Java,9465e6883fc61aea,6,2020,2025,0.39870443531704236,0.19221191130599985,0.2336923997606224,0.5002478929102627,36.0
siga,Java,9503f7c8bd54e3da,6,2020,2025,0.48896876549330687,0.14363573586054268,0.36876640419947504,0.7776780371035308,109.0
siga,Java,95161e23ac17d5ed,6,2020,2025,0.6547171223081497,0.34681275505847764,0.4286424664346096,0.8761220825852782,258.0
siga,Java,953273339cd0f661,5,2021,2025,0.477689638076351,0.0716054264756531,0.36876640419947504,0.5831837223219629,32.0
siga,Java,95afc6a146afa1e5,6,2020,2025,0.45316605225548034,0.11087290944352607,0.2336923997606224,0.6911302982731554,80.0
siga,Java,9631ec3d5ca65a02,6,2020,2025,0.48896876549330687,0.12154550562399291,0.36876640419947504,0.7955259026687598,111.0
siga,Java,963b3a4d9834d6cb,5,2021,2025,0.44256588761810045,0.07992565882992764,0.36351706036745407,0.44348041646008923,48.0
siga,Java,96708397d2f42d49,6,2020,2025,0.39870443531704236,0.19221191130599985,0.2336923997606224,0.5002478929102627,40.0
siga,Java,96802e6335f6f754,5,2021,2025,0.24739712444224096,0.0022091747703574527,0.2473893585280955,0.2519449431478157,29.0
siga,Java,96a098626d09649b,6,2020,2025,0.48896876549330687,0.2910474776620482,0.2413657770800628,0.8363255535607421,253.0
siga,Java,96c8535455ba61f2,5,2021,2025,0.35770946950917204,0.00580759085828203,0.35703630034808553,0.3635547576301616,18.0
siga,Java,96e27b7c6ff4d897,6,2020,2025,0.45316605225548034,0.11087290944352607,0.2336923997606224,0.5255102040816326,41.0
siga,Java,96e29b14209a0137,4,2022,2025,0.08093364531763451,0.0005812372122259157,0.08081308874566187,0.08241469816272966,14.0
siga,Java,970a37266ca0a721,4,2022,2025,0.44348041646008923,0.0057002757797990355,0.4286424664346096,0.45144356955380577,32.0
siga,Java,973c15dca964fd1f,5,2021,2025,0.8992125984251969,0.43286995890475466,0.477689638076351,0.9386594853381209,259.0
siga,Java,9759525dcd30b75c,5,2021,2025,0.35770946950917204,0.00580759085828203,0.35703630034808553,0.3635547576301616,25.0
siga,Java,975ce640edc9abc7,5,2021,2025,0.24739712444224096,0.0022091747703574527,0.2473893585280955,0.2519449431478157,27.0
siga,Java,97802e77da99fe7a,1,2020,2020,0.6581632653061225,0.0,0.6581632653061225,0.6581632653061225,59.0
siga,Java,978d35141757e8f7,6,2020,2025,0.45316605225548034,0.11087290944352607,0.2413657770800628,0.644524236983842,47.0
siga,Java,978f3960ea996168,6,2020,2025,0.39870443531704236,0.19221191130599985,0.2336923997606224,0.5002478929102627,38.0
siga,Java,979bf2ea6778f404,3,2023,2025,0.477689638076351,0.03580271323782652,0.4286424664346096,0.5002478929102627,431.0
siga,Java,979c0bc944e0188c,4,2022,2025,0.45316605225548034,0.069655750909003,0.36876640419947504,0.5002478929102627,46.0
siga,Java,979f46de370fa56a,6,2020,2025,0.08173445002616841,0.003689014869895979,0.08081308874566187,0.10047095761381476,32.0
siga,Java,97b81e8438f2a847,6,2020,2025,0.39870443531704236,0.19221191130599985,0.2336923997606224,0.5002478929102627,35.0
siga,Java,97bbcfad7b1b249f,6,2020,2025,0.45316605225548034,0.11087290944352607,0.2336923997606224,0.641287284144427,51.0
siga,Java,97bf5339028f6261,6,2020,2025,0.39870443531704236,0.19221191130599985,0.2336923997606224,0.5002478929102627,26.0
siga,Java,97c3affcfc717842,1,2020,2020,0.2413657770800628,0.0,0.2413657770800628,0.2413657770800628,153.0
siga,Java,9818f2f61344e722,4,2022,2025,0.08093364531763451,0.0005812372122259157,0.08081308874566187,0.08241469816272966,2.0
siga,Java,98240c359a96dda1,5,2021,2025,0.477689638076351,0.0716054264756531,0.36876640419947504,0.7543387193297427,75.0
siga,Java,988499b6f147d0e7,4,2022,2025,0.48896876549330687,0.10660846821756881,0.4286424664346096,0.7874015748031497,81.0
siga,Java,98d93ddbc3780114,6,2020,2025,0.39870443531704236,0.19221191130599985,0.2336923997606224,0.5002478929102627,80.0
siga,Java,98fb5262bd7a467f,5,2021,2025,0.35770946950917204,0.00580759085828203,0.35703630034808553,0.3635547576301616,18.0
siga,Java,98fd46b34c1dfd7c,4,2022,2025,0.24739712444224096,0.000554235171125711,0.2473893585280955,0.24960629921259841,11.0
siga,Java,9908cbc826837450,5,2021,2025,0.35770946950917204,0.00580759085828203,0.35703630034808553,0.3635547576301616,18.0
siga,Java,99184027afd47f57,5,2021,2025,0.44348041646008923,0.014837950025479607,0.36876640419947504,0.4542190305206463,24.0
siga,Java,991c69cf45205b05,4,2022,2025,0.08093364531763451,0.0005812372122259157,0.08081308874566187,0.08241469816272966,10.0
siga,Java,991dc41d7fc3d061,5,2021,2025,0.24739712444224096,0.0022091747703574527,0.2473893585280955,0.2519449431478157,24.0
siga,Java,993597321446b62c,5,2021,2025,0.5002478929102627,0.370395891510919,0.36876640419947504,0.8515858767205267,128.0
siga,Java,995082dde3f4ddc2,5,2021,2025,0.24739712444224096,0.0022091747703574527,0.2473893585280955,0.2519449431478157,26.0
siga,Java,998603e34747a5ab,6,2020,2025,0.45316605225548034,0.11087290944352607,0.2413657770800628,0.5831837223219629,39.0
siga,Java,99d52182683a0e19,6,2020,2025,0.39870443531704236,0.19221191130599985,0.2336923997606224,0.5002478929102627,31.0
siga,Java,99ed37574bc64e68,6,2020,2025,0.08173445002616841,0.003689014869895979,0.08081308874566187,0.10047095761381476,97.0
siga,Java,9a05e7b5d571b965,5,2021,2025,0.24739712444224096,0.0022091747703574527,0.2473893585280955,0.2519449431478157,18.0
siga,Java,9a3341c48160fa73,5,2021,2025,0.35770946950917204,0.00580759085828203,0.35703630034808553,0.3635547576301616,18.0
siga,Java,9a3945c8df3a3899,6,2020,2025,0.08173445002616841,0.003689014869895979,0.08081308874566187,0.10047095761381476,6.0
siga,Java,9a3c3f6a747e6209,6,2020,2025,0.48896876549330687,0.12154550562399291,0.36876640419947504,0.7955259026687598,126.0
siga,Java,9a6823f246f5a1a2,6,2020,2025,0.48896876549330687,0.12154550562399291,0.36876640419947504,0.7955259026687598,253.0
siga,Java,9a857a22eff6bf02,6,2020,2025,0.423228021137913,0.22139239534186894,0.2336923997606224,0.5054699154649428,21.5
siga,Java,9a9714e2ba0cd39c,4,2022,2025,0.08093364531763451,0.0005812372122259157,0.08081308874566187,0.08241469816272966,10.0
siga,Java,9ac5ea2ead154dbf,6,2020,2025,0.39870443531704236,0.19221191130599985,0.2336923997606224,0.5002478929102627,48.0
siga,Java,9af9c86b2e3e1425,6,2020,2025,0.48896876549330687,0.24991175337982774,0.36876640419947504,0.7955259026687598,218.0
siga,Java,9af9f33230e8f3ec,6,2020,2025,0.08173445002616841,0.003689014869895979,0.08081308874566187,0.10047095761381476,5.0
siga,Java,9b26be5c12fbffa4,6,2020,2025,0.08173445002616841,0.003689014869895979,0.08081308874566187,0.10047095761381476,8.0
siga,Java,9b4caf09b1088bfb,3,2023,2025,0.477689638076351,0.03580271323782652,0.4286424664346096,0.5002478929102627,140.0
siga,Java,9b4df5128bca9e9d,5,2021,2025,0.477689638076351,0.0716054264756531,0.36876640419947504,0.7543387193297427,83.0
siga,Java,9b84008658146db7,4,2022,2025,0.44348041646008923,0.0057002757797990355,0.4286424664346096,0.45144356955380577,31.0
siga,Java,9bca8abd6e1a00d9,6,2020,2025,0.8296324223208362,0.2963925913877188,0.477689638076351,0.8893585280954749,135.0
siga,Java,9bcd4b2664c3c7cd,6,2020,2025,0.3573728849286288,0.033854633040674986,0.2336923997606224,0.36351706036745407,15.0
siga,Java,9c30d9dd42ddd5fb,1,2020,2020,0.10047095761381476,0.0,0.10047095761381476,0.10047095761381476,440.0
siga,Java,9c56317182c08bcf,4,2022,2025,0.08093364531763451,0.0005812372122259157,0.08081308874566187,0.08241469816272966,52.0
siga,Java,9c59c33a212dc7f8,4,2022,2025,0.48896876549330687,0.12176594853252937,0.4286424664346096,0.8480314960629921,113.0
siga,Java,9c5c11f8d609f564,5,2021,2025,0.24739712444224096,0.0022091747703574527,0.2473893585280955,0.2519449431478157,31.0
siga,Java,9c8cfd581df0072b,5,2021,2025,0.44348041646008923,0.014837950025479607,0.36876640419947504,0.4542190305206463,18.0
siga,Java,9caaf12ca920393b,6,2020,2025,0.39870443531704236,0.19221191130599985,0.2336923997606224,0.5002478929102627,45.0
siga,Java,9cb5880a4e84df06,2,2020,2021,0.09287461704748189,0.0075963405663328765,0.08527827648114901,0.10047095761381476,37.0
siga,Java,9ce55ad75f7a2d90,6,2020,2025,0.08173445002616841,0.003689014869895979,0.08081308874566187,0.10047095761381476,56.0
siga,Java,9ce9261099f86712,6,2020,2025,0.7274918806080642,0.36595081551941133,0.477689638076351,0.9044619422572179,112.5
siga,Java,9d0796dce5232d5f,6,2020,2025,0.48896876549330687,0.07829036694374514,0.36876640419947504,0.5831837223219629,40.0
siga,Java,9d162925ce0be5a1,5,2021,2025,0.08105420188960716,0.001601609417067787,0.08081308874566187,0.08527827648114901,531.0
siga,Java,9d613a350523adbd,1,2020,2020,0.2413657770800628,0.0,0.2413657770800628,0.2413657770800628,20.0
siga,Java,9d8fca1788cf8c6c,6,2020,2025,0.24739324148516822,0.004525452000169988,0.2336923997606224,0.24960629921259841,16.0
siga,Java,9da1e06cc15df25a,1,2020,2020,0.2413657770800628,0.0,0.2413657770800628,0.2413657770800628,29.0
siga,Java,9de83e27147fec5b,6,2020,2025,0.17328335884916424,0.006661094583956084,0.17203767972235995,0.21585557299843014,15.0
siga,Java,9e0271d6c83d28af,5,2021,2025,0.5002478929102627,0.4391266396016861,0.36876640419947504,0.9370959721531577,429.0
siga,Java,9e0b510cc1a23d9f,4,2022,2025,0.24739712444224096,0.000554235171125711,0.2473893585280955,0.24960629921259841,37.0
siga,Java,9e43ef95847b9876,5,2021,2025,0.08105420188960716,0.001601609417067787,0.08081308874566187,0.08527827648114901,45.0
siga,Java,9e739a8a9bcc00ad,4,2022,2025,0.35770946950917204,0.0016201900048420925,0.35703630034808553,0.36351706036745407,13.0
siga,Java,9e7b703744a576ec,5,2021,2025,0.7154398563734291,0.21904599072971742,0.477689638076351,0.7220472440944882,80.0
siga,Java,9e9cdc5aaeb340bf,6,2020,2025,0.48896876549330687,0.12154550562399291,0.2413657770800628,0.8992125984251969,234.0
siga,Java,9eb97e20dee25a1f,2,2024,2025,0.24739712444224096,0.0,0.24739712444224096,0.24739712444224096,22.0
siga,Java,9f028601b0c6c131,6,2020,2025,0.08173445002616841,0.003689014869895979,0.08081308874566187,0.10047095761381476,9.0
siga,Java,9f1ca060467568dc,6,2020,2025,0.48896876549330687,0.43150499467795833,0.2336923997606224,0.8331675783192442,86.5
siga,Java,9f5794239fb6a67d,3,2023,2025,0.477689638076351,0.03580271323782652,0.4286424664346096,0.5002478929102627,98.0
siga,Java,9f58f4f3df028b85,6,2020,2025,0.08173445002616841,0.003689014869895979,0.08081308874566187,0.10047095761381476,3.0
siga,Java,9f8aae46f18c797f,6,2020,2025,0.9364922062514438,0.35572906686556405,0.477689638076351,0.9934171154997008,1210.0
siga,Java,9fadef884ba6ef92,5,2021,2025,0.5002478929102627,0.10549408424561191,0.4286424664346096,0.8091863517060367,61.0
siga,Java,9fbb4f445b5bfa64,6,2020,2025,0.08173445002616841,0.003689014869895979,0.08081308874566187,0.10047095761381476,127.0
siga,Java,a014189d0170c2fa,6,2020,2025,0.39870443531704236,0.19221191130599985,0.2336923997606224,0.5002478929102627,28.0
siga,Java,a03a1241d431aad8,6,2020,2025,0.5564426277738127,0.340392048372274,0.36876640419947504,0.9491322561340515,575.0
siga,Java,a03ba51a2721fb8e,6,2020,2025,0.39870443531704236,0.19221191130599985,0.2336923997606224,0.5002478929102627,38.0
siga,Java,a03feda1d81e7783,6,2020,2025,0.08173445002616841,0.003689014869895979,0.08081308874566187,0.10047095761381476,18.0
siga,Java,a04a0a4c6b073110,6,2020,2025,0.17328335884916424,0.006661094583956084,0.17203767972235995,0.21585557299843014,11.0
siga,Java,a0663a9f01fd9fec,5,2021,2025,0.24739712444224096,0.0022091747703574527,0.2473893585280955,0.2519449431478157,24.0
siga,Java,a06bf773ad1603b7,5,2021,2025,0.24739712444224096,0.0022091747703574527,0.2473893585280955,0.2519449431478157,11.0
siga,Java,a07813c5cbab121e,3,2023,2025,0.477689638076351,0.03580271323782652,0.4286424664346096,0.5002478929102627,162.0
siga,Java,a089f9ebb38ec597,5,2021,2025,0.35770946950917204,0.00580759085828203,0.35703630034808553,0.3635547576301616,30.0
siga,Java,a09a82be5b06fea4,6,2020,2025,0.48896876549330687,0.29581391482443586,0.36876640419947504,0.8728306403351287,329.0
siga,Java,a0b2c78e82eefd16,5,2021,2025,0.24739712444224096,0.0022091747703574527,0.2473893585280955,0.2519449431478157,15.0
siga,Java,a0bf77ae9ef360b8,6,2020,2025,0.48896876549330687,0.12154550562399291,0.36876640419947504,0.6754317111459969,79.0
siga,Java,a0e0910f9958aaee,6,2020,2025,0.39870443531704236,0.19221191130599985,0.2336923997606224,0.5002478929102627,88.0
siga,Java,a0e32f9fbd60821f,6,2020,2025,0.5564426277738127,0.27671990265403923,0.2336923997606224,0.8239681750372949,208.0
siga,Java,a0f9a118e676918f,6,2020,2025,0.08173445002616841,0.003689014869895979,0.08081308874566187,0.10047095761381476,6.0
siga,Java,a10d51dda9615a6d,3,2020,2022,0.08527827648114901,0.009028129725542552,0.08241469816272966,0.10047095761381476,4.0
siga,Java,a1141322b006af3e,6,2020,2025,0.45316605225548034,0.10362262555360768,0.2336923997606224,0.5002478929102627,25.0
siga,Java,a121c6f1bdaf6aaf,5,2021,2025,0.24739712444224096,0.0022091747703574527,0.2473893585280955,0.2519449431478157,26.0
siga,Java,a13e621b0a496fb3,6,2020,2025,0.39870443531704236,0.19221191130599985,0.2336923997606224,0.5002478929102627,29.0
siga,Java,a16b926c7bdde9a0,6,2020,2025,0.39870443531704236,0.19221191130599985,0.2336923997606224,0.5002478929102627,58.0
siga,Java,a1fb4cd1babe8740,6,2020,2025,0.6272933061200028,0.375817387545369,0.36876640419947504,0.8944270015698587,201.0
siga,Java,a1fbc6afe856b1d2,6,2020,2025,0.48896876549330687,0.3329458646904202,0.36876640419947504,0.8681318681318682,157.0
siga,Java,a2140d11fe4d7a24,5,2021,2025,0.35770946950917204,0.00580759085828203,0.35703630034808553,0.3635547576301616,18.0
siga,Java,a21768d25988a45b,5,2021,2025,0.35770946950917204,0.00580759085828203,0.35703630034808553,0.3635547576301616,27.0
siga,Java,a249bc91b44a90c7,4,2022,2025,0.48896876549330687,0.0390231663802984,0.4286424664346096,0.5170603674540682,37.0
siga,Java,a26661cb792189d4,5,2021,2025,0.24739712444224096,0.0022091747703574527,0.2473893585280955,0.2519449431478157,24.0
siga,Java,a26ca6431cbdae3d,6,2020,2025,0.4598024328529322,0.06264767246844921,0.2336923997606224,0.5170603674540682,36.0
siga,Java,a275a4e48a14b0f2,6,2020,2025,0.45316605225548034,0.11087290944352607,0.2413657770800628,0.5831837223219629,38.0
siga,Java,a275aa2d71577b5a,4,2022,2025,0.6097708882751214,0.2292452856279379,0.477689638076351,0.7375328083989501,58.0
siga,Java,a29745cefde167fd,5,2021,2025,0.35770946950917204,0.00580759085828203,0.35703630034808553,0.3635547576301616,30.0
siga,Java,a299b01a2b04216e,4,2022,2025,0.48896876549330687,0.0390231663802984,0.4286424664346096,0.5170603674540682,18.0
siga,Java,a2b1780e648a6171,5,2021,2025,0.24739712444224096,0.0022091747703574527,0.2473893585280955,0.2519449431478157,20.0
siga,Java,a2eb463f27ca3290,6,2020,2025,0.39870443531704236,0.19221191130599985,0.2336923997606224,0.5002478929102627,29.0
siga,Java,a2f3b5044fffa3d8,4,2022,2025,0.48896876549330687,0.0390231663802984,0.4286424664346096,0.5170603674540682,42.0
siga,Java,a30acdc43d6e1526,3,2023,2025,0.5002478929102627,0.1343525951836047,0.477689638076351,0.7463948284435604,85.0
siga,Java,a317709167dc5642,6,2020,2025,0.5432950610548174,0.23866030524571424,0.4286424664346096,0.7763779527559055,66.0
siga,Java,a3311cd8dc7dba65,5,2021,2025,0.24739712444224096,0.0022091747703574527,0.2473893585280955,0.2519449431478157,35.0
siga,Java,a37cd350682d2231,5,2021,2025,0.24739712444224096,0.0022091747703574527,0.2473893585280955,0.2519449431478157,23.0
siga,Java,a37d5f61a1d5eca4,3,2023,2025,0.477689638076351,0.03580271323782652,0.4286424664346096,0.5002478929102627,98.0
siga,Java,a3c6bb6e0a872202,6,2020,2025,0.08173445002616841,0.003689014869895979,0.08081308874566187,0.10047095761381476,12.0
siga,Java,a3f9da7042c44b9b,6,2020,2025,0.39870443531704236,0.19221191130599985,0.2336923997606224,0.5002478929102627,26.0
siga,Java,a424b1a229634686,5,2021,2025,0.24739712444224096,0.0022091747703574527,0.2473893585280955,0.2519449431478157,15.0
siga,Java,a424ba565a5d6a9e,6,2020,2025,0.45316605225548034,0.20642337978308528,0.2336923997606224,0.6910761154855644,52.0
siga,Java,a441c5c4c9523303,6,2020,2025,0.39870443531704236,0.19221191130599985,0.2336923997606224,0.5002478929102627,40.0
siga,Java,a456b5d0ee8dc336,6,2020,2025,0.08173445002616841,0.003689014869895979,0.08081308874566187,0.10047095761381476,197.0
siga,Java,a45a8e9d24195c72,6,2020,2025,0.45316605225548034,0.11087290944352607,0.2413657770800628,0.5831837223219629,38.0
siga,Java,a47a7d49c781ff99,6,2020,2025,0.45316605225548034,0.11087290944352607,0.2336923997606224,0.6126373626373627,341.0
siga,Java,a4adea6ee052d48b,6,2020,2025,0.39870443531704236,0.19221191130599985,0.2336923997606224,0.5002478929102627,22.0
siga,Java,a4d646c95ee1be90,4,2022,2025,0.24739712444224096,0.000554235171125711,0.2473893585280955,0.24960629921259841,30.0
siga,Java,a4d77250859d779c,6,2020,2025,0.08173445002616841,0.003689014869895979,0.08081308874566187,0.10047095761381476,124.0
siga,Java,a50a422e4c368db7,6,2020,2025,0.39870443531704236,0.1665549950938035,0.2336923997606224,0.44348041646008923,15.0
siga,Java,a51ca75590114214,5,2021,2025,0.24739712444224096,0.0022091747703574527,0.2473893585280955,0.2519449431478157,30.0
siga,Java,a528e235e55dd88d,6,2020,2025,0.24739324148516822,0.004525452000169988,0.2336923997606224,0.24960629921259841,15.0
siga,Java,a547a3feddbc5050,5,2021,2025,0.44348041646008923,0.007963153093716535,0.44256588761810045,0.4542190305206463,134.0
siga,Java,a54b2ecf22f46438,6,2020,2025,0.45316605225548034,0.11087290944352607,0.2413657770800628,0.7543387193297427,306.0
siga,Java,a5a3bdcf91234da7,5,2021,2025,0.477689638076351,0.0716054264756531,0.36876640419947504,0.644524236983842,31.0
siga,Java,a5a786b0146f4ba0,6,2020,2025,0.39870443531704236,0.19221191130599985,0.2336923997606224,0.5002478929102627,38.0
siga,Java,a5a9cc647f2b58e7,4,2022,2025,0.45316605225548034,0.069655750909003,0.36876640419947504,0.5002478929102627,108.0
siga,Java,a5c31c4048e51043,6,2020,2025,0.08173445002616841,0.003689014869895979,0.08081308874566187,0.10047095761381476,130.0
siga,Java,a5f3188bbdae1b81,5,2021,2025,0.44348041646008923,0.014837950025479607,0.36876640419947504,0.4542190305206463,28.0
siga,Java,a63136b45554c99e,1,2020,2020,0.10047095761381476,0.0,0.10047095761381476,0.10047095761381476,9.0
siga,Java,a633a99a838a4546,6,2020,2025,0.08173445002616841,0.003689014869895979,0.08081308874566187,0.10047095761381476,71.0
siga,Java,a655064c368ed78f,6,2020,2025,0.40290051108229696,0.06890648687161699,0.2336923997606224,0.44348041646008923,31.0
siga,Java,a6683137ad3fe2fa,6,2020,2025,0.24739324148516822,0.004525452000169988,0.2336923997606224,0.24960629921259841,10.0
siga,Java,a683296f80f9ca6a,5,2021,2025,0.6742687159147248,0.013118452937330605,0.5002478929102627,0.6910761154855644,607.0
siga,Java,a683b57639daeb2d,3,2023,2025,0.5002478929102627,0.08910147633725968,0.477689638076351,0.6558925907508703,74.0
siga,Java,a68d78c665871cf9,6,2020,2025,0.8181698932853074,0.27668725672793903,0.477689638076351,0.8769269020387866,161.5
siga,Java,a6d3165b6db69d1b,5,2021,2025,0.477689638076351,0.0716054264756531,0.36876640419947504,0.644524236983842,63.0
siga,Java,a6e5766e10ccecc3,6,2020,2025,0.45316605225548034,0.20642337978308528,0.2336923997606224,0.8992125984251969,218.0
siga,Java,a6eaa7ad437673f7,6,2020,2025,0.9601476655298744,0.3603952947144812,0.477689638076351,0.9829443447037702,916.0
siga,Java,a75abe1cb39207ab,5,2021,2025,0.35770946950917204,0.00580759085828203,0.35703630034808553,0.3635547576301616,42.0
siga,Java,a771285c29053f3a,3,2023,2025,0.35770946950917204,0.00033658458054325324,0.35703630034808553,0.35770946950917204,15.0
siga,Java,a78de2a41b8d7ef9,4,2022,2025,0.48896876549330687,0.07813077792885487,0.4286424664346096,0.673490813648294,49.0
siga,Java,a7ab2b623d9140fd,6,2020,2025,0.6227691583860575,0.301762673201022,0.2336923997606224,0.8091863517060367,141.5
siga,Java,a7cc0205504119d5,6,2020,2025,0.08173445002616841,0.003689014869895979,0.08081308874566187,0.10047095761381476,126.0
siga,Java,a7cfb74a5d2875a2,6,2020,2025,0.39870443531704236,0.19221191130599985,0.2336923997606224,0.5002478929102627,265.0
siga,Java,a7fcd7b2a7b4712b,6,2020,2025,0.48896876549330687,0.12154550562399291,0.36876640419947504,0.6126373626373627,56.0
siga,Java,a80331771e3eecbb,6,2020,2025,0.17328335884916424,0.006661094583956084,0.17203767972235995,0.21585557299843014,16.0
siga,Java,a82e94c81e7efef1,6,2020,2025,0.8386666018430573,0.31694633940221406,0.36876640419947504,0.9727317798710957,535.0
siga,Java,a860d1d290fb21de,6,2020,2025,0.08173445002616841,0.003689014869895979,0.08081308874566187,0.10047095761381476,5.0
siga,Java,a86eb913c90f03dd,6,2020,2025,0.08173445002616841,0.003689014869895979,0.08081308874566187,0.10047095761381476,6.0
siga,Java,a887877fe88fe13c,2,2020,2021,0.09287461704748189,0.0075963405663328765,0.08527827648114901,0.10047095761381476,76.0
siga,Java,a898536123eeb049,6,2020,2025,0.4352788470320615,0.08501061570638291,0.2336923997606224,0.5002478929102627,28.0
siga,Java,a8c54100c6fec760,5,2021,2025,0.477689638076351,0.0716054264756531,0.36876640419947504,0.7965290245362059,60.0
siga,Java,a8d8d4bb54eaf1b5,6,2020,2025,0.08173445002616841,0.003689014869895979,0.08081308874566187,0.2413657770800628,345.0
siga,Java,a8f38baf40818bb8,4,2022,2025,0.24739712444224096,0.000554235171125711,0.2473893585280955,0.24960629921259841,12.0
siga,Java,a92b7718953096bf,5,2021,2025,0.5002478929102627,0.10734268415139636,0.36876640419947504,0.5909634949132256,30.0
siga,Java,a939796bbcd8023d,6,2020,2025,0.39870443531704236,0.19221191130599985,0.2336923997606224,0.5002478929102627,69.0
siga,Java,a94f940d6e7e8a99,6,2020,2025,0.43606144144734943,0.05974499670183053,0.2413657770800628,0.4542190305206463,26.0
siga,Java,a95b898f78ae5afe,4,2022,2025,0.48896876549330687,0.050834190002345736,0.4286424664346096,0.5643044619422573,38.0
siga,Java,a970061318c66bf2,1,2020,2020,0.2413657770800628,0.0,0.2413657770800628,0.2413657770800628,20.0
siga,Java,a9bdec4fca6a9c81,6,2020,2025,0.45316605225548034,0.11087290944352607,0.2336923997606224,0.5863422291993721,43.0
siga,Java,a9d4163022412a5a,4,2022,2025,0.48896876549330687,0.059758074516781334,0.4286424664346096,0.6,27.0
siga,Java,a9da471b2b8f13c9,6,2020,2025,0.08173445002616841,0.003689014869895979,0.08081308874566187,0.10047095761381476,56.0
siga,Java,a9effaa77a1e71ca,6,2020,2025,0.39870443531704236,0.1665549950938035,0.2336923997606224,0.44348041646008923,18.0
siga,Java,a9fe7903d1923550,4,2022,2025,0.6024362289016754,0.2143719054916533,0.477689638076351,0.7220472440944882,51.0
siga,Java,aa04f61aead02b9c,6,2020,2025,0.39870443531704236,0.19221191130599985,0.2336923997606224,0.5002478929102627,40.0
siga,Java,aa1625b4ebc4e640,5,2021,2025,0.24739712444224096,0.0022091747703574527,0.2473893585280955,0.2519449431478157,32.0
siga,Java,aa1ec7101bf784e8,4,2022,2025,0.24739712444224096,0.000554235171125711,0.2473893585280955,0.24960629921259841,12.0
siga,Java,aa2a442889d50e76,6,2020,2025,0.45316605225548034,0.11087290944352607,0.2336923997606224,0.5863422291993721,52.0
siga,Java,aa36790dbf130cef,2,2024,2025,0.35770946950917204,0.0,0.35770946950917204,0.35770946950917204,30.0
siga,Java,aaa43a14c2795515,4,2022,2025,0.24739712444224096,0.000554235171125711,0.2473893585280955,0.24960629921259841,11.0
siga,Java,aad19cb0e0f20db2,6,2020,2025,0.40290051108229696,0.06890648687161699,0.2336923997606224,0.44348041646008923,36.0
siga,Java,aae80533db4a17dd,6,2020,2025,0.24739324148516822,0.004525452000169988,0.2336923997606224,0.24960629921259841,23.0
siga,Java,aaf1abd2236c2d6b,6,2020,2025,0.08173445002616841,0.003689014869895979,0.08081308874566187,0.10047095761381476,147.0
siga,Java,ab0b0a5cc43b43e6,6,2020,2025,0.08173445002616841,0.003689014869895979,0.08081308874566187,0.10047095761381476,18.0
siga,Java,ab28f99701c626c9,6,2020,2025,0.45316605225548034,0.11087290944352607,0.2413657770800628,0.5831837223219629,149.0
siga,Java,ab61d3f46a0daf95,6,2020,2025,0.45316605225548034,0.11087290944352607,0.2336923997606224,0.6102825745682888,111.0
siga,Java,ab65e4d3da73ecf9,4,2022,2025,0.48896876549330687,0.08252710338817243,0.4286424664346096,0.6910761154855644,92.0
siga,Java,ab8b0b765b40235f,6,2020,2025,0.39870443531704236,0.19221191130599985,0.2336923997606224,0.5002478929102627,68.0
siga,Java,ab9fc8bda565f8a7,6,2020,2025,0.48896876549330687,0.14363573586054268,0.36876640419947504,0.7007779772591263,68.0
siga,Java,aba6df92cfbf5e64,6,2020,2025,0.45316605225548034,0.11087290944352607,0.2336923997606224,0.7182103610675039,119.0
siga,Java,aba8e504e71a33c8,5,2021,2025,0.35770946950917204,0.00580759085828203,0.35703630034808553,0.3635547576301616,24.0
siga,Java,abb8a86dcb67bfc5,6,2020,2025,0.48896876549330687,0.12319741362009606,0.2336923997606224,0.777473893585281,54.5
siga,Java,abbcc76325ce4650,6,2020,2025,0.24739324148516822,0.004525452000169988,0.2336923997606224,0.24960629921259841,17.0
siga,Java,abbf365ac4d45a9c,4,2022,2025,0.6097708882751214,0.23291982631035257,0.477689638076351,0.7522309711286089,102.0
siga,Java,abd36eedcb1784fa,5,2021,2025,0.24739712444224096,0.0022091747703574527,0.2473893585280955,0.2519449431478157,27.0
siga,Java,abf787cfa2dcaa93,6,2020,2025,0.39870443531704236,0.19221191130599985,0.2336923997606224,0.5002478929102627,19.0
siga,Java,ac0f7a379d85659d,6,2020,2025,0.39870443531704236,0.1665549950938035,0.2336923997606224,0.44348041646008923,31.0
siga,Java,ac32ccaee57ed3ce,6,2020,2025,0.08173445002616841,0.003689014869895979,0.08081308874566187,0.10047095761381476,3.0
siga,Java,ac3fb9fbe4da8656,6,2020,2025,0.48896876549330687,0.12154550562399291,0.36876640419947504,0.6126373626373627,158.0
siga,Java,ac925e31714dc63f,5,2021,2025,0.44256588761810045,0.07992565882992764,0.36351706036745407,0.44348041646008923,18.0
siga,Java,ac9e4dd1287dbbfe,6,2020,2025,0.39870443531704236,0.19221191130599985,0.2336923997606224,0.5002478929102627,1385.0
siga,Java,aca46de4fc221163,5,2021,2025,0.44348041646008923,0.014837950025479607,0.36876640419947504,0.4542190305206463,18.0
siga,Java,acb2350d0a8e62c9,5,2021,2025,0.477689638076351,0.0716054264756531,0.36876640419947504,0.5831837223219629,105.0
siga,Java,acd3806321dda2c7,6,2020,2025,0.17328335884916424,0.006661094583956084,0.17203767972235995,0.21585557299843014,12.0
siga,Java,ad13630cd4b23b37,6,2020,2025,0.08173445002616841,0.003689014869895979,0.08081308874566187,0.10047095761381476,55.0
siga,Java,ad44e619ce20f2b0,5,2021,2025,0.24739712444224096,0.0022091747703574527,0.2473893585280955,0.2519449431478157,22.0
siga,Java,ad45db4b7d38683e,6,2020,2025,0.39870443531704236,0.19221191130599985,0.2336923997606224,0.5002478929102627,53.0
siga,Java,ad5438d1e7ef47f5,4,2022,2025,0.24739712444224096,0.000554235171125711,0.2473893585280955,0.24960629921259841,11.0
siga,Java,ad66a925f29f0449,6,2020,2025,0.35770946950917204,0.004860570014526444,0.31279434850863425,0.3635547576301616,27.0
siga,Java,adc5506eed8ee261,5,2021,2025,0.477689638076351,0.0716054264756531,0.36876640419947504,0.5583482944344704,47.0
siga,Java,ade6ab895ad91e50,6,2020,2025,0.6961850370139998,0.30916010658011883,0.477689638076351,0.8846345101939334,153.0
siga,Java,ae0ebf6b17603b84,6,2020,2025,0.45316605225548034,0.11087290944352607,0.25824175824175827,0.8070017953321365,101.0
siga,Java,ae63325c3de25d47,6,2020,2025,0.45316605225548034,0.20642337978308528,0.2336923997606224,0.8091863517060367,119.0
siga,Java,ae675ee99388fa7d,6,2020,2025,0.45316605225548034,0.11087290944352607,0.2336923997606224,0.6126373626373627,196.0
siga,Java,ae730ef542209e92,6,2020,2025,0.5432950610548174,0.2813665917354865,0.4286424664346096,0.8291442250149611,65.0
siga,Java,ae7590a9c5c7b911,6,2020,2025,0.39870443531704236,0.19221191130599985,0.2336923997606224,0.5002478929102627,42.0
siga,Java,ae7dd23779e5c242,4,2022,2025,0.44348041646008923,0.0057002757797990355,0.4286424664346096,0.45144356955380577,19.0
siga,Java,aec505136a370627,5,2021,2025,0.24739712444224096,0.0022091747703574527,0.2473893585280955,0.2519449431478157,29.0
siga,Java,aef4cf617c7a4a4a,6,2020,2025,0.39870443531704236,0.19221191130599985,0.2336923997606224,0.5002478929102627,438.0
siga,Java,af201de6c7b4cb28,4,2022,2025,0.44348041646008923,0.0057002757797990355,0.4286424664346096,0.45144356955380577,26.0
siga,Java,af286c3d6237d6d2,6,2020,2025,0.39870443531704236,0.19221191130599985,0.2336923997606224,0.5002478929102627,287.0
siga,Java,af2e5b1f6593c68b,3,2023,2025,0.477689638076351,0.03580271323782652,0.4286424664346096,0.5002478929102627,119.0
siga,Java,af348250c408071e,6,2020,2025,0.24739324148516822,0.004525452000169988,0.2336923997606224,0.24960629921259841,10.0
siga,Java,af44e76cbda59987,5,2021,2025,0.35770946950917204,0.00580759085828203,0.35703630034808553,0.3635547576301616,18.0
siga,Java,af5f4ed61144b3cd,4,2022,2025,0.48896876549330687,0.11113602727268684,0.4286424664346096,0.805511811023622,98.0
siga,Java,af64a1db0916a19c,6,2020,2025,0.7817625355178897,0.28933054100164335,0.477689638076351,0.8940825459970164,191.5
siga,Java,af9e2f7c15d874c5,4,2022,2025,0.24739712444224096,0.000554235171125711,0.2473893585280955,0.24960629921259841,16.0
siga,Java,afcdbe81de1b1d11,5,2021,2025,0.24739712444224096,0.0022091747703574527,0.2473893585280955,0.2519449431478157,31.0
siga,Java,afe0f57b7feb2613,6,2020,2025,0.4598024328529322,0.06264767246844921,0.36876640419947504,0.5170556552962298,47.0
siga,Java,aff55594fe54050e,5,2021,2025,0.477689638076351,0.0716054264756531,0.36876640419947504,0.5831837223219629,208.0
siga,Java,b01af083e40e3584,4,2022,2025,0.48896876549330687,0.0390231663802984,0.4286424664346096,0.5170603674540682,19.0
siga,Java,b021920d25ccda0f,5,2021,2025,0.44348041646008923,0.007963153093716535,0.44256588761810045,0.4542190305206463,56.0
siga,Java,b02755ae88a8b6cc,6,2020,2025,0.39870443531704236,0.1665549950938035,0.2336923997606224,0.44348041646008923,22.0
siga,Java,b0d58b562c2b0292,6,2020,2025,0.08173445002616841,0.003689014869895979,0.08081308874566187,0.10047095761381476,36.0
siga,Java,b0f8acf28642d708,6,2020,2025,0.39870443531704236,0.19221191130599985,0.2336923997606224,0.5002478929102627,128.0
siga,Java,b11513b63c0fbda5,6,2020,2025,0.48896876549330687,0.1885427825368936,0.2336923997606224,0.8940825459970164,287.0
siga,Java,b12a29f1492d53a9,5,2021,2025,0.477689638076351,0.0716054264756531,0.36876640419947504,0.7552363853979653,69.0
siga,Java,b12b02736761efc3,3,2023,2025,0.477689638076351,0.03580271323782652,0.4286424664346096,0.5002478929102627,119.0
siga,Java,b14ca8d15c7ee5f5,5,2021,2025,0.477689638076351,0.0716054264756531,0.2336923997606224,0.8091863517060367,201.0
siga,Java,b14e7920d8591b97,6,2020,2025,0.2485017118274197,0.003963157721770388,0.2473893585280955,0.3771585557299843,15.0
siga,Java,b17eace07e3b8846,6,2020,2025,0.17328335884916424,0.006661094583956084,0.17203767972235995,0.21585557299843014,13.0
siga,Java,b192ce8eb61e3e26,4,2022,2025,0.44348041646008923,0.0057002757797990355,0.4286424664346096,0.45144356955380577,59.0
siga,Java,b1c55f246c9b5ff4,1,2020,2020,0.2413657770800628,0.0,0.2413657770800628,0.2413657770800628,30.0
siga,Java,b21a3511c6b54357,5,2021,2025,0.24739712444224096,0.0022091747703574527,0.2473893585280955,0.2519449431478157,28.0
siga,Java,b21ab7d55cd24108,3,2023,2025,0.477689638076351,0.03580271323782652,0.4286424664346096,0.5002478929102627,98.0
siga,Java,b2342f314c2deb1d,6,2020,2025,0.48896876549330687,0.14363573586054268,0.36876640419947504,0.9763614602034709,784.0
siga,Java,b27b93777446e474,5,2021,2025,0.24739712444224096,0.0022091747703574527,0.2473893585280955,0.2519449431478157,38.0
siga,Java,b27ea9ec7efed60e,4,2022,2025,0.48896876549330687,0.10083419000234567,0.4286424664346096,0.7643044619422572,80.0
siga,Java,b2918b5332a65f76,5,2021,2025,0.24739712444224096,0.0022091747703574527,0.2473893585280955,0.2519449431478157,33.0
siga,Java,b298c2cb403b11d7,6,2020,2025,0.48896876549330687,0.2716773371164297,0.2336923997606224,0.8322834645669291,163.0
siga,Java,b2b071e04f370c0d,4,2022,2025,0.08093364531763451,0.0005812372122259157,0.08081308874566187,0.08241469816272966,10.0
siga,Java,b2bebbed06137a0b,6,2020,2025,0.4206221978532563,0.1310818445186538,0.31279434850863425,0.5497265042267528,47.0
siga,Java,b2c6c3b6328f75e7,6,2020,2025,0.45316605225548034,0.11087290944352607,0.2413657770800628,0.7301017354877319,41.0
siga,Java,b2ce3e3758e314f2,6,2020,2025,0.39870443531704236,0.19221191130599985,0.2336923997606224,0.5002478929102627,77.0
siga,Java,b2e3f0c88d4e88b8,2,2020,2021,0.3951036567091966,0.16141125694857428,0.2336923997606224,0.5565149136577708,58.0
siga,Java,b2f8e5e36538fb0d,6,2020,2025,0.48896876549330687,0.12154550562399291,0.2413657770800628,0.6910761154855644,41.0
siga,Java,b30161eb1036f215,6,2020,2025,0.3573728849286288,0.08742606161210353,0.2336923997606224,0.36351706036745407,12.0
siga,Java,b33d6801e04bdeca,5,2021,2025,0.35770946950917204,0.00580759085828203,0.35703630034808553,0.3635547576301616,33.0
siga,Java,b34af482c2dd78b8,6,2020,2025,0.4598024328529322,0.06264767246844921,0.36876640419947504,0.5170556552962298,28.0
siga,Java,b35bf43e51bff14b,3,2023,2025,0.5002478929102627,0.10588417151378876,0.477689638076351,0.6894579811039284,66.0
siga,Java,b35c278566a95dd7,2,2020,2021,0.2375290884203426,0.0038366886597202,0.2336923997606224,0.2413657770800628,124.0
siga,Java,b40915d6bbe134c5,5,2021,2025,0.35770946950917204,0.00580759085828203,0.35703630034808553,0.3635547576301616,18.0
siga,Java,b40d9425606d8303,6,2020,2025,0.45316605225548034,0.11087290944352607,0.2336923997606224,0.8453689167974883,184.0
siga,Java,b40eb7202191ec86,5,2021,2025,0.477689638076351,0.0716054264756531,0.36876640419947504,0.8363255535607421,212.0
siga,Java,b418479a7141e984,6,2020,2025,0.360613264938313,0.005835863805312647,0.35703630034808553,0.44191522762951335,28.0
siga,Java,b46484b8e12608e9,6,2020,2025,0.3573728849286288,0.033854633040674986,0.2336923997606224,0.36351706036745407,18.0
siga,Java,b46764e72e3bb214,6,2020,2025,0.4352788470320615,0.08501061570638291,0.2336923997606224,0.5002478929102627,29.0
siga,Java,b4be75cb4f12c2af,6,2020,2025,0.08173445002616841,0.003689014869895979,0.08081308874566187,0.10047095761381476,414.0
siga,Java,b4c51c26083811e6,6,2020,2025,0.48896876549330687,0.2808021408840906,0.36876640419947504,0.8363255535607421,281.0
siga,Java,b4f43944961afa4c,6,2020,2025,0.39870443531704236,0.19221191130599985,0.2336923997606224,0.5002478929102627,87.0
siga,Java,b4fc8421690da273,6,2020,2025,0.39870443531704236,0.1665549950938035,0.2336923997606224,0.44348041646008923,21.0
siga,Java,b4fd38a7b329c31f,2,2024,2025,0.44348041646008923,0.0,0.44348041646008923,0.44348041646008923,18.0
siga,Java,b556374105db7f3b,5,2021,2025,0.477689638076351,0.0716054264756531,0.36876640419947504,0.7007779772591263,81.0
siga,Java,b5627e0d24d14bef,1,2020,2020,0.2413657770800628,0.0,0.2413657770800628,0.2413657770800628,40.0
siga,Java,b5754122d9445bf9,5,2021,2025,0.477689638076351,0.0716054264756531,0.36876640419947504,0.644524236983842,23.0
siga,Java,b57f5cb02bda28bc,6,2020,2025,0.39870443531704236,0.19221191130599985,0.2336923997606224,0.5002478929102627,95.0
siga,Java,b57fe25afe80ba6a,6,2020,2025,0.48896876549330687,0.32570918756044154,0.2336923997606224,0.9067628045748384,257.0
siga,Java,b59fa10883b5a006,6,2020,2025,0.08173445002616841,0.003689014869895979,0.08081308874566187,0.10047095761381476,90.0
siga,Java,b5b3da6b66ded8b4,6,2020,2025,0.9903134360952134,0.37512709372382114,0.477689638076351,0.9967677772252611,2281.0
siga,Java,b5ec23d351c41f99,5,2021,2025,0.477689638076351,0.0716054264756531,0.36876640419947504,0.6681627767803711,50.0
siga,Java,b624cf1288fc455b,5,2021,2025,0.35770946950917204,0.00580759085828203,0.35703630034808553,0.3635547576301616,44.0
siga,Java,b633ddd7a9d6b4d0,5,2021,2025,0.44348041646008923,0.014837950025479607,0.36876640419947504,0.4542190305206463,27.0
siga,Java,b65b3ebb10d6b472,5,2021,2025,0.35770946950917204,0.00580759085828203,0.35703630034808553,0.3635547576301616,14.0
siga,Java,b65f868e908c6a05,4,2022,2025,0.24739712444224096,0.000554235171125711,0.2473893585280955,0.24960629921259841,22.0
siga,Java,b68d86e37f138766,3,2023,2025,0.5002478929102627,0.09780361457694137,0.477689638076351,0.6732968672302337,204.0
siga,Java,b69180de4764f778,2,2020,2021,0.2375290884203426,0.0038366886597202,0.2336923997606224,0.2413657770800628,44.0
siga,Java,b6964b3099fc5be7,5,2021,2025,0.477689638076351,0.0716054264756531,0.36876640419947504,0.5831837223219629,30.0
siga,Java,b6a650d8908a497f,4,2022,2025,0.35770946950917204,0.0016201900048420925,0.35703630034808553,0.36351706036745407,32.0
siga,Java,b6a6e1f693471a98,6,2020,2025,0.39870443531704236,0.19221191130599985,0.2336923997606224,0.5002478929102627,63.0
siga,Java,b6a9a2bf7cbb063f,6,2020,2025,0.39870443531704236,0.19221191130599985,0.2336923997606224,0.5002478929102627,53.0
siga,Java,b6e8046b0603bd87,6,2020,2025,0.48413524290002796,0.05692687226857829,0.36876640419947504,0.5583482944344704,50.0
siga,Java,b754633c90ef8d42,6,2020,2025,0.08173445002616841,0.003689014869895979,0.08081308874566187,0.10047095761381476,91.0
siga,Java,b7801f3514eefaee,1,2020,2020,0.21585557299843014,0.0,0.21585557299843014,0.21585557299843014,27.0
siga,Java,b7a83da8fd58b9f6,4,2022,2025,0.48896876549330687,0.09781581729893357,0.4286424664346096,0.7522309711286089,76.0
siga,Java,b7ae2a5ba5ed739d,6,2020,2025,0.08173445002616841,0.003689014869895979,0.08081308874566187,0.10047095761381476,9.0
siga,Java,b7c2a386cc505766,4,2022,2025,0.17229432469459618,0.0008794845356383807,0.17203767972235995,0.17401574803149605,24.0
siga,Java,b7cf0fbe5a041691,6,2020,2025,0.6272933061200028,0.33868528378048257,0.36876640419947504,0.9662865642042637,366.0
siga,Java,b856deb90f87bcf9,6,2020,2025,0.35770946950917204,0.004860570014526444,0.2413657770800628,0.3635547576301616,26.0
siga,Java,b861b1030cdd9467,4,2022,2025,0.48896876549330687,0.08639849446428799,0.4286424664346096,0.7065616797900263,91.0
siga,Java,b8639c0a73aef8c9,3,2020,2022,0.6102825745682888,0.21989920694383586,0.2336923997606224,0.673490813648294,50.0
siga,Java,b87e8f69a0efa611,5,2021,2025,0.44348041646008923,0.007963153093716535,0.4286424664346096,0.4542190305206463,39.0
siga,Java,b889597a2759ba63,1,2020,2020,0.2413657770800628,0.0,0.2413657770800628,0.2413657770800628,62.0
siga,Java,b8e935afc08a3412,6,2020,2025,0.48896876549330687,0.1885427825368936,0.2336923997606224,0.8940825459970164,281.0
siga,Java,b907a5e230e6e352,5,2021,2025,0.44348041646008923,0.014837950025479607,0.36876640419947504,0.4542190305206463,18.0
siga,Java,b957e6bd4a6074e5,1,2020,2020,0.2413657770800628,0.0,0.2413657770800628,0.2413657770800628,296.0
siga,Java,b9656260a449cfe0,6,2020,2025,0.48896876549330687,0.10154389912584882,0.36876640419947504,0.5831837223219629,188.0
siga,Java,b99750541a63ce87,4,2022,2025,0.08093364531763451,0.0005812372122259157,0.08081308874566187,0.08241469816272966,9.0
siga,Java,b99b4b32eb8fb5e7,6,2020,2025,0.6272933061200028,0.3560600306378736,0.36876640419947504,0.9311287916459473,251.0
siga,Java,b9ad0eb81a15f88a,5,2021,2025,0.477689638076351,0.0716054264756531,0.36876640419947504,0.5170556552962298,24.0
siga,Java,b9b4bf06c1319adb,6,2020,2025,0.44348041646008923,0.006658261451779002,0.2413657770800628,0.4542190305206463,46.0
siga,Java,b9c27d7fbb35a66e,6,2020,2025,0.45316605225548034,0.11087290944352607,0.2413657770800628,0.5831837223219629,42.0
siga,Java,b9c86c441cfc474a,5,2021,2025,0.35770946950917204,0.00580759085828203,0.35703630034808553,0.3635547576301616,18.0
siga,Java,b9cd561741c94191,6,2020,2025,0.48896876549330687,0.4022397998053394,0.2336923997606224,0.939830929885629,429.5
siga,Java,ba12f2e6680ecaa6,6,2020,2025,0.08173445002616841,0.003689014869895979,0.08081308874566187,0.10047095761381476,70.0
siga,Java,ba19ed3632dfce72,6,2020,2025,0.39870443531704236,0.1665549950938035,0.2336923997606224,0.44348041646008923,26.0
siga,Java,ba228c238d3dcd75,1,2020,2020,0.2413657770800628,0.0,0.2413657770800628,0.2413657770800628,422.0
siga,Java,ba26624a7de5d9f9,6,2020,2025,0.45316605225548034,0.11087290944352607,0.2336923997606224,0.6126373626373627,41.0
siga,Java,ba380af01a694f88,4,2022,2025,0.48896876549330687,0.10385256270575777,0.4286424664346096,0.7763779527559055,71.0
siga,Java,ba54f8704ed3d169,5,2021,2025,0.24739712444224096,0.0022091747703574527,0.2473893585280955,0.2519449431478157,28.0
siga,Java,ba5d1bb64a5a4be5,6,2020,2025,0.8964133295134218,0.3003889208944033,0.477689638076351,0.9045481747456613,279.0
siga,Java,bab0da2a93d6cd1e,3,2023,2025,0.5002478929102627,0.20347243605879112,0.477689638076351,0.8846345101939334,176.0
siga,Java,bac9fcbfd078bb89,6,2020,2025,0.48896876549330687,0.24991175337982774,0.36876640419947504,0.7955259026687598,152.0
siga,Java,badfff93d50ca03c,1,2020,2020,0.2413657770800628,0.0,0.2413657770800628,0.2413657770800628,68.0
siga,Java,bb1228b6df21d902,4,2022,2025,0.24739712444224096,0.000554235171125711,0.2473893585280955,0.24960629921259841,8.0
siga,Java,bb2a4c928c81f6c8,6,2020,2025,0.40290051108229696,0.06890648687161699,0.2336923997606224,0.44348041646008923,26.0
siga,Java,bb9d9427e5382df4,6,2020,2025,0.48896876549330687,0.24991175337982774,0.36876640419947504,0.7955259026687598,694.0
siga,Java,bb9f5bcdb1bc4116,6,2020,2025,0.08173445002616841,0.003689014869895979,0.08081308874566187,0.10047095761381476,5.0
siga,Java,bba62c0353a20d95,6,2020,2025,0.08173445002616841,0.003689014869895979,0.08081308874566187,0.10047095761381476,4.0
siga,Java,bbbd3a4a6ba5f2e2,5,2021,2025,0.24739712444224096,0.0022091747703574527,0.2473893585280955,0.2519449431478157,35.0
siga,Java,bc0532125c6b0540,6,2020,2025,0.39870443531704236,0.19221191130599985,0.2336923997606224,0.5002478929102627,138.0
siga,Java,bc18ac5d8d3d51f8,6,2020,2025,0.08173445002616841,0.003689014869895979,0.08081308874566187,0.10047095761381476,4.0
siga,Java,bc4eae2975421e09,6,2020,2025,0.39870443531704236,0.19221191130599985,0.2336923997606224,0.5002478929102627,82.0
siga,Java,bc9fcd4c37bf2a3b,6,2020,2025,0.39870443531704236,0.19221191130599985,0.2336923997606224,0.5002478929102627,29.0
siga,Java,bcbc23cb9eabfd6f,5,2021,2025,0.24739712444224096,0.0022091747703574527,0.2473893585280955,0.2519449431478157,28.0
siga,Java,bcf5cad08621397b,6,2020,2025,0.08173445002616841,0.003689014869895979,0.08081308874566187,0.10047095761381476,121.0
siga,Java,bd2cd2343a099455,4,2022,2025,0.24739712444224096,0.000554235171125711,0.2473893585280955,0.24960629921259841,14.0
siga,Java,bd59e723c71e92a5,6,2020,2025,0.48896876549330687,0.14363573586054268,0.36876640419947504,0.7543387193297427,136.0
siga,Java,bd7783acc0cfc3a3,5,2021,2025,0.24739712444224096,0.0022091747703574527,0.2473893585280955,0.2519449431478157,16.0
siga,Java,bda9652e61a6ce68,4,2022,2025,0.17229432469459618,0.0008794845356383807,0.17203767972235995,0.17401574803149605,11.0
siga,Java,bdaad531b6de7cf0,4,2022,2025,0.35770946950917204,0.0016201900048420925,0.35703630034808553,0.36351706036745407,14.0
siga,Java,bdf21c6642459ebc,6,2020,2025,0.39870443531704236,0.19221191130599985,0.2336923997606224,0.5002478929102627,44.0
siga,Java,be04f2bbf3e74daa,5,2021,2025,0.24739712444224096,0.0022091747703574527,0.2473893585280955,0.2519449431478157,31.0
siga,Java,be253ce1af5c5070,6,2020,2025,0.3573728849286288,0.08742606161210353,0.2336923997606224,0.36351706036745407,29.0
siga,Java,be44c9f569540885,4,2022,2025,0.24739712444224096,0.000554235171125711,0.2473893585280955,0.24960629921259841,36.0
siga,Java,be4db8a36e210310,5,2021,2025,0.5002478929102627,0.20872568209121334,0.4286424664346096,0.6910761154855644,45.0
siga,Java,be7fbcf3dd1744ea,6,2020,2025,0.08173445002616841,0.003689014869895979,0.08081308874566187,0.10047095761381476,87.0
siga,Java,be83777e5a98f2ee,5,2021,2025,0.24739712444224096,0.0022091747703574527,0.2473893585280955,0.2519449431478157,32.0
siga,Java,be8930a984db5b6d,2,2020,2021,0.2375290884203426,0.0038366886597202,0.2336923997606224,0.2413657770800628,56.0
siga,Java,bea7c1f6a3b57b98,5,2021,2025,0.44348041646008923,0.014837950025479607,0.36876640419947504,0.4542190305206463,22.0
siga,Java,bedbb62db4a0cda6,5,2021,2025,0.35770946950917204,0.00580759085828203,0.35703630034808553,0.3635547576301616,18.0
siga,Java,beddd3e9d655480e,6,2020,2025,0.48896876549330687,0.12154550562399291,0.2413657770800628,0.805511811023622,87.0
siga,Java,bedf4ec7def6b792,6,2020,2025,0.08173445002616841,0.003689014869895979,0.08081308874566187,0.10047095761381476,4.0
siga,Java,bf58b64e7d352e49,3,2023,2025,0.08081308874566187,0.00012055657197264369,0.08081308874566187,0.08105420188960716,69.0
siga,Java,bf652798ca6b8cba,5,2021,2025,0.44348041646008923,0.014837950025479607,0.36876640419947504,0.4542190305206463,23.0
siga,Java,bf7fda9aadad50ee,6,2020,2025,0.24739712444224096,0.0016627055133772162,0.2336923997606224,0.25824175824175827,11.0
siga,Java,bfa359ef6e2881e8,6,2020,2025,0.08173445002616841,0.003689014869895979,0.08081308874566187,0.10047095761381476,9.0
siga,Java,bfa46530e6909768,5,2021,2025,0.35770946950917204,0.00580759085828203,0.35703630034808553,0.3635547576301616,23.0
siga,Java,bfb28132c825df84,4,2022,2025,0.48896876549330687,0.08252710338817243,0.4286424664346096,0.6910761154855644,46.0
siga,Java,bfb44a1832c586db,1,2020,2020,0.21585557299843014,0.0,0.21585557299843014,0.21585557299843014,10.0
siga,Java,bfc9cc4ebd408ddd,4,2022,2025,0.24739712444224096,0.000554235171125711,0.2473893585280955,0.24960629921259841,11.0
siga,Java,bff3d9ec9f5cb755,6,2020,2025,0.8958246324961534,0.32312606844876124,0.477689638076351,0.9766606822262118,492.0
siga,Java,c00adc1cc0451916,5,2021,2025,0.24739712444224096,0.0022091747703574527,0.2473893585280955,0.2519449431478157,28.0
siga,Java,c019e1e3b24b14ab,6,2020,2025,0.4352788470320615,0.08501061570638291,0.2336923997606224,0.5002478929102627,32.0
siga,Java,c020bda7d403f6fa,6,2020,2025,0.39870443531704236,0.19221191130599985,0.2336923997606224,0.5002478929102627,38.0
siga,Java,c060d2604d54aa24,6,2020,2025,0.48896876549330687,0.2910474776620482,0.2413657770800628,0.822262118491921,137.0
siga,Java,c0876555d9d32ddf,6,2020,2025,0.3573728849286288,0.033854633040674986,0.2336923997606224,0.36351706036745407,18.0
siga,Java,c0bf188ae5083c19,6,2020,2025,0.08173445002616841,0.003689014869895979,0.08081308874566187,0.10047095761381476,3.0
siga,Java,c10df65c4c53c3fe,6,2020,2025,0.48896876549330687,0.10154389912584882,0.2336923997606224,0.7643044619422572,110.0
siga,Java,c10f6bf6db3c2bbe,6,2020,2025,0.9580912848870411,0.35068818070110497,0.477689638076351,0.9671916010498688,455.0
siga,Java,c14644bec8ec33a8,6,2020,2025,0.39870443531704236,0.19221191130599985,0.2336923997606224,0.5002478929102627,28.0
siga,Java,c15373dfcd28c0d8,6,2020,2025,0.8028108080685665,0.27447528337231186,0.4286424664346096,0.8656167979002625,144.0
siga,Java,c156b85d0836e561,3,2023,2025,0.477689638076351,0.03580271323782652,0.4286424664346096,0.5002478929102627,265.0
siga,Java,c17acb4f5183e48e,6,2020,2025,0.48896876549330687,0.12154550562399291,0.36876640419947504,0.7955259026687598,139.0
siga,Java,c1819934ace65d67,6,2020,2025,0.39870443531704236,0.19221191130599985,0.2336923997606224,0.5002478929102627,22.0
siga,Java,c188ceb4047d396c,6,2020,2025,0.39870443531704236,0.19221191130599985,0.2336923997606224,0.5002478929102627,62.0
siga,Java,c1c197f128d0d728,4,2022,2025,0.48896876549330687,0.050834190002345736,0.4286424664346096,0.5643044619422573,45.0
siga,Java,c1f10d982130020e,5,2021,2025,0.35770946950917204,0.00580759085828203,0.35703630034808553,0.3635547576301616,18.0
siga,Java,c209de5afec1baf3,6,2020,2025,0.48896876549330687,0.3563089257294282,0.2413657770800628,0.9495275982098459,161.0
siga,Java,c21998a0cc8d016e,6,2020,2025,0.4426978220448013,0.011519759726753676,0.36876640419947504,0.4542190305206463,34.0
siga,Java,c235f9800015eaa5,6,2020,2025,0.08173445002616841,0.003689014869895979,0.08081308874566187,0.10047095761381476,6.0
siga,Java,c236b4bc8884f065,5,2021,2025,0.44348041646008923,0.014837950025479607,0.36876640419947504,0.4542190305206463,29.0
siga,Java,c27086814e023a1a,6,2020,2025,0.45316605225548034,0.11087290944352607,0.2336923997606224,0.8677394034536892,255.0
siga,Java,c307945a474b2958,6,2020,2025,0.08173445002616841,0.003689014869895979,0.08081308874566187,0.10047095761381476,76.0
siga,Java,c3081b56d6deda46,3,2023,2025,0.5002478929102627,0.0784102779285078,0.477689638076351,0.6345101939333665,26.0
siga,Java,c31f04ae60c88448,3,2023,2025,0.477689638076351,0.03580271323782652,0.4286424664346096,0.5002478929102627,98.0
siga,Java,c32509c93011a88d,5,2021,2025,0.44348041646008923,0.014837950025479607,0.36876640419947504,0.4542190305206463,29.0
siga,Java,c36bf7a78e7bdbd1,5,2021,2025,0.7552363853979653,0.2875557759048092,0.4286424664346096,0.805511811023622,165.0
siga,Java,c36de521553f5b61,6,2020,2025,0.4352788470320615,0.08501061570638291,0.2336923997606224,0.5002478929102627,25.0
siga,Java,c3b22a4658eba0c5,6,2020,2025,0.48896876549330687,0.2808021408840906,0.36876640419947504,0.8686415320167564,166.0
siga,Java,c3b4fabf0ea147f2,5,2021,2025,0.5831837223219629,0.23728491548868735,0.477689638076351,0.7463948284435604,93.0
siga,Java,c3e876064b3b8376,6,2020,2025,0.2485017118274197,0.003963157721770388,0.2473893585280955,0.3771585557299843,26.0
siga,Java,c3feae2d6fa10917,6,2020,2025,0.39870443531704236,0.19221191130599985,0.2336923997606224,0.5002478929102627,34.0
siga,Java,c418dc644cb624b8,6,2020,2025,0.39870443531704236,0.19221191130599985,0.2336923997606224,0.5002478929102627,100.0
siga,Java,c4298d41face04d1,6,2020,2025,0.39870443531704236,0.19221191130599985,0.2336923997606224,0.5002478929102627,40.0
siga,Java,c429d69bad60a9df,5,2021,2025,0.4286424664346096,0.10892323387687597,0.2336923997606224,0.5002478929102627,57.0
siga,Java,c44ddd21ee674c72,6,2020,2025,0.8196426299495327,0.07912783561320391,0.5002478929102627,0.8482895389191869,243.5
siga,Java,c4618b92f19af7f4,6,2020,2025,0.45316605225548034,0.20642337978308528,0.2336923997606224,0.8091863517060367,272.0
siga,Java,c48103722dbf0e67,6,2020,2025,0.45316605225548034,0.11087290944352607,0.2413657770800628,0.644524236983842,23.0
siga,Java,c49595f96ba770d1,5,2021,2025,0.08105420188960716,0.001601609417067787,0.08081308874566187,0.08527827648114901,5.0
siga,Java,c4d5b3529cf4261d,6,2020,2025,0.45316605225548034,0.11087290944352607,0.2336923997606224,0.6126373626373627,63.0
siga,Java,c4eb3e510e6bd732,6,2020,2025,0.48413524290002796,0.05692687226857829,0.36876640419947504,0.5583482944344704,46.0
siga,Java,c532d49e3f2a5ec3,6,2020,2025,0.2485017118274197,0.003963157721770388,0.2473893585280955,0.44191522762951335,31.0
siga,Java,c54940ebe2553130,4,2022,2025,0.08093364531763451,0.0005812372122259157,0.08081308874566187,0.08241469816272966,10.0
siga,Java,c58d538474e4c5e1,5,2021,2025,0.477689638076351,0.0716054264756531,0.36876640419947504,0.7543387193297427,40.0
siga,Java,c5a40cac57d8a2b9,6,2020,2025,0.39870443531704236,0.19221191130599985,0.2336923997606224,0.5002478929102627,92.0
siga,Java,c5a8e1e074190230,5,2021,2025,0.24739712444224096,0.0022091747703574527,0.2473893585280955,0.2519449431478157,29.0
siga,Java,c5b04d1af0819abe,5,2021,2025,0.44348041646008923,0.007963153093716535,0.4286424664346096,0.4542190305206463,26.0
siga,Java,c615693f4b1d4604,5,2021,2025,0.24739712444224096,0.0022091747703574527,0.2473893585280955,0.2519449431478157,26.0
siga,Java,c61b5e01d0cb9c8c,6,2020,2025,0.08173445002616841,0.003689014869895979,0.08081308874566187,0.10047095761381476,11.0
siga,Java,c6249ca6b76a2e8d,4,2022,2025,0.48896876549330687,0.0390231663802984,0.4286424664346096,0.5170603674540682,29.0
siga,Java,c63333ee3a76a88c,5,2021,2025,0.24739712444224096,0.0022091747703574527,0.2473893585280955,0.2519449431478157,42.0
siga,Java,c692963562c04d24,5,2021,2025,0.08105420188960716,0.001601609417067787,0.08081308874566187,0.08527827648114901,46.0
siga,Java,c6ba442c0c442537,5,2021,2025,0.35770946950917204,0.00580759085828203,0.35703630034808553,0.3635547576301616,18.0
siga,Java,c6c62120f10061ae,4,2022,2025,0.24739712444224096,0.000554235171125711,0.2473893585280955,0.24960629921259841,11.0
siga,Java,c6ed82c31975398e,6,2020,2025,0.39870443531704236,0.19221191130599985,0.2336923997606224,0.5002478929102627,45.0
siga,Java,c6f6ab461c613580,6,2020,2025,0.08173445002616841,0.003689014869895979,0.08081308874566187,0.10047095761381476,107.0
siga,Java,c7515a3e8fc352e7,6,2020,2025,0.9352220031002436,0.38184377747174236,0.477689638076351,0.9858267716535433,892.0
siga,Java,c758bd7194cf3b56,6,2020,2025,0.45316605225548034,0.11087290944352607,0.2336923997606224,0.6126373626373627,60.0
siga,Java,c75c57450633ae46,4,2022,2025,0.48896876549330687,0.1120546624432906,0.4286424664346096,0.8091863517060367,144.0
siga,Java,c762e3068f636d15,4,2022,2025,0.08093364531763451,0.0005812372122259157,0.08081308874566187,0.08241469816272966,10.0
siga,Java,c76330f81d4b07d2,4,2022,2025,0.48896876549330687,0.050834190002345736,0.4286424664346096,0.5643044619422573,45.0
siga,Java,c771245845b9252c,5,2021,2025,0.24739712444224096,0.0022091747703574527,0.2473893585280955,0.2519449431478157,39.0
siga,Java,c7814856e78c1f5a,5,2021,2025,0.477689638076351,0.13669313528010113,0.36351706036745407,0.7463948284435604,75.0
siga,Java,c78e3069f10ca191,6,2020,2025,0.24739324148516822,0.004525452000169988,0.2336923997606224,0.24960629921259841,10.0
siga,Java,c79c57dd6490fc92,6,2020,2025,0.48896876549330687,0.2228154846831487,0.36876640419947504,0.7672052663076002,98.0
siga,Java,c7ab3d19a1d00a98,6,2020,2025,0.17328335884916424,0.006661094583956084,0.17203767972235995,0.21585557299843014,10.0
siga,Java,c7b94df5c0987a0c,6,2020,2025,0.48896876549330687,0.14363573586054268,0.36876640419947504,0.7543387193297427,157.0
siga,Java,c7bc7675f50d2e25,6,2020,2025,0.3573728849286288,0.08742606161210353,0.2336923997606224,0.36351706036745407,13.0
siga,Java,c7e19bd3ce2bacf1,6,2020,2025,0.24739324148516822,0.004525452000169988,0.2336923997606224,0.24960629921259841,15.0
siga,Java,c80f8d979012194d,6,2020,2025,0.39870443531704236,0.1665549950938035,0.2336923997606224,0.44348041646008923,22.0
siga,Java,c8153c3ae29f251e,6,2020,2025,0.35770946950917204,0.004860570014526444,0.31279434850863425,0.3635547576301616,28.0
siga,Java,c820fd78b91ad1cd,6,2020,2025,0.08173445002616841,0.003689014869895979,0.08081308874566187,0.10047095761381476,7.0
siga,Java,c87c9d29a7e631f9,6,2020,2025,0.48896876549330687,0.24312553177891005,0.36876640419947504,0.8408138839018552,161.0
siga,Java,c8b28ad37a09489e,6,2020,2025,0.5878398020281298,0.26878725382931834,0.36876640419947504,0.8065638985579314,101.0
siga,Java,c8ff150541242122,6,2020,2025,0.9957689534768657,0.003554581621139752,0.5002478929102627,0.9965294992563213,2182.0
siga,Java,c9203ec5efdfeeca,6,2020,2025,0.45316605225548034,0.11087290944352607,0.2336923997606224,0.6126373626373627,121.0
siga,Java,c952e275776fd924,6,2020,2025,0.39870443531704236,0.19221191130599985,0.2336923997606224,0.5002478929102627,205.0
siga,Java,c97c9f337a8ed3a1,6,2020,2025,0.39870443531704236,0.19221191130599985,0.2336923997606224,0.5002478929102627,1697.0
siga,Java,c989a498926c9988,4,2022,2025,0.48896876549330687,0.1120546624432906,0.4286424664346096,0.8091863517060367,182.0
siga,Java,c99b6f27a9f2dfb5,6,2020,2025,0.48896876549330687,0.12154550562399291,0.36876640419947504,0.7452904238618524,124.0
siga,Java,c9a19c37eaa44e00,6,2020,2025,0.45316605225548034,0.11087290944352607,0.2413657770800628,0.5831837223219629,235.0
siga,Java,c9b6869224e5ddd3,5,2021,2025,0.44348041646008923,0.014837950025479607,0.36876640419947504,0.4542190305206463,22.0
siga,Java,c9c43b7a2a09aec0,6,2020,2025,0.08173445002616841,0.003689014869895979,0.08081308874566187,0.10047095761381476,285.0
siga,Java,ca5ab9c48fd53eab,5,2021,2025,0.44348041646008923,0.014837950025479607,0.36876640419947504,0.4542190305206463,18.0
siga,Java,ca9a07f96518dd2d,6,2020,2025,0.39870443531704236,0.1665549950938035,0.2336923997606224,0.44348041646008923,17.0
siga,Java,cabb830e7a72537a,6,2020,2025,0.08173445002616841,0.003689014869895979,0.08081308874566187,0.10047095761381476,6.0
siga,Java,cad48af4c171ceb7,6,2020,2025,0.08173445002616841,0.003689014869895979,0.08081308874566187,0.10047095761381476,4.0
siga,Java,cb0449134dce8d99,6,2020,2025,0.08173445002616841,0.003689014869895979,0.08081308874566187,0.10047095761381476,3.0
siga,Java,cb0ac9ca0226fa13,4,2022,2025,0.8810821591805309,0.09600425691222358,0.5002478929102627,0.8832020997375328,146.0
siga,Java,cb341852b71aaec5,5,2021,2025,0.477689638076351,0.0716054264756531,0.36876640419947504,0.8515858767205267,114.0
siga,Java,cb34b3e0141a51ee,5,2021,2025,0.24739712444224096,0.0022091747703574527,0.2473893585280955,0.2519449431478157,41.0
siga,Java,cb58fcaff87c4a6f,6,2020,2025,0.08173445002616841,0.003689014869895979,0.08081308874566187,0.10047095761381476,58.0
siga,Java,cb998b5622fe2f7e,6,2020,2025,0.39870443531704236,0.19221191130599985,0.2336923997606224,0.5002478929102627,42.0
siga,Java,cba9947b63490e87,6,2020,2025,0.08173445002616841,0.003689014869895979,0.08081308874566187,0.10047095761381476,132.0
siga,Java,cbc672f62970629e,6,2020,2025,0.08173445002616841,0.003689014869895979,0.08081308874566187,0.10047095761381476,56.0
siga,Java,cbcb45ecc32c9f0f,6,2020,2025,0.8375426403125813,0.040216081480841326,0.5002478929102627,0.8606841844323252,142.5
siga,Java,cbd757b38296c365,6,2020,2025,0.08173445002616841,0.003689014869895979,0.08081308874566187,0.10047095761381476,321.0
siga,Java,cc1ef1a9a244cb75,6,2020,2025,0.45316605225548034,0.11087290944352607,0.2336923997606224,0.6126373626373627,130.0
siga,Java,cc55b5fe56a3a4f8,6,2020,2025,0.45316605225548034,0.11087290944352607,0.2336923997606224,0.7955259026687598,150.0
siga,Java,cc5a434acc9b6694,6,2020,2025,0.39870443531704236,0.19221191130599985,0.2336923997606224,0.5002478929102627,102.0
siga,Java,cc6fb8f9d56608f7,5,2021,2025,0.5583482944344704,0.13426230102310377,0.477689638076351,0.6511811023622047,83.0
siga,Java,ccbe87bb869a346d,4,2022,2025,0.24739712444224096,0.000554235171125711,0.2473893585280955,0.24960629921259841,12.0
siga,Java,cce9f510d2db91e8,6,2020,2025,0.48896876549330687,0.12154550562399291,0.2413657770800628,0.8091863517060367,190.0
siga,Java,ccfc96456de1b37e,4,2022,2025,0.48896876549330687,0.050834190002345736,0.4286424664346096,0.5643044619422573,45.0
siga,Java,cd17d613b975653c,6,2020,2025,0.48896876549330687,0.14363573586054268,0.36876640419947504,0.7552363853979653,81.0
siga,Java,cd2fbcb1d2f3e481,1,2020,2020,0.2413657770800628,0.0,0.2413657770800628,0.2413657770800628,234.0
siga,Java,cd4014365ae23eb1,6,2020,2025,0.08173445002616841,0.003689014869895979,0.08081308874566187,0.10047095761381476,61.0
siga,Java,cd5ae1f1c4fd3dd2,4,2022,2025,0.24739712444224096,0.000554235171125711,0.2473893585280955,0.24960629921259841,11.0
siga,Java,cd5ebc25420f1b13,6,2020,2025,0.08173445002616841,0.003689014869895979,0.08081308874566187,0.10047095761381476,53.0
siga,Java,cd6c1da23c372e62,3,2023,2025,0.5002478929102627,0.16033469364208303,0.477689638076351,0.7983590253605172,181.0
siga,Java,cd8a108efaf711c9,6,2020,2025,0.48896876549330687,0.19073149724201843,0.36876640419947504,0.7301017354877319,65.0
siga,Java,cd8e2fc19d281e3c,6,2020,2025,0.45316605225548034,0.11087290944352607,0.2336923997606224,0.6126373626373627,105.0
siga,Java,cdabb5347ea12d06,6,2020,2025,0.48896876549330687,0.24991175337982774,0.36876640419947504,0.7759026687598116,124.0
siga,Java,cdacc0bfc07d9796,6,2020,2025,0.45316605225548034,0.11087290944352607,0.2413657770800628,0.5170556552962298,39.0
siga,Java,cdb0443a1fd33c33,4,2022,2025,0.24739712444224096,0.000554235171125711,0.2473893585280955,0.24960629921259841,12.0
siga,Java,cdf5af3f879e1b88,4,2022,2025,0.48896876549330687,0.10385256270575777,0.4286424664346096,0.7763779527559055,84.0
siga,Java,ce1883867f335df9,3,2023,2025,0.477689638076351,0.03580271323782652,0.4286424664346096,0.5002478929102627,224.0
siga,Java,ce6bd600cd58a97c,2,2020,2021,0.2375290884203426,0.0038366886597202,0.2336923997606224,0.2413657770800628,99.0
siga,Java,ce75e79b4eedf158,6,2020,2025,0.7188261851808773,0.19880987796877436,0.477689638076351,0.7643044619422572,103.5
siga,Java,ce83d920c019d973,5,2021,2025,0.5002478929102627,0.14050306090629416,0.4286424664346096,0.6910761154855644,60.0
siga,Java,ce842959cf1bc1c7,5,2021,2025,0.35770946950917204,0.00580759085828203,0.35703630034808553,0.3635547576301616,18.0
siga,Java,cecc6117428fbbac,6,2020,2025,0.48896876549330687,0.31658438379278064,0.2336923997606224,0.8135256091496768,119.0
siga,Java,cee4163cdb7eb743,6,2020,2025,0.43606144144734943,0.05345088305394857,0.36876640419947504,0.4542190305206463,23.0
siga,Java,cee942673a009bef,6,2020,2025,0.45316605225548034,0.11087290944352607,0.2336923997606224,0.6126373626373627,123.0
siga,Java,cf041af72dbb97b2,6,2020,2025,0.2031216847137274,0.06728143054172464,0.17203767972235995,0.36876640419947504,16.5
siga,Java,cf347d0a476a1260,5,2021,2025,0.35770946950917204,0.00580759085828203,0.35703630034808553,0.3635547576301616,36.0
siga,Java,cf376081c5da024c,6,2020,2025,0.48896876549330687,0.24991175337982774,0.36876640419947504,0.7672684458398744,138.0
siga,Java,cf67ce21717a2279,5,2021,2025,0.08105420188960716,0.001601609417067787,0.08081308874566187,0.08527827648114901,5.0
siga,Java,cf8ec81663c1d336,4,2022,2025,0.08093364531763451,0.0005812372122259157,0.08081308874566187,0.08241469816272966,10.0
siga,Java,cfe92cb70fc11336,6,2020,2025,0.6478868977895113,0.41299321876425077,0.4286424664346096,0.9718731298623579,470.0
siga,Java,d041afd991e9756b,4,2022,2025,0.48896876549330687,0.0390231663802984,0.4286424664346096,0.5170603674540682,33.0
siga,Java,d04afe4556f3b8b7,6,2020,2025,0.08173445002616841,0.003689014869895979,0.08081308874566187,0.10047095761381476,53.0
siga,Java,d0c57ffece766ab1,6,2020,2025,0.48896876549330687,0.24991175337982774,0.36876640419947504,0.7955259026687598,146.0
siga,Java,d0d858ca65321e03,4,2022,2025,0.9181542852891773,0.13791922340454765,0.5002478929102627,0.9382746653445712,139.0
siga,Java,d0f21f60c4346657,5,2021,2025,0.477689638076351,0.0716054264756531,0.36876640419947504,0.5170556552962298,20.0
siga,Java,d13b96e2052400ed,6,2020,2025,0.40290051108229696,0.06890648687161699,0.2336923997606224,0.44348041646008923,17.0
siga,Java,d16014e585051947,6,2020,2025,0.45316605225548034,0.11087290944352607,0.2336923997606224,0.6126373626373627,53.0
siga,Java,d16e47678bcb1571,5,2021,2025,0.35770946950917204,0.00580759085828203,0.35703630034808553,0.3635547576301616,30.0
siga,Java,d176345be2af6500,6,2020,2025,0.39870443531704236,0.19221191130599985,0.2336923997606224,0.5002478929102627,46.0
siga,Java,d186e704fc10c32b,3,2023,2025,0.08081308874566187,0.00012055657197264369,0.08081308874566187,0.08105420188960716,115.0
siga,Java,d1a46602ba3f7878,1,2020,2020,0.6911302982731554,0.0,0.6911302982731554,0.6911302982731554,71.0
siga,Java,d1d7ad9182a236b7,3,2023,2025,0.477689638076351,0.03580271323782652,0.4286424664346096,0.5002478929102627,440.0
siga,Java,d2348e058cbd5378,6,2020,2025,0.9972332531963206,0.37342576247857273,0.477689638076351,0.9980109398309299,2502.5
siga,Java,d23f0462865cb7d8,6,2020,2025,0.40290051108229696,0.06890648687161699,0.2336923997606224,0.44348041646008923,29.0
siga,Java,d25cc3f9551bb716,5,2021,2025,0.477689638076351,0.0716054264756531,0.36876640419947504,0.5831837223219629,71.0
siga,Java,d25dbc676b09a363,6,2020,2025,0.48896876549330687,0.07829036694374514,0.36876640419947504,0.5831837223219629,63.0
siga,Java,d26659c2e031f09b,5,2021,2025,0.24739712444224096,0.0022091747703574527,0.2473893585280955,0.2519449431478157,22.0
siga,Java,d27411c21fd5615e,4,2022,2025,0.45316605225548034,0.069655750909003,0.36876640419947504,0.5002478929102627,41.0
siga,Java,d279b232c8dbbad1,6,2020,2025,0.39870443531704236,0.19221191130599985,0.2336923997606224,0.5002478929102627,61.0
siga,Java,d27eef8911bdad2e,6,2020,2025,0.45316605225548034,0.11087290944352607,0.2413657770800628,0.5583482944344704,52.0
siga,Java,d29213fcfd268987,5,2021,2025,0.5002478929102627,0.14050306090629416,0.4286424664346096,0.673490813648294,44.0
siga,Java,d2d5ea344dc3cc7d,6,2020,2025,0.45316605225548034,0.11087290944352607,0.2413657770800628,0.5831837223219629,80.0
siga,Java,d2d9702b889138c1,6,2020,2025,0.08173445002616841,0.003689014869895979,0.08081308874566187,0.10047095761381476,81.0
siga,Java,d2dabe4196f317fc,6,2020,2025,0.39870443531704236,0.19221191130599985,0.2336923997606224,0.5002478929102627,45.0
siga,Java,d340f27a3e39a442,6,2020,2025,0.39870443531704236,0.1665549950938035,0.2336923997606224,0.44348041646008923,22.0
siga,Java,d3451a33c05b7009,6,2020,2025,0.39870443531704236,0.1665549950938035,0.2336923997606224,0.44348041646008923,10.0
siga,Java,d36eee1c3da47d2b,6,2020,2025,0.39870443531704236,0.19221191130599985,0.2336923997606224,0.5002478929102627,163.0
siga,Java,d38311e15237cad7,6,2020,2025,0.3573728849286288,0.08742606161210353,0.2336923997606224,0.36351706036745407,12.0
siga,Java,d3b1002a56f1e29a,6,2020,2025,0.45316605225548034,0.11087290944352607,0.2413657770800628,0.5831837223219629,76.0
siga,Java,d3bc4b113f64f0d4,5,2021,2025,0.24739712444224096,0.0022091747703574527,0.2473893585280955,0.2519449431478157,28.0
siga,Java,d3f38d4c7d1feb0c,4,2022,2025,0.48896876549330687,0.06638537110470782,0.4286424664346096,0.626509186351706,63.0
siga,Java,d3fe8744bdb4e4f6,6,2020,2025,0.36796569815905467,0.24108918228048343,0.24960629921259841,0.6894579811039284,30.0
siga,Java,d40ebb43d38759e0,6,2020,2025,0.08173445002616841,0.003689014869895979,0.08081308874566187,0.10047095761381476,8.0
siga,Java,d420705730d1bad2,6,2020,2025,0.43606144144734943,0.05345088305394857,0.36876640419947504,0.4542190305206463,107.0
siga,Java,d430c53ffe1765b1,6,2020,2025,0.08173445002616841,0.003689014869895979,0.08081308874566187,0.10047095761381476,12.0
siga,Java,d4538e2f42a4ccc9,6,2020,2025,0.39870443531704236,0.1665549950938035,0.2336923997606224,0.44348041646008923,18.0
siga,Java,d477602003362ae4,6,2020,2025,0.48896876549330687,0.18527979646779902,0.25824175824175827,0.673490813648294,50.0
siga,Java,d47d39d215f2fa2f,4,2022,2025,0.44348041646008923,0.0057002757797990355,0.4286424664346096,0.45144356955380577,31.0
siga,Java,d48cb93bafef8d9f,2,2020,2021,0.2375290884203426,0.0038366886597202,0.2336923997606224,0.2413657770800628,29.0
siga,Java,d4a10822bb84bf09,6,2020,2025,0.6839936481819759,0.40416755857635567,0.36876640419947504,0.9308797127468582,268.0
siga,Java,d4dc8d32fdf1e59a,4,2022,2025,0.48896876549330687,0.0390231663802984,0.4286424664346096,0.5170603674540682,36.0
siga,Java,d4dfae5dacae4348,6,2020,2025,0.24739712444224096,0.0016627055133772162,0.2413657770800628,0.2519449431478157,10.0
siga,Java,d53ab53d7941e0b0,4,2022,2025,0.48896876549330687,0.059758074516781334,0.4286424664346096,0.6,58.0
siga,Java,d541a7a47c97dd34,5,2021,2025,0.24739712444224096,0.0022091747703574527,0.2473893585280955,0.2519449431478157,37.0
siga,Java,d55d292294a2b0fa,6,2020,2025,0.6272933061200028,0.2807068124275125,0.36876640419947504,0.8239681750372949,117.0
siga,Java,d57e5a1ddef4c2c9,6,2020,2025,0.17328335884916424,0.006661094583956084,0.17203767972235995,0.21585557299843014,11.0
siga,Java,d582382c965642b9,3,2023,2025,0.08081308874566187,0.00012055657197264369,0.08081308874566187,0.08105420188960716,7.0
siga,Java,d5c08775ff9ff0a2,6,2020,2025,0.48896876549330687,0.12154550562399291,0.36876640419947504,0.6271585557299842,86.0
siga,Java,d5e11d17afbc7ee7,4,2022,2025,0.24739712444224096,0.000554235171125711,0.2473893585280955,0.24960629921259841,30.5
siga,Java,d5e7b1731453a818,5,2021,2025,0.24739712444224096,0.0022091747703574527,0.2473893585280955,0.2519449431478157,37.0
siga,Java,d642b66177211a99,5,2021,2025,0.8940825459970164,0.46713690661098206,0.477689638076351,0.9732283464566929,496.0
siga,Java,d6702523da8acdd9,6,2020,2025,0.08173445002616841,0.003689014869895979,0.08081308874566187,0.10047095761381476,5.0
siga,Java,d67942b18c2699f9,6,2020,2025,0.24739324148516822,0.004525452000169988,0.2336923997606224,0.24960629921259841,10.0
siga,Java,d68da13a39f490c1,6,2020,2025,0.45316605225548034,0.11087290944352607,0.31279434850863425,0.6181926989826452,48.0
siga,Java,d6d20313d6edfd9d,5,2021,2025,0.24739712444224096,0.0022091747703574527,0.2473893585280955,0.2519449431478157,31.0
siga,Java,d6dc71248538db3e,6,2020,2025,0.3573728849286288,0.0794916870612889,0.2413657770800628,0.36351706036745407,13.0
siga,Java,d6dd2083c0e3ce28,3,2023,2025,0.08081308874566187,0.00012055657197264369,0.08081308874566187,0.08105420188960716,16.0
siga,Java,d6e6caa3301bd249,6,2020,2025,0.39870443531704236,0.19221191130599985,0.2336923997606224,0.5002478929102627,44.0
siga,Java,d6f92dd4609ecc57,6,2020,2025,0.45316605225548034,0.11087290944352607,0.2336923997606224,0.5565149136577708,36.0
siga,Java,d712cccd1df5fadd,6,2020,2025,0.08173445002616841,0.003689014869895979,0.08081308874566187,0.10047095761381476,487.5
siga,Java,d7316768690b640a,6,2020,2025,0.45316605225548034,0.11087290944352607,0.2336923997606224,0.5863422291993721,51.0
siga,Java,d76fdd54f4500e47,6,2020,2025,0.45316605225548034,0.11087290944352607,0.2413657770800628,0.5831837223219629,49.0
siga,Java,d77d92d58150f1bb,6,2020,2025,0.08173445002616841,0.003689014869895979,0.08081308874566187,0.10047095761381476,199.0
siga,Java,d78d07589dd1f5ba,5,2021,2025,0.7552363853979653,0.286922668999235,0.477689638076351,0.805511811023622,97.0
siga,Java,d7914d4c4fca5398,6,2020,2025,0.17328335884916424,0.006661094583956084,0.17203767972235995,0.21585557299843014,7.0
siga,Java,d79f1fa6ddc1e4b0,6,2020,2025,0.08173445002616841,0.003689014869895979,0.08081308874566187,0.10047095761381476,31.0
siga,Java,d7a5aa1e816bbbfe,6,2020,2025,0.08173445002616841,0.003689014869895979,0.08081308874566187,0.10047095761381476,9.0
siga,Java,d7b87e085f953287,6,2020,2025,0.5564426277738127,0.340392048372274,0.36876640419947504,0.9281867145421903,200.0
siga,Java,d83a0e64a84ef3fb,4,2022,2025,0.44348041646008923,0.0057002757797990355,0.4286424664346096,0.45144356955380577,32.0
siga,Java,d852ea2ab64ba7b4,6,2020,2025,0.6945901944928079,0.40946583173177165,0.36876640419947504,0.8997606223818073,269.0
siga,Java,d8b004bfb9c8735b,5,2021,2025,0.24739712444224096,0.0022091747703574527,0.2473893585280955,0.2519449431478157,32.0
siga,Java,d8b42002211b407c,5,2021,2025,0.35770946950917204,0.00580759085828203,0.35703630034808553,0.3635547576301616,39.0
siga,Java,d8bbe4034f982f37,5,2021,2025,0.08105420188960716,0.001601609417067787,0.08081308874566187,0.08527827648114901,4.0
siga,Java,d8feccbcd41ac08a,6,2020,2025,0.45316605225548034,0.11087290944352607,0.2413657770800628,0.7007779772591263,62.0
siga,Java,d923c3f32c5c22a0,4,2022,2025,0.48896876549330687,0.08639849446428799,0.4286424664346096,0.7065616797900263,48.0
siga,Java,d97e11add6e47315,1,2020,2020,0.2413657770800628,0.0,0.2413657770800628,0.2413657770800628,68.0
siga,Java,d9fb5b4c41c7f94f,4,2022,2025,0.17229432469459618,0.0008794845356383807,0.17203767972235995,0.17401574803149605,10.0
siga,Java,da6cd94ab1d8fb72,6,2020,2025,0.24739712444224096,0.0016627055133772162,0.2336923997606224,0.25824175824175827,11.0
siga,Java,da745b8a37ac8d54,6,2020,2025,0.39870443531704236,0.1665549950938035,0.2336923997606224,0.44348041646008923,21.0
siga,Java,da82d4a167beaf93,6,2020,2025,0.39870443531704236,0.19221191130599985,0.2336923997606224,0.5002478929102627,58.0
siga,Java,da894e82bbc6ea7b,4,2022,2025,0.48896876549330687,0.09414127661651889,0.4286424664346096,0.7375328083989501,81.0
siga,Java,da90ca0918796469,6,2020,2025,0.45316605225548034,0.11087290944352607,0.2336923997606224,0.6126373626373627,113.0
siga,Java,da94da353ba7b00a,5,2021,2025,0.477689638076351,0.0716054264756531,0.36876640419947504,0.6681627767803711,39.0
siga,Java,dae02c64d5f23656,2,2020,2021,0.2375290884203426,0.0038366886597202,0.2336923997606224,0.2413657770800628,157.0
siga,Java,db00527400a3e6f6,6,2020,2025,0.4352788470320615,0.08501061570638291,0.2336923997606224,0.5002478929102627,39.0
siga,Java,db10c6c81105d322,6,2020,2025,0.08173445002616841,0.003689014869895979,0.08081308874566187,0.10047095761381476,4.0
siga,Java,db12d20ee048fd0e,6,2020,2025,0.45316605225548034,0.11087290944352607,0.2336923997606224,0.6581632653061225,74.0
siga,Java,db6ae9edad8bf03b,5,2021,2025,0.477689638076351,0.0716054264756531,0.36876640419947504,0.5831837223219629,48.0
siga,Java,db7d9d6c5a9a6f90,5,2021,2025,0.477689638076351,0.0716054264756531,0.36876640419947504,0.7543387193297427,173.0
siga,Java,dba420e575cb040a,6,2020,2025,0.9584361769958346,0.1157293200584475,0.5002478929102627,0.9690288713910761,1423.0
siga,Java,dc0aadcf34252a8c,6,2020,2025,0.48896876549330687,0.14363573586054268,0.2336923997606224,0.7763779527559055,82.0
siga,Java,dc22ebc2a63d0720,6,2020,2025,0.48896876549330687,0.24991175337982774,0.2413657770800628,0.9299212598425197,323.0
siga,Java,dc455a1dd77799e9,5,2021,2025,0.477689638076351,0.0716054264756531,0.36876640419947504,0.5831837223219629,62.0
siga,Java,dc4e27292174e06e,6,2020,2025,0.39870443531704236,0.19221191130599985,0.2336923997606224,0.5002478929102627,88.0
siga,Java,dc733853074c394d,4,2022,2025,0.24739712444224096,0.000554235171125711,0.2473893585280955,0.24960629921259841,11.0
siga,Java,dc9c21b1b5941c60,5,2021,2025,0.477689638076351,0.0716054264756531,0.36876640419947504,0.5583482944344704,35.0
siga,Java,dcce778dd387cd9f,4,2022,2025,0.6971652194536395,0.40843389525660745,0.477689638076351,0.9299212598425197,724.0
siga,Java,dd08a9d19ba50b36,4,2022,2025,0.35770946950917204,0.0016201900048420925,0.35703630034808553,0.36351706036745407,18.0
siga,Java,dd0a9b7024a6b9a6,6,2020,2025,0.45316605225548034,0.11087290944352607,0.2336923997606224,0.5863422291993721,53.0
siga,Java,dd0eb7f3945d877a,4,2022,2025,0.08093364531763451,0.0005812372122259157,0.08081308874566187,0.08241469816272966,10.0
siga,Java,dd7c7c8c553835b2,6,2020,2025,0.39870443531704236,0.19221191130599985,0.2336923997606224,0.5002478929102627,63.0
siga,Java,ddd5f1f4cce29e16,6,2020,2025,0.3573728849286288,0.08742606161210353,0.2336923997606224,0.36351706036745407,13.0
siga,Java,ddeb7adc37f0df5e,4,2022,2025,0.35770946950917204,0.0016201900048420925,0.35703630034808553,0.36351706036745407,18.0
siga,Java,ddef6fbdb755c4ac,5,2021,2025,0.35770946950917204,0.0006731691610865065,0.2519449431478157,0.36351706036745407,25.0
siga,Java,ddf4fe9d0263d4f3,6,2020,2025,0.2485017118274197,0.003963157721770388,0.2473893585280955,0.25824175824175827,17.0
siga,Java,de0d046392518384,6,2020,2025,0.48896876549330687,0.12154550562399291,0.36876640419947504,0.6126373626373627,71.0
siga,Java,de1c5bfa95542ec4,4,2022,2025,0.48896876549330687,0.1120546624432906,0.4286424664346096,0.8091863517060367,106.0
siga,Java,de38a048f3dd58e2,3,2023,2025,0.477689638076351,0.03580271323782652,0.4286424664346096,0.5002478929102627,56.0
siga,Java,de5934197604bc35,3,2020,2022,0.5831837223219629,0.2300594980572483,0.36876640419947504,0.8288854003139717,127.0
siga,Java,dea0c4ef6f8002a7,5,2021,2025,0.44348041646008923,0.007963153093716535,0.4286424664346096,0.4542190305206463,30.0
siga,Java,dea6e12f55162d16,6,2020,2025,0.4352788470320615,0.08501061570638291,0.2336923997606224,0.5002478929102627,21.0
siga,Java,deca84734dcf02f0,6,2020,2025,0.40290051108229696,0.06890648687161699,0.2336923997606224,0.44348041646008923,19.0
siga,Java,ded8f9f5aa01fb06,6,2020,2025,0.17328335884916424,0.006661094583956084,0.17203767972235995,0.21585557299843014,8.0
siga,Java,df3ac37a4e6c4c25,5,2021,2025,0.35770946950917204,0.00580759085828203,0.35703630034808553,0.3635547576301616,52.0
siga,Java,df5dd1b1f880d21a,6,2020,2025,0.45316605225548034,0.11087290944352607,0.2336923997606224,0.6126373626373627,106.0
siga,Java,df65dfb1586d4e66,6,2020,2025,0.39870443531704236,0.1665549950938035,0.2336923997606224,0.44348041646008923,20.0
siga,Java,df7f41fcc3cb4c3b,5,2021,2025,0.24739712444224096,0.0022091747703574527,0.2473893585280955,0.2519449431478157,18.0
siga,Java,df864394cc67f3ee,6,2020,2025,0.48896876549330687,0.12154550562399291,0.36876640419947504,0.6126373626373627,402.0
siga,Java,dfb5ddfee548ecd2,5,2021,2025,0.24739712444224096,0.0022091747703574527,0.2473893585280955,0.2519449431478157,45.0
siga,Java,e01f3f66d4315430,3,2023,2025,0.44348041646008923,0.0004572644209944188,0.44256588761810045,0.44348041646008923,20.0
siga,Java,e043ceb9bd3a6495,6,2020,2025,0.45316605225548034,0.11087290944352607,0.2336923997606224,0.7955259026687598,181.0
siga,Java,e052e673d7e8e4c3,5,2021,2025,0.24739712444224096,0.0022091747703574527,0.2473893585280955,0.2519449431478157,14.0
siga,Java,e0830f396fb88789,6,2020,2025,0.45316605225548034,0.10362262555360768,0.2336923997606224,0.5002478929102627,42.0
siga,Java,e09051fb308fc039,6,2020,2025,0.24739324148516822,0.004525452000169988,0.2336923997606224,0.24960629921259841,16.0
siga,Java,e0bc51016509ee67,6,2020,2025,0.5417158076161128,0.2214345466920511,0.36876640419947504,0.777473893585281,101.5
siga,Java,e0e195d6cdb418f8,3,2023,2025,0.477689638076351,0.03580271323782652,0.4286424664346096,0.5002478929102627,171.0
siga,Java,e10f2a3acad6935d,5,2021,2025,0.5002478929102627,0.10549408424561191,0.36876640419947504,0.777473893585281,77.0
siga,Java,e17634f44d7b1c39,6,2020,2025,0.15737330082511478,0.4352616638347241,0.08081308874566187,0.673490813648294,106.0
siga,Java,e1db84b1a0d9d55c,6,2020,2025,0.39870443531704236,0.19221191130599985,0.2336923997606224,0.5002478929102627,23.0
siga,Java,e1f7fc7108600e5d,6,2020,2025,0.48896876549330687,0.12154550562399291,0.36876640419947504,0.7955259026687598,292.0
siga,Java,e200f2f27cfd232b,6,2020,2025,0.48896876549330687,0.12154550562399291,0.36876640419947504,0.7182103610675039,91.0
siga,Java,e22aacf470d1f94c,4,2022,2025,0.08093364531763451,0.0005812372122259157,0.08081308874566187,0.08241469816272966,10.0
siga,Java,e23cc20f2c562b1f,6,2020,2025,0.4598024328529322,0.06264767246844921,0.36876640419947504,0.5170556552962298,26.0
siga,Java,e255c9e86d9e5189,6,2020,2025,0.6941325003969272,0.19327109965285938,0.477689638076351,0.7375328083989501,68.0
siga,Java,e261a1b471466edc,1,2020,2020,0.8975667189952904,0.0,0.8975667189952904,0.8975667189952904,423.0
siga,Java,e2739bf34a85755a,6,2020,2025,0.3573728849286288,0.033854633040674986,0.2336923997606224,0.36351706036745407,18.0
siga,Java,e279e961a5ddbdf0,4,2022,2025,0.44348041646008923,0.0057002757797990355,0.4286424664346096,0.45144356955380577,27.0
siga,Java,e27ed0a6dd2e9262,6,2020,2025,0.48896876549330687,0.12154550562399291,0.36876640419947504,0.6126373626373627,360.0
siga,Java,e28f7eed5d784a4a,6,2020,2025,0.45316605225548034,0.31209449438277126,0.08527827648114901,0.5643044619422573,32.5
siga,Java,e291a6506e869193,6,2020,2025,0.4598024328529322,0.06264767246844921,0.36876640419947504,0.5170556552962298,38.0
siga,Java,e297f46addb0bee3,6,2020,2025,0.39870443531704236,0.19221191130599985,0.2336923997606224,0.5002478929102627,29.0
siga,Java,e2a1a9cac28885f0,1,2020,2020,0.6126373626373627,0.0,0.6126373626373627,0.6126373626373627,57.0
siga,Java,e2aef605f78e198e,6,2020,2025,0.40290051108229696,0.06890648687161699,0.2336923997606224,0.44348041646008923,19.0
siga,Java,e2f7b5c574d6b34e,6,2020,2025,0.39870443531704236,0.1665549950938035,0.2336923997606224,0.44348041646008923,18.0
siga,Java,e2f9f2d542cc5559,6,2020,2025,0.48896876549330687,0.24312553177891005,0.36876640419947504,0.7965290245362059,259.0
siga,Java,e309ab8faa4fd8fe,4,2022,2025,0.48896876549330687,0.06638537110470782,0.4286424664346096,0.626509186351706,36.0
siga,Java,e3239bac7f939597,5,2021,2025,0.35770946950917204,0.00580759085828203,0.35703630034808553,0.3635547576301616,18.0
siga,Java,e34a9b664ad56473,6,2020,2025,0.48896876549330687,0.12154550562399291,0.2413657770800628,0.673490813648294,108.0
siga,Java,e34da93c4c7618b5,6,2020,2025,0.08173445002616841,0.003689014869895979,0.08081308874566187,0.10047095761381476,35.0
siga,Java,e369470074651a0b,6,2020,2025,0.35770946950917204,0.004860570014526444,0.31279434850863425,0.3635547576301616,26.0
siga,Java,e37324f657824dc4,5,2021,2025,0.35770946950917204,0.00580759085828203,0.35703630034808553,0.3635547576301616,18.0
siga,Java,e3ae1270193ef15c,3,2023,2025,0.477689638076351,0.03580271323782652,0.4286424664346096,0.5002478929102627,56.0
siga,Java,e3bc7b2fecc1f4cb,6,2020,2025,0.08173445002616841,0.003689014869895979,0.08081308874566187,0.10047095761381476,1011.0
siga,Java,e3c7bd3b4ff2f5f9,6,2020,2025,0.5707675885273449,0.2025761021956225,0.4286424664346096,0.7375328083989501,72.0
siga,Java,e3eb3bb17f56f4fa,4,2022,2025,0.48896876549330687,0.050834190002345736,0.4286424664346096,0.5643044619422573,58.0
siga,Java,e4100098f019943c,3,2023,2025,0.5002478929102627,0.0784102779285078,0.477689638076351,0.6345101939333665,48.0
siga,Java,e41093cf1d96c215,6,2020,2025,0.39870443531704236,0.19221191130599985,0.2336923997606224,0.5002478929102627,77.0
siga,Java,e4731327eb5441ec,4,2022,2025,0.08093364531763451,0.0005812372122259157,0.08081308874566187,0.08241469816272966,10.0
siga,Java,e48134325ac781d6,4,2022,2025,0.24739712444224096,0.000554235171125711,0.2473893585280955,0.24960629921259841,11.0
siga,Java,e4b46d1c85bed9a2,6,2020,2025,0.4598024328529322,0.06264767246844921,0.36876640419947504,0.5170556552962298,668.0
siga,Java,e4e5cadea412328b,6,2020,2025,0.39870443531704236,0.19221191130599985,0.2336923997606224,0.5002478929102627,19.0
siga,Java,e4f909d76aa25e86,5,2021,2025,0.477689638076351,0.0716054264756531,0.36876640419947504,0.5583482944344704,28.0
siga,Java,e50105eeecf1086f,6,2020,2025,0.39870443531704236,0.1665549950938035,0.2336923997606224,0.44348041646008923,17.0
siga,Java,e52fcb22805abdb2,5,2021,2025,0.08105420188960716,0.001601609417067787,0.08081308874566187,0.08527827648114901,9.0
siga,Java,e53c15636cf64113,6,2020,2025,0.48896876549330687,0.07829036694374514,0.36876640419947504,0.5831837223219629,55.0
siga,Java,e5d04858b378d901,6,2020,2025,0.08173445002616841,0.003689014869895979,0.08081308874566187,0.10047095761381476,8.0
siga,Java,e5d8f38db7bd40d0,5,2021,2025,0.35770946950917204,0.00580759085828203,0.35703630034808553,0.3635547576301616,25.0
siga,Java,e5f5cff775140031,6,2020,2025,0.45316605225548034,0.11087290944352607,0.2413657770800628,0.5831837223219629,36.0
siga,Java,e5f9c6fa8bec3834,6,2020,2025,0.9015278877743612,0.3231182406123565,0.477689638076351,0.9275590551181102,310.0
siga,Java,e61e947c38d78b2e,6,2020,2025,0.5417158076161128,0.31327128138592863,0.36876640419947504,0.8940825459970164,315.5
siga,Java,e64cc0e3d7f38809,6,2020,2025,0.08173445002616841,0.003689014869895979,0.08081308874566187,0.10047095761381476,9.0
siga,Java,e67e5b8510bdfb10,6,2020,2025,0.39870443531704236,0.19221191130599985,0.2336923997606224,0.5002478929102627,26.0
siga,Java,e690bd8377bea9e8,2,2020,2021,0.2375290884203426,0.0038366886597202,0.2336923997606224,0.2413657770800628,31.0
siga,Java,e6a3c024c2d23246,6,2020,2025,0.24739324148516822,0.004525452000169988,0.2336923997606224,0.24960629921259841,12.0
siga,Java,e6b1b4e80a7de6e9,6,2020,2025,0.39870443531704236,0.19221191130599985,0.2336923997606224,0.5002478929102627,23.0
siga,Java,e6c51b2ff27c0bf1,5,2021,2025,0.24739712444224096,0.0022091747703574527,0.2473893585280955,0.2519449431478157,35.0
siga,Java,e707d8962ecb18f4,6,2020,2025,0.08173445002616841,0.003689014869895979,0.08081308874566187,0.10047095761381476,9.0
siga,Java,e72c57d0ae5a59db,5,2021,2025,0.24739712444224096,0.0022091747703574527,0.2473893585280955,0.2519449431478157,34.0
siga,Java,e7659c3cafa6dfb8,6,2020,2025,0.3573728849286288,0.033854633040674986,0.2336923997606224,0.36351706036745407,29.0
siga,Java,e76bd44e3c4a04ea,6,2020,2025,0.48896876549330687,0.12154550562399291,0.36876640419947504,0.7672684458398744,125.0
siga,Java,e7846985588896c9,6,2020,2025,0.08173445002616841,0.003689014869895979,0.08081308874566187,0.10047095761381476,9.0
siga,Java,e7990e9c436ce4ae,4,2022,2025,0.48896876549330687,0.050834190002345736,0.4286424664346096,0.5643044619422573,45.0
siga,Java,e7a1183958ee683a,4,2022,2025,0.48896876549330687,0.07813077792885487,0.4286424664346096,0.673490813648294,49.0
siga,Java,e7aaff67f6cc366a,6,2020,2025,0.3573728849286288,0.08742606161210353,0.2336923997606224,0.36351706036745407,15.0
siga,Java,e7b463fa9bbfb895,6,2020,2025,0.45316605225548034,0.11087290944352607,0.2336923997606224,0.6126373626373627,55.0
siga,Java,e7c9166e5b56d62e,5,2021,2025,0.24739712444224096,0.0022091747703574527,0.2473893585280955,0.2519449431478157,19.0
siga,Java,e82be1ea47eb1cfa,6,2020,2025,0.08173445002616841,0.003689014869895979,0.08081308874566187,0.10047095761381476,3.0
siga,Java,e877ba9d357ac9c1,4,2022,2025,0.5086541301821654,0.030618572445454628,0.477689638076351,0.5497265042267528,30.0
siga,Java,e878385561d92d4b,5,2021,2025,0.35770946950917204,0.00580759085828203,0.35703630034808553,0.3635547576301616,18.0
siga,Java,e88604e990bc1a57,6,2020,2025,0.3573728849286288,0.08742606161210353,0.2336923997606224,0.36351706036745407,21.0
siga,Java,e88fcad5993deb3e,4,2022,2025,0.08093364531763451,0.0005812372122259157,0.08081308874566187,0.08241469816272966,10.0
siga,Java,e8de7d898f5445a7,6,2020,2025,0.08173445002616841,0.003689014869895979,0.08081308874566187,0.10047095761381476,227.0
siga,Java,e9782b043a559d05,6,2020,2025,0.08173445002616841,0.003689014869895979,0.08081308874566187,0.10047095761381476,67.0
siga,Java,e9c6be54e1128e3c,6,2020,2025,0.48896876549330687,0.14363573586054268,0.2336923997606224,0.8091863517060367,275.0
siga,Java,e9cd38592fb776f8,6,2020,2025,0.08173445002616841,0.003689014869895979,0.08081308874566187,0.10047095761381476,9.0
siga,Java,e9dbc88036037069,6,2020,2025,0.45316605225548034,0.11087290944352607,0.2413657770800628,0.5831837223219629,74.0
siga,Java,ea0d3cd3ca52f277,6,2020,2025,0.48896876549330687,0.12154550562399291,0.36876640419947504,0.8677394034536892,385.0
siga,Java,ea13b90f32b3aadb,4,2022,2025,0.24739712444224096,0.000554235171125711,0.2473893585280955,0.24960629921259841,14.0
siga,Java,ea19aa8b3ea20ba0,5,2021,2025,0.477689638076351,0.0716054264756531,0.36876640419947504,0.5831837223219629,34.0
siga,Java,ea532e4a427da7c1,4,2022,2025,0.6388608932477718,0.2874472222207718,0.477689638076351,0.7958005249343832,58.0
siga,Java,ea63cec34e7eab63,6,2020,2025,0.39870443531704236,0.19221191130599985,0.2336923997606224,0.5002478929102627,52.0
siga,Java,ea6a4b526b5d9f94,6,2020,2025,0.39870443531704236,0.19221191130599985,0.2336923997606224,0.5002478929102627,49.0
siga,Java,ea84c3e73453df1b,6,2020,2025,0.45316605225548034,0.11087290944352607,0.2336923997606224,0.6102825745682888,42.0
siga,Java,eab20eae3dbffc66,6,2020,2025,0.08173445002616841,0.003689014869895979,0.08081308874566187,0.10047095761381476,180.0
siga,Java,eab90f74819c7e16,6,2020,2025,0.45316605225548034,0.11087290944352607,0.2336923997606224,0.6126373626373627,123.0
siga,Java,eabbd85cc59f1fb4,6,2020,2025,0.6478868977895113,0.38611418338012327,0.36876640419947504,0.9168162776780371,312.0
siga,Java,eabd98ec56b28e39,1,2020,2020,0.21585557299843014,0.0,0.21585557299843014,0.21585557299843014,9.0
siga,Java,eae490289654a608,3,2023,2025,0.5002478929102627,0.16033469364208303,0.477689638076351,0.7983590253605172,130.0
siga,Java,eb1e10ffcad8c6c0,1,2020,2020,0.25824175824175827,0.0,0.25824175824175827,0.25824175824175827,10.0
siga,Java,eb72ffe3102109e5,4,2022,2025,0.35770946950917204,0.0016201900048420925,0.35703630034808553,0.36351706036745407,38.0
siga,Java,eb7ae7f13bfddf73,5,2021,2025,0.24739712444224096,0.0022091747703574527,0.2473893585280955,0.2519449431478157,24.0
siga,Java,eba4064cbeeb836f,3,2023,2025,0.477689638076351,0.03580271323782652,0.4286424664346096,0.5002478929102627,161.0
siga,Java,ebf65d3e3eb8af70,6,2020,2025,0.08173445002616841,0.003689014869895979,0.08081308874566187,0.10047095761381476,30.0
siga,Java,ec19a5f4b48affa2,6,2020,2025,0.39870443531704236,0.19221191130599985,0.2336923997606224,0.5002478929102627,22.0
siga,Java,ec47f7e078ac9b68,6,2020,2025,0.48896876549330687,0.2910474776620482,0.31279434850863425,0.8865948533812088,183.0
siga,Java,ecc135cd1352b45c,4,2022,2025,0.7314887758514568,0.469482674216423,0.477689638076351,0.9681750372948782,328.0
siga,Java,ece3f16c4a25983c,5,2021,2025,0.24739712444224096,0.0022091747703574527,0.2473893585280955,0.2519449431478157,22.0
siga,Java,ecf3ae42c9e91a93,2,2020,2021,0.09287461704748189,0.0075963405663328765,0.08527827648114901,0.10047095761381476,92.0
siga,Java,ed33808caa6d8bb2,4,2022,2025,0.48896876549330687,0.10083419000234567,0.4286424664346096,0.7643044619422572,73.0
siga,Java,ed4d7c4f22b7dfd6,6,2020,2025,0.39870443531704236,0.19221191130599985,0.2336923997606224,0.5002478929102627,24.0
siga,Java,ed65364e649eeee2,5,2021,2025,0.44348041646008923,0.014837950025479607,0.36876640419947504,0.4542190305206463,21.0
siga,Java,ed95693d191a53ac,6,2020,2025,0.08173445002616841,0.003689014869895979,0.08081308874566187,0.10047095761381476,178.0
siga,Java,edb3d43d07ecd9d8,5,2021,2025,0.08105420188960716,0.001601609417067787,0.08081308874566187,0.08527827648114901,7.0
siga,Java,edd08011ccc43b8b,6,2020,2025,0.9054012780570286,0.36844816722527185,0.477689638076351,0.988031119090365,678.0
siga,Java,edf84c3b8c2148ff,6,2020,2025,0.08173445002616841,0.003689014869895979,0.08081308874566187,0.10047095761381476,7.0
siga,Java,ee009de252841b8e,6,2020,2025,0.24739324148516822,0.004525452000169988,0.2336923997606224,0.24960629921259841,11.0
siga,Java,ee167235ec122aa5,6,2020,2025,0.39870443531704236,0.19221191130599985,0.2336923997606224,0.5002478929102627,26.0
siga,Java,ee312fd349e11580,6,2020,2025,0.08173445002616841,0.003689014869895979,0.08081308874566187,0.10047095761381476,635.5
siga,Java,ee73f3247b5003ef,6,2020,2025,0.08173445002616841,0.003689014869895979,0.08081308874566187,0.10047095761381476,323.0
siga,Java,eec8e89517999942,4,2022,2025,0.24739712444224096,0.000554235171125711,0.2473893585280955,0.24960629921259841,24.0
siga,Java,eef78853b96a4d81,6,2020,2025,0.6272933061200028,0.37195485010412166,0.4286424664346096,0.9196850393700787,836.0
siga,Java,ef53ca3227cae5c4,3,2023,2025,0.477689638076351,0.03580271323782652,0.4286424664346096,0.5002478929102627,98.0
siga,Java,ef5cb9304d8dea04,6,2020,2025,0.45316605225548034,0.11087290944352607,0.2413657770800628,0.8363255535607421,183.0
siga,Java,ef6e2ad27c7b06c4,6,2020,2025,0.39870443531704236,0.19221191130599985,0.2336923997606224,0.5002478929102627,48.0
siga,Java,ef861aa0da4645bf,5,2021,2025,0.35770946950917204,0.00580759085828203,0.35703630034808553,0.3635547576301616,18.0
siga,Java,ef8f448666f9296a,6,2020,2025,0.39870443531704236,0.19221191130599985,0.2336923997606224,0.5002478929102627,81.0
siga,Java,ef91d6a6ec348323,6,2020,2025,0.08173445002616841,0.003689014869895979,0.08081308874566187,0.10047095761381476,66.0
siga,Java,efb920ea282591d7,5,2021,2025,0.24739712444224096,0.0022091747703574527,0.2473893585280955,0.2519449431478157,26.0
siga,Java,efeb9cf2986602e5,6,2020,2025,0.39870443531704236,0.19221191130599985,0.2336923997606224,0.5002478929102627,77.0
siga,Java,f01c97b4ffef82a9,6,2020,2025,0.08173445002616841,0.003689014869895979,0.08081308874566187,0.10047095761381476,9.0
siga,Java,f01eaaf0c74158d9,6,2020,2025,0.48896876549330687,0.12154550562399291,0.36876640419947504,0.6126373626373627,146.0
siga,Java,f04dfd99ffaafecd,6,2020,2025,0.45316605225548034,0.11087290944352607,0.2413657770800628,0.5831837223219629,54.0
siga,Java,f09248d664fb983e,6,2020,2025,0.39870443531704236,0.19221191130599985,0.2336923997606224,0.5002478929102627,62.0
siga,Java,f09cf8189563cde4,6,2020,2025,0.17328335884916424,0.006661094583956084,0.17203767972235995,0.21585557299843014,7.5
siga,Java,f09ebbf7f93a9966,6,2020,2025,0.39870443531704236,0.19221191130599985,0.2336923997606224,0.5002478929102627,16.0
siga,Java,f0ada0fc7199a4b7,5,2021,2025,0.24739712444224096,0.0022091747703574527,0.2473893585280955,0.2519449431478157,11.0
siga,Java,f0bc5906c5c3ca41,5,2021,2025,0.08105420188960716,0.001601609417067787,0.08081308874566187,0.08527827648114901,15.0
siga,Java,f0e0b1eb21bfb861,6,2020,2025,0.3573728849286288,0.08742606161210353,0.2336923997606224,0.36351706036745407,26.0
siga,Java,f1031575934c7155,5,2021,2025,0.477689638076351,0.0716054264756531,0.36876640419947504,0.5831837223219629,36.0
siga,Java,f113a3cadd46169c,5,2021,2025,0.24739712444224096,0.0022091747703574527,0.2473893585280955,0.2519449431478157,22.0
siga,Java,f17add5e54f2727f,6,2020,2025,0.08173445002616841,0.003689014869895979,0.08081308874566187,0.10047095761381476,3.0
siga,Java,f18c530dca6cfd82,6,2020,2025,0.3573728849286288,0.08742606161210353,0.2336923997606224,0.36351706036745407,15.0
siga,Java,f18cd6d95656712f,4,2022,2025,0.24739712444224096,0.000554235171125711,0.2473893585280955,0.24960629921259841,11.0
siga,Java,f1960110fbc5dcdc,5,2021,2025,0.24739712444224096,0.0022091747703574527,0.2473893585280955,0.2519449431478157,23.0
siga,Java,f1988c120782215e,6,2020,2025,0.9409434606600546,0.369722027850082,0.477689638076351,0.979002624671916,458.5
siga,Java,f1d6ae07bc775091,6,2020,2025,0.39870443531704236,0.19221191130599985,0.2336923997606224,0.5002478929102627,29.0
siga,Java,f1e074be7ae330ba,6,2020,2025,0.48896876549330687,0.12154550562399291,0.36876640419947504,0.7955259026687598,169.0
siga,Java,f1f4a934138b7853,4,2022,2025,0.48896876549330687,0.0390231663802984,0.4286424664346096,0.5170603674540682,35.0
siga,Java,f1fddc09773b7ed0,5,2021,2025,0.24739712444224096,0.0022091747703574527,0.2473893585280955,0.2519449431478157,24.0
siga,Java,f2232e988cd1731c,5,2021,2025,0.477689638076351,0.0716054264756531,0.36876640419947504,0.5583482944344704,54.0
siga,Java,f22866464094b760,6,2020,2025,0.39870443531704236,0.1665549950938035,0.2336923997606224,0.44348041646008923,23.0
siga,Java,f24fe1a8b83dc17f,5,2021,2025,0.477689638076351,0.0716054264756531,0.36876640419947504,0.5583482944344704,28.0
siga,Java,f2545a91125f0467,3,2023,2025,0.477689638076351,0.03580271323782652,0.4286424664346096,0.5002478929102627,98.0
siga,Java,f26ed299cf642379,6,2020,2025,0.4598024328529322,0.06264767246844921,0.36876640419947504,0.5170556552962298,28.0
siga,Java,f2bae14bbe4cc128,6,2020,2025,0.48896876549330687,0.12154550562399291,0.36876640419947504,0.7452904238618524,116.0
siga,Java,f2bb6970d5ecba0e,6,2020,2025,0.39870443531704236,0.19221191130599985,0.2336923997606224,0.5002478929102627,22.0
siga,Java,f2c9e7ee721342b3,5,2021,2025,0.477689638076351,0.0716054264756531,0.36876640419947504,0.8291442250149611,140.0
siga,Java,f2d32849fa10002c,6,2020,2025,0.39870443531704236,0.19221191130599985,0.2336923997606224,0.5002478929102627,159.0
siga,Java,f2e4486309e498de,5,2021,2025,0.24739712444224096,0.0022091747703574527,0.2473893585280955,0.2519449431478157,30.0
siga,Java,f2f01372b491ea17,5,2021,2025,0.35770946950917204,0.00580759085828203,0.35703630034808553,0.3635547576301616,32.0
siga,Java,f36e420d7a419d7e,6,2020,2025,0.39870443531704236,0.19221191130599985,0.2336923997606224,0.5002478929102627,41.0
siga,Java,f3804574fb7f4bad,6,2020,2025,0.39870443531704236,0.19221191130599985,0.2336923997606224,0.5002478929102627,47.0
siga,Java,f3ccaa5e2b08f569,6,2020,2025,0.39870443531704236,0.19221191130599985,0.2336923997606224,0.5002478929102627,38.0
siga,Java,f3ccc0a8ef86455a,6,2020,2025,0.3573728849286288,0.08742606161210353,0.2336923997606224,0.36351706036745407,19.0
siga,Java,f3d892b542d4d1e8,6,2020,2025,0.24739324148516822,0.004525452000169988,0.2336923997606224,0.24960629921259841,9.0
siga,Java,f3f2be87617d0848,6,2020,2025,0.9801455027177837,0.010880533966293404,0.5002478929102627,0.9901256732495511,706.5
siga,Java,f41c712c2145a2c1,5,2021,2025,0.24739712444224096,0.0022091747703574527,0.2473893585280955,0.2519449431478157,28.0
siga,Java,f41de88e8d024b4a,5,2021,2025,0.44348041646008923,0.007963153093716535,0.4286424664346096,0.4542190305206463,25.0
siga,Java,f41f09244def8cf8,6,2020,2025,0.7109118571716997,0.3445132370822337,0.477689638076351,0.9281867145421903,268.5
siga,Java,f436e1c3c9868e96,4,2022,2025,0.08093364531763451,0.0005812372122259157,0.08081308874566187,0.08241469816272966,10.0
siga,Java,f4458c9862b644ca,6,2020,2025,0.08173445002616841,0.003689014869895979,0.08081308874566187,0.10047095761381476,67.0
siga,Java,f45703f09279301c,5,2021,2025,0.477689638076351,0.0716054264756531,0.36876640419947504,0.5170556552962298,21.0
siga,Java,f4635a8812cdf06c,6,2020,2025,0.48896876549330687,0.165123176990841,0.36876640419947504,0.7154398563734291,74.0
siga,Java,f48c7f863cf34771,6,2020,2025,0.3573728849286288,0.08742606161210353,0.2336923997606224,0.36351706036745407,13.0
siga,Java,f4ac8288d7025b68,5,2021,2025,0.35770946950917204,0.00580759085828203,0.35703630034808553,0.3635547576301616,18.0
siga,Java,f4c5c42c6c7b25a1,6,2020,2025,0.08173445002616841,0.003689014869895979,0.08081308874566187,0.10047095761381476,6.0
siga,Java,f4caf54a8bd6f83e,3,2023,2025,0.5002478929102627,0.14578969115575785,0.477689638076351,0.7692690203878667,100.0
siga,Java,f505d02e1ac4ee9f,6,2020,2025,0.9779885093106432,0.36868571293774155,0.477689638076351,0.9880656389855793,954.0
siga,Java,f50ef083e668c6e2,6,2020,2025,0.39870443531704236,0.19221191130599985,0.2336923997606224,0.5002478929102627,56.0
siga,Java,f513bf48c6119741,4,2022,2025,0.08093364531763451,0.0005812372122259157,0.08081308874566187,0.08241469816272966,9.0
siga,Java,f523d6a57fc7456e,5,2021,2025,0.24739712444224096,0.0022091747703574527,0.2473893585280955,0.2519449431478157,27.0
siga,Java,f5502ef55456c31a,6,2020,2025,0.45316605225548034,0.10362262555360768,0.2336923997606224,0.5002478929102627,24.0
siga,Java,f556eda7d884f32f,6,2020,2025,0.08173445002616841,0.003689014869895979,0.08081308874566187,0.10047095761381476,51.0
siga,Java,f5b39db8c97e521a,6,2020,2025,0.39870443531704236,0.19221191130599985,0.2336923997606224,0.5002478929102627,69.0
siga,Java,f5f64e0b1b72cb24,6,2020,2025,0.48413524290002796,0.05692687226857829,0.36876640419947504,0.5909634949132256,36.0
siga,Java,f5f8ffc4f3b6df49,5,2021,2025,0.24739712444224096,0.0022091747703574527,0.2473893585280955,0.2519449431478157,39.0
siga,Java,f608c254f9585726,6,2020,2025,0.3573728849286288,0.033854633040674986,0.2336923997606224,0.36351706036745407,22.0
siga,Java,f60937b6bdd6f775,6,2020,2025,0.48896876549330687,0.2596090482624265,0.36876640419947504,0.8070017953321365,119.0
siga,Java,f63390b2af232415,5,2021,2025,0.477689638076351,0.0716054264756531,0.36876640419947504,0.5170556552962298,38.0
siga,Java,f6a83ce34857363f,6,2020,2025,0.45316605225548034,0.11087290944352607,0.2336923997606224,0.5863422291993721,32.0
siga,Java,f6b05294ffe98994,4,2022,2025,0.48896876549330687,0.050834190002345736,0.4286424664346096,0.5643044619422573,57.0
siga,Java,f6b0c52f4d69117d,5,2021,2025,0.35770946950917204,0.00580759085828203,0.35703630034808553,0.3635547576301616,24.0
siga,Java,f6e4521bf2827324,6,2020,2025,0.45316605225548034,0.11087290944352607,0.2336923997606224,0.6102825745682888,50.0
siga,Java,f6efde73cb249f79,5,2021,2025,0.477689638076351,0.0716054264756531,0.36876640419947504,0.7301017354877319,62.0
siga,Java,f7091da1192aa9ca,6,2020,2025,0.9395267579882856,0.3498876300181294,0.477689638076351,0.9746394828443561,575.0
siga,Java,f7449a611d6c3d86,5,2021,2025,0.24739712444224096,0.0022091747703574527,0.2473893585280955,0.2519449431478157,26.0
siga,Java,f75ae4c7a78de909,6,2020,2025,0.4598024328529322,0.06264767246844921,0.36876640419947504,0.5831837223219629,35.0
siga,Java,f75f180ddb090e0f,5,2021,2025,0.08105420188960716,0.001601609417067787,0.08081308874566187,0.08527827648114901,50.0
siga,Java,f77538557c693c76,4,2022,2025,0.48896876549330687,0.059758074516781334,0.4286424664346096,0.6,74.0
siga,Java,f79335c17b2719fa,6,2020,2025,0.39870443531704236,0.19221191130599985,0.2336923997606224,0.5002478929102627,66.0
siga,Java,f7a0e09f0f3b89d3,4,2022,2025,0.24739712444224096,0.000554235171125711,0.2473893585280955,0.24960629921259841,11.0
siga,Java,f7ab64619527880f,6,2020,2025,0.39870443531704236,0.1665549950938035,0.2336923997606224,0.44348041646008923,19.0
siga,Java,f7c5214085b052ce,4,2022,2025,0.48896876549330687,0.1120546624432906,0.4286424664346096,0.8091863517060367,126.0
siga,Java,f7d3c980cedbd738,5,2021,2025,0.477689638076351,0.0716054264756531,0.2336923997606224,0.7643044619422572,84.0
siga,Java,f7d548695be4bd93,6,2020,2025,0.45316605225548034,0.11087290944352607,0.2336923997606224,0.5255102040816326,66.0
siga,Java,f84b862b24fd64de,6,2020,2025,0.45316605225548034,0.11087290944352607,0.2336923997606224,0.6126373626373627,210.0
siga,Java,f8c9673aaa303d6a,4,2022,2025,0.48896876549330687,0.12327513488423542,0.4286424664346096,0.8540682414698163,135.0
siga,Java,f8cc574aa5cb1187,6,2020,2025,0.08173445002616841,0.003689014869895979,0.08081308874566187,0.10047095761381476,9.0
siga,Java,f8ed314e79f03162,1,2020,2020,0.2413657770800628,0.0,0.2413657770800628,0.2413657770800628,19.0
siga,Java,f95e3301b8eecea6,6,2020,2025,0.48896876549330687,0.10291893470837354,0.36876640419947504,0.6126373626373627,30.0
siga,Java,f9d86d521bab56d4,5,2021,2025,0.44348041646008923,0.014837950025479607,0.36876640419947504,0.4542190305206463,21.0
siga,Java,f9ffe8948c733aae,6,2020,2025,0.39870443531704236,0.19221191130599985,0.2336923997606224,0.5002478929102627,30.0
siga,Java,fa19787af8d49037,6,2020,2025,0.08173445002616841,0.003689014869895979,0.08081308874566187,0.10047095761381476,6.0
siga,Java,fa59a3b335d93a89,6,2020,2025,0.4598024328529322,0.06264767246844921,0.36876640419947504,0.5170556552962298,29.0
siga,Java,fa646e85ae32971d,4,2022,2025,0.48896876549330687,0.0390231663802984,0.4286424664346096,0.5170603674540682,36.0
siga,Java,fa80697dc53acdcc,6,2020,2025,0.40306032262413105,0.07972529956646107,0.21585557299843014,0.44348041646008923,41.0
siga,Java,faa0ff331dcc3ca7,6,2020,2025,0.08173445002616841,0.003689014869895979,0.08081308874566187,0.10047095761381476,507.5
siga,Java,fabd32f35e53b608,6,2020,2025,0.24739324148516822,0.004525452000169988,0.2336923997606224,0.24960629921259841,12.0
siga,Java,fb2fb0fcc9428cca,3,2023,2025,0.477689638076351,0.03580271323782652,0.4286424664346096,0.5002478929102627,140.0
siga,Java,fb3af7f05cf4fa4b,5,2021,2025,0.35770946950917204,0.0006731691610865065,0.2519449431478157,0.36351706036745407,25.0
siga,Java,fb829c0bfe62fd89,1,2020,2020,0.2413657770800628,0.0,0.2413657770800628,0.2413657770800628,76.0
siga,Java,fbbe898a95613f14,5,2021,2025,0.24739712444224096,0.0022091747703574527,0.2473893585280955,0.2519449431478157,24.0
siga,Java,fbc1f2fff86ad891,5,2021,2025,0.35770946950917204,0.00580759085828203,0.35703630034808553,0.3635547576301616,18.0
siga,Java,fbecbd42ba96a60a,6,2020,2025,0.45316605225548034,0.11087290944352607,0.2413657770800628,0.7543387193297427,90.0
siga,Java,fbfcb696f85f0605,6,2020,2025,0.39870443531704236,0.19221191130599985,0.2336923997606224,0.5002478929102627,39.0
siga,Java,fc18551484f9ebeb,3,2023,2025,0.35770946950917204,0.00033658458054325324,0.35703630034808553,0.35770946950917204,27.0
siga,Java,fc54baabf6d09e81,6,2020,2025,0.45316605225548034,0.11087290944352607,0.2413657770800628,0.5831837223219629,330.0
siga,Java,fc5d3aa119f0d12a,6,2020,2025,0.45316605225548034,0.11087290944352607,0.2336923997606224,0.6126373626373627,251.0
siga,Java,fc702db8b0165b1a,5,2021,2025,0.24739712444224096,0.0022091747703574527,0.2473893585280955,0.2519449431478157,32.0
siga,Java,fc80cf7145fd4815,5,2021,2025,0.24739712444224096,0.0022091747703574527,0.2473893585280955,0.2519449431478157,37.0
siga,Java,fcafb6e356682f7a,6,2020,2025,0.48896876549330687,0.16645255230034384,0.2413657770800628,0.8940825459970164,210.5
siga,Java,fcb148825cc3d05e,6,2020,2025,0.45316605225548034,0.11087290944352607,0.2413657770800628,0.5831837223219629,89.0
siga,Java,fcf76638387f667f,5,2021,2025,0.35770946950917204,0.00580759085828203,0.35703630034808553,0.3635547576301616,18.0
siga,Java,fd47ad25505d4af3,4,2022,2025,0.6437092274098802,0.29714754498624407,0.477689638076351,0.805511811023622,102.0
siga,Java,fd771af5fbbeae4f,6,2020,2025,0.08173445002616841,0.003689014869895979,0.08081308874566187,0.10047095761381476,4.0
siga,Java,fd781ac0b71f4729,4,2022,2025,0.08093364531763451,0.0005812372122259157,0.08081308874566187,0.08241469816272966,9.0
siga,Java,fda61a1f5049ccae,6,2020,2025,0.4598024328529322,0.06264767246844921,0.2336923997606224,0.5170603674540682,37.0
siga,Java,fdc7ab784e1dbcaf,6,2020,2025,0.39870443531704236,0.1665549950938035,0.2336923997606224,0.44348041646008923,29.0
siga,Java,fdcf72baf9092976,3,2023,2025,0.477689638076351,0.03580271323782652,0.4286424664346096,0.5002478929102627,236.0
siga,Java,fdf606c55c35c789,6,2020,2025,0.48896876549330687,0.12154550562399291,0.36876640419947504,0.6126373626373627,69.0
siga,Java,fdfd0f4d67f182d7,5,2021,2025,0.17255096966683242,0.001978068309136105,0.17203767972235995,0.18043087971274685,16.0
siga,Java,fe321b03efb60dd2,6,2020,2025,0.08173445002616841,0.003689014869895979,0.08081308874566187,0.10047095761381476,9.0
siga,Java,fe37bd7d9d1925b9,6,2020,2025,0.24739324148516822,0.004525452000169988,0.2336923997606224,0.24960629921259841,10.0
siga,Java,fe86172824c63e25,5,2021,2025,0.7543387193297427,0.3238990887170339,0.477689638076351,0.8331675783192442,112.0
siga,Java,fea54951cebdb22f,6,2020,2025,0.423228021137913,0.22139239534186894,0.2336923997606224,0.704624564893088,35.0
siga,Java,fead5dd7ae98296f,5,2021,2025,0.4286424664346096,0.10892323387687597,0.2336923997606224,0.5002478929102627,27.0
siga,Java,febcb143cc69dda2,4,2022,2025,0.9221068897964084,0.16523929209968302,0.5002478929102627,0.9930589985126426,1355.0
siga,Java,fee1bea2c0eed4c5,5,2021,2025,0.08105420188960716,0.001601609417067787,0.08081308874566187,0.08527827648114901,42.0
siga,Java,fef640c2e6f7d6b8,3,2023,2025,0.477689638076351,0.03580271323782652,0.4286424664346096,0.5002478929102627,98.0
siga,Java,ff061e56b0eade5f,6,2020,2025,0.08173445002616841,0.003689014869895979,0.08081308874566187,0.10047095761381476,21.0
siga,Java,ff0a6ec6eb00d1c1,4,2022,2025,0.48896876549330687,0.06638537110470782,0.4286424664346096,0.626509186351706,48.0
siga,Java,ff2a07c6c8e374ea,6,2020,2025,0.3573728849286288,0.08742606161210353,0.2336923997606224,0.36351706036745407,31.0
siga,Java,ff7c9befaaf29571,5,2021,2025,0.35770946950917204,0.00580759085828203,0.35703630034808553,0.3635547576301616,18.0
siga,Java,ff820d9d05e4b292,6,2020,2025,0.5953148239960337,0.2559728755594479,0.2413657770800628,0.7432675044883303,82.0
siga,Java,ffaf1ec2efc2d024,3,2023,2025,0.477689638076351,0.03580271323782652,0.4286424664346096,0.5002478929102627,148.0
