project_id,year,sha,path,language,file_id,nloc,ccn,nmod,added,deleted,churn,r_nmod,r_ccn,h,h_geom
sigi,2020,aa296ac45976180519e2481cd8862227e064bccc,etc/migracao/migra.py,Python,f3cf235d8440c123,336,55,0,0,0,0,0.45302013422818793,0.9731543624161074,0.45302013422818793,0.6639717764231335
sigi,2020,aa296ac45976180519e2481cd8862227e064bccc,manage.py,Python,59d9ace2172d7f29,6,0,0,0,0,0,0.45302013422818793,0.24496644295302014,0.24496644295302014,0.3331287001565295
sigi,2020,aa296ac45976180519e2481cd8862227e064bccc,moodlerouter.py,Python,a71a5135537581ba,17,9,0,0,0,0,0.45302013422818793,0.7214765100671141,0.45302013422818793,0.5717021824631148
sigi,2020,aa296ac45976180519e2481cd8862227e064bccc,scripts/__init__.py,Python,f56e49dd536a4c18,0,0,0,0,0,0,0.45302013422818793,0.24496644295302014,0.24496644295302014,0.3331287001565295
sigi,2020,aa296ac45976180519e2481cd8862227e064bccc,scripts/casas_com_PM_e_SAPL.py,Python,e61d8ea0f239c0a5,24,2,0,0,0,0,0.45302013422818793,0.5469798657718121,0.45302013422818793,0.49778799926481004
sigi,2020,aa296ac45976180519e2481cd8862227e064bccc,scripts/casas_que_usam_LEGBR_ou_PM.py,Python,8b5b9d2184f078b4,36,7,0,0,0,0,0.45302013422818793,0.6644295302013423,0.45302013422818793,0.5486346279237065
sigi,2020,aa296ac45976180519e2481cd8862227e064bccc,scripts/contatos_de_casas_que_usam_portalmodelo.py,Python,a74843c186ab8dc7,53,7,0,0,0,0,0.45302013422818793,0.6644295302013423,0.45302013422818793,0.5486346279237065
sigi,2020,aa296ac45976180519e2481cd8862227e064bccc,scripts/csv_writer.py,Python,5dd6218c876bb3dc,21,7,0,0,0,0,0.45302013422818793,0.6644295302013423,0.45302013422818793,0.5486346279237065
sigi,2020,aa296ac45976180519e2481cd8862227e064bccc,scripts/importa_pesquisa.py,Python,ae9a0ee89dd8ca90,76,13,0,0,0,0,0.45302013422818793,0.7919463087248322,0.45302013422818793,0.5989721388178597
sigi,2020,aa296ac45976180519e2481cd8862227e064bccc,scripts/servicos_seit_ate_2013_2014.py,Python,28918bf2e5ad16d7,15,1,0,0,0,0,0.45302013422818793,0.5100671140939598,0.45302013422818793,0.4806981095159727
sigi,2020,aa296ac45976180519e2481cd8862227e064bccc,scripts/urls de portais modelo por estado municipio.py,Python,40e79634ea37a42a,6,0,0,0,0,0,0.45302013422818793,0.24496644295302014,0.24496644295302014,0.3331287001565295
sigi,2020,aa296ac45976180519e2481cd8862227e064bccc,scripts/user_from_session.py,Python,77a4ef2d4b29ac2e,8,1,0,0,0,0,0.45302013422818793,0.5100671140939598,0.45302013422818793,0.4806981095159727
sigi,2020,aa296ac45976180519e2481cd8862227e064bccc,scripts/verificacao_arquivos_faltando_media.py,Python,15789ce2df9589d6,52,5,0,0,0,0,0.45302013422818793,0.6140939597315436,0.45302013422818793,0.5274437676817343
sigi,2020,aa296ac45976180519e2481cd8862227e064bccc,setup.py,Python,307d946fc1cb54f5,2,0,0,0,0,0,0.45302013422818793,0.24496644295302014,0.24496644295302014,0.3331287001565295
sigi,2020,aa296ac45976180519e2481cd8862227e064bccc,sigi/__init__.py,Python,1a3e5af2e57e6675,0,0,0,0,0,0,0.45302013422818793,0.24496644295302014,0.24496644295302014,0.3331287001565295
sigi,2020,aa296ac45976180519e2481cd8862227e064bccc,sigi/apps/__init__.py,Python,8a73921b744382c2,0,0,0,0,0,0,0.45302013422818793,0.24496644295302014,0.24496644295302014,0.3331287001565295
sigi,2020,aa296ac45976180519e2481cd8862227e064bccc,sigi/apps/casas/__init__.py,Python,7b930d5254e224ee,0,0,0,0,0,0,0.45302013422818793,0.24496644295302014,0.24496644295302014,0.3331287001565295
sigi,2020,aa296ac45976180519e2481cd8862227e064bccc,sigi/apps/casas/admin.py,Python,1cf477cc6f7c09f9,322,52,3,200,52,252,0.9966442953020134,0.9664429530201343,0.9664429530201343,0.9814274582781697
sigi,2020,aa296ac45976180519e2481cd8862227e064bccc,sigi/apps/casas/forms.py,Python,fca3e46e968ae90c,28,1,1,17,3,20,0.9429530201342282,0.5100671140939598,0.5100671140939598,0.6935195207822555
sigi,2020,aa296ac45976180519e2481cd8862227e064bccc,sigi/apps/casas/management/__init__.py,Python,4328c1adc2c6f55d,0,0,0,0,0,0,0.45302013422818793,0.24496644295302014,0.24496644295302014,0.3331287001565295
sigi,2020,aa296ac45976180519e2481cd8862227e064bccc,sigi/apps/casas/management/commands/__init__.py,Python,08aedd3ccf04b506,0,0,0,0,0,0,0.45302013422818793,0.24496644295302014,0.24496644295302014,0.3331287001565295
sigi,2020,aa296ac45976180519e2481cd8862227e064bccc,sigi/apps/casas/management/commands/importa_gerentes.py,Python,603a39f4d9fc9708,54,8,1,24,10,34,0.9429530201342282,0.6912751677852349,0.6912751677852349,0.8073660924307403
sigi,2020,aa296ac45976180519e2481cd8862227e064bccc,sigi/apps/casas/models.py,Python,c8b1914885fb82b1,303,45,2,152,64,216,0.9865771812080537,0.9463087248322147,0.9463087248322147,0.9662331987142411
sigi,2020,aa296ac45976180519e2481cd8862227e064bccc,sigi/apps/casas/reports.py,Python,56605c31439f7cc4,148,11,0,0,0,0,0.45302013422818793,0.7583892617449665,0.45302013422818793,0.5861446964299183
sigi,2020,aa296ac45976180519e2481cd8862227e064bccc,sigi/apps/casas/urls.py,Python,1a1eb5445fcb6e82,20,0,0,0,0,0,0.45302013422818793,0.24496644295302014,0.24496644295302014,0.3331287001565295
sigi,2020,aa296ac45976180519e2481cd8862227e064bccc,sigi/apps/casas/views.py,Python,e8c4484217913e4f,594,169,3,127,45,172,0.9966442953020134,1.0,0.9966442953020134,0.9983207376900539
sigi,2020,aa296ac45976180519e2481cd8862227e064bccc,sigi/apps/contatos/__init__.py,Python,430d06fc3d58547f,0,0,0,0,0,0,0.45302013422818793,0.24496644295302014,0.24496644295302014,0.3331287001565295
sigi,2020,aa296ac45976180519e2481cd8862227e064bccc,sigi/apps/contatos/admin.py,Python,42cf26fda5b5f8f9,60,0,0,0,0,0,0.45302013422818793,0.24496644295302014,0.24496644295302014,0.3331287001565295
sigi,2020,aa296ac45976180519e2481cd8862227e064bccc,sigi/apps/contatos/filters.py,Python,2d905c09330c98c1,23,6,0,0,0,0,0.45302013422818793,0.6409395973154363,0.45302013422818793,0.5388492761505759
sigi,2020,aa296ac45976180519e2481cd8862227e064bccc,sigi/apps/contatos/management/__init__.py,Python,4bca5a699d443368,0,0,0,0,0,0,0.45302013422818793,0.24496644295302014,0.24496644295302014,0.3331287001565295
sigi,2020,aa296ac45976180519e2481cd8862227e064bccc,sigi/apps/contatos/management/commands/__init__.py,Python,2e4c2445f3feb677,0,0,0,0,0,0,0.45302013422818793,0.24496644295302014,0.24496644295302014,0.3331287001565295
sigi,2020,aa296ac45976180519e2481cd8862227e064bccc,sigi/apps/contatos/management/commands/importa_mesomicro.py,Python,b8476bdbd6894af6,51,9,0,0,0,0,0.45302013422818793,0.7214765100671141,0.45302013422818793,0.5717021824631148
sigi,2020,aa296ac45976180519e2481cd8862227e064bccc,sigi/apps/contatos/models.py,Python,49b0faee9f48afb6,245,8,0,0,0,0,0.45302013422818793,0.6912751677852349,0.45302013422818793,0.559608407101502
sigi,2020,aa296ac45976180519e2481cd8862227e064bccc,sigi/apps/convenios/__init__.py,Python,86f7f55f254a167d,0,0,0,0,0,0,0.45302013422818793,0.24496644295302014,0.24496644295302014,0.3331287001565295
sigi,2020,aa296ac45976180519e2481cd8862227e064bccc,sigi/apps/convenios/admin.py,Python,2ce2ec12d13318e6,121,18,1,1,1,2,0.9429530201342282,0.8322147651006712,0.8322147651006712,0.8858551947987748
sigi,2020,aa296ac45976180519e2481cd8862227e064bccc,sigi/apps/convenios/models.py,Python,c85b8fe8f692c4d7,193,26,1,65,6,71,0.9429530201342282,0.8859060402684564,0.8859060402684564,0.9139845601684398
sigi,2020,aa296ac45976180519e2481cd8862227e064bccc,sigi/apps/convenios/reports.py,Python,89b2fe9c83b10cea,258,0,0,0,0,0,0.45302013422818793,0.24496644295302014,0.24496644295302014,0.3331287001565295
sigi,2020,aa296ac45976180519e2481cd8862227e064bccc,sigi/apps/convenios/urls.py,Python,490e8d4ff65d8abb,10,0,0,0,0,0,0.45302013422818793,0.24496644295302014,0.24496644295302014,0.3331287001565295
sigi,2020,aa296ac45976180519e2481cd8862227e064bccc,sigi/apps/convenios/views.py,Python,c1ce5805984baa30,270,63,0,0,0,0,0.45302013422818793,0.9865771812080537,0.45302013422818793,0.668535210035597
sigi,2020,aa296ac45976180519e2481cd8862227e064bccc,sigi/apps/diagnosticos/__init__.py,Python,b83e1f02aadfa305,0,0,0,0,0,0,0.45302013422818793,0.24496644295302014,0.24496644295302014,0.3331287001565295
sigi,2020,aa296ac45976180519e2481cd8862227e064bccc,sigi/apps/diagnosticos/admin.py,Python,cd49ef0e889b87a9,108,16,0,0,0,0,0.45302013422818793,0.8154362416107382,0.45302013422818793,0.6077902891861845
sigi,2020,aa296ac45976180519e2481cd8862227e064bccc,sigi/apps/diagnosticos/decorators.py,Python,8a451c3b617266fa,14,4,0,0,0,0,0.45302013422818793,0.587248322147651,0.45302013422818793,0.5157861123805166
sigi,2020,aa296ac45976180519e2481cd8862227e064bccc,sigi/apps/diagnosticos/forms.py,Python,c5d4c6bc5af85992,124,25,0,0,0,0,0.45302013422818793,0.8791946308724832,0.45302013422818793,0.6311044839727844
sigi,2020,aa296ac45976180519e2481cd8862227e064bccc,sigi/apps/diagnosticos/management/__init__.py,Python,2e81385cadccb290,0,0,1,0,0,0,0.9429530201342282,0.24496644295302014,0.24496644295302014,0.4806161121041298
sigi,2020,aa296ac45976180519e2481cd8862227e064bccc,sigi/apps/diagnosticos/management/commands/__init__.py,Python,a7ff0ee5505b47c4,0,0,1,0,0,0,0.9429530201342282,0.24496644295302014,0.24496644295302014,0.4806161121041298
sigi,2020,aa296ac45976180519e2481cd8862227e064bccc,sigi/apps/diagnosticos/management/commands/ls_export.py,Python,fc5eb1d5703320c5,233,41,1,550,0,550,0.9429530201342282,0.9328859060402684,0.9328859060402684,0.9379059561285059
sigi,2020,aa296ac45976180519e2481cd8862227e064bccc,sigi/apps/diagnosticos/models.py,Python,e980b52d58bce66c,148,23,0,0,0,0,0.45302013422818793,0.8691275167785235,0.45302013422818793,0.6274808876072787
sigi,2020,aa296ac45976180519e2481cd8862227e064bccc,sigi/apps/diagnosticos/templatetags/__init__.py,Python,9789c79108f08574,0,0,0,0,0,0,0.45302013422818793,0.24496644295302014,0.24496644295302014,0.3331287001565295
sigi,2020,aa296ac45976180519e2481cd8862227e064bccc,sigi/apps/diagnosticos/templatetags/smart_if.py,Python,11f9a0ea0345871f,166,58,0,0,0,0,0.45302013422818793,0.9798657718120806,0.45302013422818793,0.666257400313059
sigi,2020,aa296ac45976180519e2481cd8862227e064bccc,sigi/apps/diagnosticos/urls.py,Python,079aea8483c1136d,27,0,0,0,0,0,0.45302013422818793,0.24496644295302014,0.24496644295302014,0.3331287001565295
sigi,2020,aa296ac45976180519e2481cd8862227e064bccc,sigi/apps/diagnosticos/views.py,Python,9e0b8dfa3274f0f3,258,51,0,0,0,0,0.45302013422818793,0.959731543624161,0.45302013422818793,0.6593767608246771
sigi,2020,aa296ac45976180519e2481cd8862227e064bccc,sigi/apps/diagnosticos/widgets.py,Python,da9cd9de76b82461,44,11,0,0,0,0,0.45302013422818793,0.7583892617449665,0.45302013422818793,0.5861446964299183
sigi,2020,aa296ac45976180519e2481cd8862227e064bccc,sigi/apps/eventos/__init__.py,Python,05dd4f1574de7d3b,0,0,0,0,0,0,0.45302013422818793,0.24496644295302014,0.24496644295302014,0.3331287001565295
sigi,2020,aa296ac45976180519e2481cd8862227e064bccc,sigi/apps/eventos/admin.py,Python,ce44b53bba4681d0,41,2,0,0,0,0,0.45302013422818793,0.5469798657718121,0.45302013422818793,0.49778799926481004
sigi,2020,aa296ac45976180519e2481cd8862227e064bccc,sigi/apps/eventos/models.py,Python,419970de88378335,93,10,0,0,0,0,0.45302013422818793,0.7416107382550335,0.45302013422818793,0.5796245303550919
sigi,2020,aa296ac45976180519e2481cd8862227e064bccc,sigi/apps/eventos/urls.py,Python,a3b5aff9ba1ce54e,6,0,0,0,0,0,0.45302013422818793,0.24496644295302014,0.24496644295302014,0.3331287001565295
sigi,2020,aa296ac45976180519e2481cd8862227e064bccc,sigi/apps/eventos/views.py,Python,8fbbf6d3f95d7b81,129,42,0,0,0,0,0.45302013422818793,0.9395973154362416,0.45302013422818793,0.652423560242402
sigi,2020,aa296ac45976180519e2481cd8862227e064bccc,sigi/apps/financeiro/__init__.py,Python,251f1934651acd85,0,0,0,0,0,0,0.45302013422818793,0.24496644295302014,0.24496644295302014,0.3331287001565295
sigi,2020,aa296ac45976180519e2481cd8862227e064bccc,sigi/apps/financeiro/admin.py,Python,6becb74c534ace66,9,0,0,0,0,0,0.45302013422818793,0.24496644295302014,0.24496644295302014,0.3331287001565295
sigi,2020,aa296ac45976180519e2481cd8862227e064bccc,sigi/apps/financeiro/forms.py,Python,c0152d30ad6b391a,1,0,0,0,0,0,0.45302013422818793,0.24496644295302014,0.24496644295302014,0.3331287001565295
sigi,2020,aa296ac45976180519e2481cd8862227e064bccc,sigi/apps/financeiro/models.py,Python,fb029c4528e1c79f,14,1,0,0,0,0,0.45302013422818793,0.5100671140939598,0.45302013422818793,0.4806981095159727
sigi,2020,aa296ac45976180519e2481cd8862227e064bccc,sigi/apps/financeiro/urls.py,Python,ba19cff85959562c,1,0,0,0,0,0,0.45302013422818793,0.24496644295302014,0.24496644295302014,0.3331287001565295
sigi,2020,aa296ac45976180519e2481cd8862227e064bccc,sigi/apps/financeiro/views.py,Python,58a0338ae5ea2df9,0,0,0,0,0,0,0.45302013422818793,0.24496644295302014,0.24496644295302014,0.3331287001565295
sigi,2020,aa296ac45976180519e2481cd8862227e064bccc,sigi/apps/home/__init__.py,Python,61af000091c41a48,0,0,0,0,0,0,0.45302013422818793,0.24496644295302014,0.24496644295302014,0.3331287001565295
sigi,2020,aa296ac45976180519e2481cd8862227e064bccc,sigi/apps/home/templatetags/__init__.py,Python,34e491688dfd52d0,0,0,0,0,0,0,0.45302013422818793,0.24496644295302014,0.24496644295302014,0.3331287001565295
sigi,2020,aa296ac45976180519e2481cd8862227e064bccc,sigi/apps/home/templatetags/menus.py,Python,bdaad47a7736c2d8,13,2,0,0,0,0,0.45302013422818793,0.5469798657718121,0.45302013422818793,0.49778799926481004
sigi,2020,aa296ac45976180519e2481cd8862227e064bccc,sigi/apps/home/templatetags/smart_pagination.py,Python,f9419bc7b13faeae,27,6,0,0,0,0,0.45302013422818793,0.6409395973154363,0.45302013422818793,0.5388492761505759
sigi,2020,aa296ac45976180519e2481cd8862227e064bccc,sigi/apps/home/urls.py,Python,c3a073ae3ac4b2c0,11,0,0,0,0,0,0.45302013422818793,0.24496644295302014,0.24496644295302014,0.3331287001565295
sigi,2020,aa296ac45976180519e2481cd8862227e064bccc,sigi/apps/home/views.py,Python,1fc983b8df7bd048,324,36,1,33,16,49,0.9429530201342282,0.912751677852349,0.912751677852349,0.927729460167918
sigi,2020,aa296ac45976180519e2481cd8862227e064bccc,sigi/apps/inventario/__init__.py,Python,52e9395def22b85a,0,0,0,0,0,0,0.45302013422818793,0.24496644295302014,0.24496644295302014,0.3331287001565295
sigi,2020,aa296ac45976180519e2481cd8862227e064bccc,sigi/apps/inventario/admin.py,Python,38fea8932353ff5c,61,1,0,0,0,0,0.45302013422818793,0.5100671140939598,0.45302013422818793,0.4806981095159727
sigi,2020,aa296ac45976180519e2481cd8862227e064bccc,sigi/apps/inventario/models.py,Python,dec1ffd66e62d101,70,6,0,0,0,0,0.45302013422818793,0.6409395973154363,0.45302013422818793,0.5388492761505759
sigi,2020,aa296ac45976180519e2481cd8862227e064bccc,sigi/apps/mdl/__init__.py,Python,88d8365bef1499d9,0,0,0,0,0,0,0.45302013422818793,0.24496644295302014,0.24496644295302014,0.3331287001565295
sigi,2020,aa296ac45976180519e2481cd8862227e064bccc,sigi/apps/mdl/admin.py,Python,e42ad75f113c320d,1,0,0,0,0,0,0.45302013422818793,0.24496644295302014,0.24496644295302014,0.3331287001565295
sigi,2020,aa296ac45976180519e2481cd8862227e064bccc,sigi/apps/mdl/base_models.py,Python,744bea86df38f65d,4911,0,0,0,0,0,0.45302013422818793,0.24496644295302014,0.24496644295302014,0.3331287001565295
sigi,2020,aa296ac45976180519e2481cd8862227e064bccc,sigi/apps/mdl/models.py,Python,422e2b6d2724c96e,281,28,0,0,0,0,0.45302013422818793,0.8993288590604027,0.45302013422818793,0.6382899658045916
sigi,2020,aa296ac45976180519e2481cd8862227e064bccc,sigi/apps/mdl/views.py,Python,80de97db8f8e5eb7,1,0,0,0,0,0,0.45302013422818793,0.24496644295302014,0.24496644295302014,0.3331287001565295
sigi,2020,aa296ac45976180519e2481cd8862227e064bccc,sigi/apps/metas/__init__.py,Python,2cdc9999138959d9,0,0,0,0,0,0,0.45302013422818793,0.24496644295302014,0.24496644295302014,0.3331287001565295
sigi,2020,aa296ac45976180519e2481cd8862227e064bccc,sigi/apps/metas/admin.py,Python,7101fc2e2b0edb71,42,12,0,0,0,0,0.45302013422818793,0.7751677852348994,0.45302013422818793,0.5925931269568364
sigi,2020,aa296ac45976180519e2481cd8862227e064bccc,sigi/apps/metas/forms.py,Python,d0f73212f4ced106,1,0,0,0,0,0,0.45302013422818793,0.24496644295302014,0.24496644295302014,0.3331287001565295
sigi,2020,aa296ac45976180519e2481cd8862227e064bccc,sigi/apps/metas/management/__init__.py,Python,92e393dca2da3deb,0,0,0,0,0,0,0.45302013422818793,0.24496644295302014,0.24496644295302014,0.3331287001565295
sigi,2020,aa296ac45976180519e2481cd8862227e064bccc,sigi/apps/metas/management/commands/__init__.py,Python,5d92e90f6ac2f160,0,0,0,0,0,0,0.45302013422818793,0.24496644295302014,0.24496644295302014,0.3331287001565295
sigi,2020,aa296ac45976180519e2481cd8862227e064bccc,sigi/apps/metas/management/commands/gera_map_data.py,Python,a082304819d81284,8,1,0,0,0,0,0.45302013422818793,0.5100671140939598,0.45302013422818793,0.4806981095159727
sigi,2020,aa296ac45976180519e2481cd8862227e064bccc,sigi/apps/metas/models.py,Python,83bf2adf89f46923,101,18,0,0,0,0,0.45302013422818793,0.8322147651006712,0.45302013422818793,0.6140114368581304
sigi,2020,aa296ac45976180519e2481cd8862227e064bccc,sigi/apps/metas/templatetags/__init__.py,Python,5de977f836383ddd,0,0,0,0,0,0,0.45302013422818793,0.24496644295302014,0.24496644295302014,0.3331287001565295
sigi,2020,aa296ac45976180519e2481cd8862227e064bccc,sigi/apps/metas/templatetags/mapa_tags.py,Python,915a4285d0454702,13,3,0,0,0,0,0.45302013422818793,0.5671140939597316,0.45302013422818793,0.5068669479935881
sigi,2020,aa296ac45976180519e2481cd8862227e064bccc,sigi/apps/metas/urls.py,Python,ff6c355c2b324381,10,0,0,0,0,0,0.45302013422818793,0.24496644295302014,0.24496644295302014,0.3331287001565295
sigi,2020,aa296ac45976180519e2481cd8862227e064bccc,sigi/apps/metas/views.py,Python,1701ef1f0e94f90e,330,84,1,65,38,103,0.9429530201342282,0.9932885906040269,0.9429530201342282,0.9677936124892218
sigi,2020,aa296ac45976180519e2481cd8862227e064bccc,sigi/apps/ocorrencias/__init__.py,Python,0e1912fb6922327a,0,0,0,0,0,0,0.45302013422818793,0.24496644295302014,0.24496644295302014,0.3331287001565295
sigi,2020,aa296ac45976180519e2481cd8862227e064bccc,sigi/apps/ocorrencias/admin.py,Python,c8bdab2e2b0ebb9b,106,20,1,12,5,17,0.9429530201342282,0.8489932885906041,0.8489932885906041,0.8947406247344537
sigi,2020,aa296ac45976180519e2481cd8862227e064bccc,sigi/apps/ocorrencias/filters.py,Python,2139457a6cf06339,22,5,1,3,1,4,0.9429530201342282,0.6140939597315436,0.6140939597315436,0.7609610725753625
sigi,2020,aa296ac45976180519e2481cd8862227e064bccc,sigi/apps/ocorrencias/forms.py,Python,28cb3966871d144b,53,4,0,0,0,0,0.45302013422818793,0.587248322147651,0.45302013422818793,0.5157861123805166
sigi,2020,aa296ac45976180519e2481cd8862227e064bccc,sigi/apps/ocorrencias/models.py,Python,07e679d6422a12ba,92,13,0,0,0,0,0.45302013422818793,0.7919463087248322,0.45302013422818793,0.5989721388178597
sigi,2020,aa296ac45976180519e2481cd8862227e064bccc,sigi/apps/ocorrencias/urls.py,Python,849a7b7d0372a8fd,15,0,0,0,0,0,0.45302013422818793,0.24496644295302014,0.24496644295302014,0.3331287001565295
sigi,2020,aa296ac45976180519e2481cd8862227e064bccc,sigi/apps/ocorrencias/views.py,Python,b2c4c1c0368dd2fb,195,40,1,48,25,73,0.9429530201342282,0.9228187919463087,0.9228187919463087,0.9328315854978281
sigi,2020,aa296ac45976180519e2481cd8862227e064bccc,sigi/apps/parlamentares/__init__.py,Python,7bb616c8663aff83,0,0,0,0,0,0,0.45302013422818793,0.24496644295302014,0.24496644295302014,0.3331287001565295
sigi,2020,aa296ac45976180519e2481cd8862227e064bccc,sigi/apps/parlamentares/admin.py,Python,63dcd5f2a3cf7c25,148,8,0,0,0,0,0.45302013422818793,0.6912751677852349,0.45302013422818793,0.559608407101502
sigi,2020,aa296ac45976180519e2481cd8862227e064bccc,sigi/apps/parlamentares/models.py,Python,630900e8ae7983d4,163,11,0,0,0,0,0.45302013422818793,0.7583892617449665,0.45302013422818793,0.5861446964299183
sigi,2020,aa296ac45976180519e2481cd8862227e064bccc,sigi/apps/parlamentares/reports.py,Python,3a5148f2dec927bb,487,18,0,0,0,0,0.45302013422818793,0.8322147651006712,0.45302013422818793,0.6140114368581304
sigi,2020,aa296ac45976180519e2481cd8862227e064bccc,sigi/apps/parlamentares/urls.py,Python,43b0c013197d7c11,8,0,0,0,0,0,0.45302013422818793,0.24496644295302014,0.24496644295302014,0.3331287001565295
sigi,2020,aa296ac45976180519e2481cd8862227e064bccc,sigi/apps/parlamentares/views.py,Python,60d5f150cd167735,106,30,0,0,0,0,0.45302013422818793,0.9060402684563759,0.45302013422818793,0.6406672178535834
sigi,2020,aa296ac45976180519e2481cd8862227e064bccc,sigi/apps/relatorios/__init__.py,Python,78bc85c335111d94,0,0,0,0,0,0,0.45302013422818793,0.24496644295302014,0.24496644295302014,0.3331287001565295
sigi,2020,aa296ac45976180519e2481cd8862227e064bccc,sigi/apps/relatorios/models.py,Python,57fedd4d710b0aa1,1,0,0,0,0,0,0.45302013422818793,0.24496644295302014,0.24496644295302014,0.3331287001565295
sigi,2020,aa296ac45976180519e2481cd8862227e064bccc,sigi/apps/relatorios/reports.py,Python,11a12bda9603082a,60,0,0,0,0,0,0.45302013422818793,0.24496644295302014,0.24496644295302014,0.3331287001565295
sigi,2020,aa296ac45976180519e2481cd8862227e064bccc,sigi/apps/relatorios/views.py,Python,cfa5ed591fa074b6,0,0,0,0,0,0,0.45302013422818793,0.24496644295302014,0.24496644295302014,0.3331287001565295
sigi,2020,aa296ac45976180519e2481cd8862227e064bccc,sigi/apps/saberes/__init__.py,Python,3cab48a4fd037038,0,0,0,0,0,0,0.45302013422818793,0.24496644295302014,0.24496644295302014,0.3331287001565295
sigi,2020,aa296ac45976180519e2481cd8862227e064bccc,sigi/apps/saberes/admin.py,Python,58b33df0ff8197b2,9,1,0,0,0,0,0.45302013422818793,0.5100671140939598,0.45302013422818793,0.4806981095159727
sigi,2020,aa296ac45976180519e2481cd8862227e064bccc,sigi/apps/saberes/management/__init__.py,Python,d7b36760c896feba,0,0,0,0,0,0,0.45302013422818793,0.24496644295302014,0.24496644295302014,0.3331287001565295
sigi,2020,aa296ac45976180519e2481cd8862227e064bccc,sigi/apps/saberes/management/commands/__init__.py,Python,92f14a26383f321f,0,0,0,0,0,0,0.45302013422818793,0.24496644295302014,0.24496644295302014,0.3331287001565295
sigi,2020,aa296ac45976180519e2481cd8862227e064bccc,sigi/apps/saberes/management/commands/get_moodle_stats.py,Python,f8b72ddaa48b327a,64,21,0,0,0,0,0.45302013422818793,0.8590604026845637,0.45302013422818793,0.6238362436844161
sigi,2020,aa296ac45976180519e2481cd8862227e064bccc,sigi/apps/saberes/models.py,Python,c62a524d45574cb5,55,13,0,0,0,0,0.45302013422818793,0.7919463087248322,0.45302013422818793,0.5989721388178597
sigi,2020,aa296ac45976180519e2481cd8862227e064bccc,sigi/apps/saberes/urls.py,Python,4165cee650af7754,9,0,0,0,0,0,0.45302013422818793,0.24496644295302014,0.24496644295302014,0.3331287001565295
sigi,2020,aa296ac45976180519e2481cd8862227e064bccc,sigi/apps/saberes/views.py,Python,63e89958c148601d,36,8,0,0,0,0,0.45302013422818793,0.6912751677852349,0.45302013422818793,0.559608407101502
sigi,2020,aa296ac45976180519e2481cd8862227e064bccc,sigi/apps/servicos/__init__.py,Python,c8fc5ddb43adb8f2,0,0,0,0,0,0,0.45302013422818793,0.24496644295302014,0.24496644295302014,0.3331287001565295
sigi,2020,aa296ac45976180519e2481cd8862227e064bccc,sigi/apps/servicos/admin.py,Python,4053efda00216adf,177,40,0,0,0,0,0.45302013422818793,0.9228187919463087,0.45302013422818793,0.6465721096643521
sigi,2020,aa296ac45976180519e2481cd8862227e064bccc,sigi/apps/servicos/management/__init__.py,Python,7550e5d40dbbd535,0,0,0,0,0,0,0.45302013422818793,0.24496644295302014,0.24496644295302014,0.3331287001565295
sigi,2020,aa296ac45976180519e2481cd8862227e064bccc,sigi/apps/servicos/management/commands/__init__.py,Python,75791ba09f6c6350,0,0,0,0,0,0,0.45302013422818793,0.24496644295302014,0.24496644295302014,0.3331287001565295
sigi,2020,aa296ac45976180519e2481cd8862227e064bccc,sigi/apps/servicos/management/commands/atualiza_uso_servico.py,Python,8b59a60b3edc7dc8,12,5,0,0,0,0,0.45302013422818793,0.6140939597315436,0.45302013422818793,0.5274437676817343
sigi,2020,aa296ac45976180519e2481cd8862227e064bccc,sigi/apps/servicos/models.py,Python,60bbe3d4752236bc,161,27,0,0,0,0,0.45302013422818793,0.8926174496644296,0.45302013422818793,0.6359038267390775
sigi,2020,aa296ac45976180519e2481cd8862227e064bccc,sigi/apps/servicos/urls.py,Python,2b19b523a1dc68ee,9,0,0,0,0,0,0.45302013422818793,0.24496644295302014,0.24496644295302014,0.3331287001565295
sigi,2020,aa296ac45976180519e2481cd8862227e064bccc,sigi/apps/servicos/views.py,Python,869c1ab319f0c66c,117,23,0,0,0,0,0.45302013422818793,0.8691275167785235,0.45302013422818793,0.6274808876072787
sigi,2020,aa296ac45976180519e2481cd8862227e064bccc,sigi/apps/servidores/__init__.py,Python,438a0f4c738e8f4c,0,0,0,0,0,0,0.45302013422818793,0.24496644295302014,0.24496644295302014,0.3331287001565295
sigi,2020,aa296ac45976180519e2481cd8862227e064bccc,sigi/apps/servidores/admin.py,Python,d133df57627c25a3,88,8,0,0,0,0,0.45302013422818793,0.6912751677852349,0.45302013422818793,0.559608407101502
sigi,2020,aa296ac45976180519e2481cd8862227e064bccc,sigi/apps/servidores/forms.py,Python,7c0dc16a511f1b52,42,9,0,0,0,0,0.45302013422818793,0.7214765100671141,0.45302013422818793,0.5717021824631148
sigi,2020,aa296ac45976180519e2481cd8862227e064bccc,sigi/apps/servidores/management/__init__.py,Python,57a61bced5c9e26a,0,0,0,0,0,0,0.45302013422818793,0.24496644295302014,0.24496644295302014,0.3331287001565295
sigi,2020,aa296ac45976180519e2481cd8862227e064bccc,sigi/apps/servidores/management/commands/__init__.py,Python,5a860a10457f6d49,0,0,0,0,0,0,0.45302013422818793,0.24496644295302014,0.24496644295302014,0.3331287001565295
sigi,2020,aa296ac45976180519e2481cd8862227e064bccc,sigi/apps/servidores/management/commands/migra.py,Python,f0f2ed33d1c68f95,184,49,0,0,0,0,0.45302013422818793,0.9530201342281879,0.45302013422818793,0.6570672029025794
sigi,2020,aa296ac45976180519e2481cd8862227e064bccc,sigi/apps/servidores/management/commands/sync_ldap.py,Python,1da1d2ac3feaed66,99,20,0,0,0,0,0.45302013422818793,0.8489932885906041,0.45302013422818793,0.6201701811246217
sigi,2020,aa296ac45976180519e2481cd8862227e064bccc,sigi/apps/servidores/models.py,Python,a5de56c766db1ec8,141,15,0,0,0,0,0.45302013422818793,0.8053691275167785,0.45302013422818793,0.6040268456375839
sigi,2020,aa296ac45976180519e2481cd8862227e064bccc,sigi/apps/servidores/urls.py,Python,47550fafeccc67fe,6,0,0,0,0,0,0.45302013422818793,0.24496644295302014,0.24496644295302014,0.3331287001565295
sigi,2020,aa296ac45976180519e2481cd8862227e064bccc,sigi/apps/servidores/views.py,Python,44714062d8f6b885,24,2,0,0,0,0,0.45302013422818793,0.5469798657718121,0.45302013422818793,0.49778799926481004
sigi,2020,aa296ac45976180519e2481cd8862227e064bccc,sigi/apps/utils/__init__.py,Python,9b13fe7454f1f580,31,9,0,0,0,0,0.45302013422818793,0.7214765100671141,0.45302013422818793,0.5717021824631148
sigi,2020,aa296ac45976180519e2481cd8862227e064bccc,sigi/apps/utils/admin_widgets.py,Python,0282fdb788f7c3dd,13,3,0,0,0,0,0.45302013422818793,0.5671140939597316,0.45302013422818793,0.5068669479935881
sigi,2020,aa296ac45976180519e2481cd8862227e064bccc,sigi/apps/utils/base_admin.py,Python,2e6ad19ead50dd4e,22,6,0,0,0,0,0.45302013422818793,0.6409395973154363,0.45302013422818793,0.5388492761505759
sigi,2020,aa296ac45976180519e2481cd8862227e064bccc,sigi/apps/utils/decorators.py,Python,72f14aa02eb79878,36,12,0,0,0,0,0.45302013422818793,0.7751677852348994,0.45302013422818793,0.5925931269568364
sigi,2020,aa296ac45976180519e2481cd8862227e064bccc,sigi/apps/utils/email.py,Python,8a0370758a40217e,17,5,0,0,0,0,0.45302013422818793,0.6140939597315436,0.45302013422818793,0.5274437676817343
sigi,2020,aa296ac45976180519e2481cd8862227e064bccc,sigi/apps/utils/filters.py,Python,c58dee53678b1d52,10,4,0,0,0,0,0.45302013422818793,0.587248322147651,0.45302013422818793,0.5157861123805166
sigi,2020,aa296ac45976180519e2481cd8862227e064bccc,sigi/apps/utils/moodle_ws_api.py,Python,401f522ff9ac5cf7,47,16,0,0,0,0,0.45302013422818793,0.8154362416107382,0.45302013422818793,0.6077902891861845
sigi,2020,aa296ac45976180519e2481cd8862227e064bccc,sigi/apps/whois/__init__.py,Python,439272f78178964d,0,0,0,0,0,0,0.45302013422818793,0.24496644295302014,0.24496644295302014,0.3331287001565295
sigi,2020,aa296ac45976180519e2481cd8862227e064bccc,sigi/apps/whois/admin.py,Python,e6e699d98f65d62c,1,0,0,0,0,0,0.45302013422818793,0.24496644295302014,0.24496644295302014,0.3331287001565295
sigi,2020,aa296ac45976180519e2481cd8862227e064bccc,sigi/apps/whois/models.py,Python,5d7c87f6a0ecb159,1,0,0,0,0,0,0.45302013422818793,0.24496644295302014,0.24496644295302014,0.3331287001565295
sigi,2020,aa296ac45976180519e2481cd8862227e064bccc,sigi/apps/whois/urls.py,Python,933b6cf474bf5754,7,0,0,0,0,0,0.45302013422818793,0.24496644295302014,0.24496644295302014,0.3331287001565295
sigi,2020,aa296ac45976180519e2481cd8862227e064bccc,sigi/apps/whois/views.py,Python,04a930cf1236da05,54,10,0,0,0,0,0.45302013422818793,0.7416107382550335,0.45302013422818793,0.5796245303550919
sigi,2020,aa296ac45976180519e2481cd8862227e064bccc,sigi/settings/__init__.py,Python,f7df8390182d11ae,13,0,0,0,0,0,0.45302013422818793,0.24496644295302014,0.24496644295302014,0.3331287001565295
sigi,2020,aa296ac45976180519e2481cd8862227e064bccc,sigi/settings/base.py,Python,3f31b4cbfb6621d2,137,0,0,0,0,0,0.45302013422818793,0.24496644295302014,0.24496644295302014,0.3331287001565295
sigi,2020,aa296ac45976180519e2481cd8862227e064bccc,sigi/settings/dev.py,Python,7317c47fc4754a79,33,0,0,0,0,0,0.45302013422818793,0.24496644295302014,0.24496644295302014,0.3331287001565295
sigi,2020,aa296ac45976180519e2481cd8862227e064bccc,sigi/shortcuts.py,Python,6342ebb826410b9f,29,4,0,0,0,0,0.45302013422818793,0.587248322147651,0.45302013422818793,0.5157861123805166
sigi,2020,aa296ac45976180519e2481cd8862227e064bccc,sigi/urls.py,Python,ccf09753e7213f9b,34,0,0,0,0,0,0.45302013422818793,0.24496644295302014,0.24496644295302014,0.3331287001565295
sigi,2020,aa296ac45976180519e2481cd8862227e064bccc,sigi/wsgi.py,Python,947a6d2d9cc9d758,4,0,0,0,0,0,0.45302013422818793,0.24496644295302014,0.24496644295302014,0.3331287001565295
sigi,2021,a90d91018468835ecaea89c4e3b3fa8303aff896,etc/migracao/migra.py,Python,f3cf235d8440c123,336,55,2,18,18,36,0.791970802919708,0.9416058394160584,0.791970802919708,0.8635533177958507
sigi,2021,a90d91018468835ecaea89c4e3b3fa8303aff896,manage.py,Python,59d9ace2172d7f29,6,0,0,0,0,0,0.30656934306569344,0.24452554744525548,0.24452554744525548,0.27379561070819053
sigi,2021,a90d91018468835ecaea89c4e3b3fa8303aff896,scripts/__init__.py,Python,f56e49dd536a4c18,0,0,0,0,0,0,0.30656934306569344,0.24452554744525548,0.24452554744525548,0.27379561070819053
sigi,2021,a90d91018468835ecaea89c4e3b3fa8303aff896,scripts/casas_com_PM_e_SAPL.py,Python,e61d8ea0f239c0a5,24,2,0,0,0,0,0.30656934306569344,0.5328467153284672,0.30656934306569344,0.40417133430385777
sigi,2021,a90d91018468835ecaea89c4e3b3fa8303aff896,scripts/casas_que_usam_LEGBR_ou_PM.py,Python,8b5b9d2184f078b4,36,7,0,0,0,0,0.30656934306569344,0.6751824817518248,0.30656934306569344,0.4549618114524795
sigi,2021,a90d91018468835ecaea89c4e3b3fa8303aff896,scripts/contatos_de_casas_que_usam_portalmodelo.py,Python,a74843c186ab8dc7,53,7,0,0,0,0,0.30656934306569344,0.6751824817518248,0.30656934306569344,0.4549618114524795
sigi,2021,a90d91018468835ecaea89c4e3b3fa8303aff896,scripts/csv_writer.py,Python,5dd6218c876bb3dc,21,7,0,0,0,0,0.30656934306569344,0.6751824817518248,0.30656934306569344,0.4549618114524795
sigi,2021,a90d91018468835ecaea89c4e3b3fa8303aff896,scripts/importa_pesquisa.py,Python,ae9a0ee89dd8ca90,76,13,1,25,25,50,0.6788321167883211,0.791970802919708,0.6788321167883211,0.7332224877760718
sigi,2021,a90d91018468835ecaea89c4e3b3fa8303aff896,scripts/servicos_seit_ate_2013_2014.py,Python,28918bf2e5ad16d7,15,1,0,0,0,0,0.30656934306569344,0.5036496350364964,0.30656934306569344,0.3929421557283145
sigi,2021,a90d91018468835ecaea89c4e3b3fa8303aff896,scripts/urls de portais modelo por estado municipio.py,Python,40e79634ea37a42a,6,0,0,0,0,0,0.30656934306569344,0.24452554744525548,0.24452554744525548,0.27379561070819053
sigi,2021,a90d91018468835ecaea89c4e3b3fa8303aff896,scripts/user_from_session.py,Python,77a4ef2d4b29ac2e,8,1,0,0,0,0,0.30656934306569344,0.5036496350364964,0.30656934306569344,0.3929421557283145
sigi,2021,a90d91018468835ecaea89c4e3b3fa8303aff896,scripts/verificacao_arquivos_faltando_media.py,Python,15789ce2df9589d6,52,5,1,2,2,4,0.6788321167883211,0.6058394160583942,0.6058394160583942,0.6412981001349686
sigi,2021,a90d91018468835ecaea89c4e3b3fa8303aff896,setup.py,Python,307d946fc1cb54f5,2,0,0,0,0,0,0.30656934306569344,0.24452554744525548,0.24452554744525548,0.27379561070819053
sigi,2021,a90d91018468835ecaea89c4e3b3fa8303aff896,sigi/__init__.py,Python,1a3e5af2e57e6675,0,0,0,0,0,0,0.30656934306569344,0.24452554744525548,0.24452554744525548,0.27379561070819053
sigi,2021,a90d91018468835ecaea89c4e3b3fa8303aff896,sigi/apps/__init__.py,Python,8a73921b744382c2,0,0,0,0,0,0,0.30656934306569344,0.24452554744525548,0.24452554744525548,0.27379561070819053
sigi,2021,a90d91018468835ecaea89c4e3b3fa8303aff896,sigi/apps/casas/__init__.py,Python,7b930d5254e224ee,0,0,0,0,0,0,0.30656934306569344,0.24452554744525548,0.24452554744525548,0.27379561070819053
sigi,2021,a90d91018468835ecaea89c4e3b3fa8303aff896,sigi/apps/casas/admin.py,Python,1cf477cc6f7c09f9,369,66,19,266,168,434,0.9927007299270073,0.9598540145985401,0.9598540145985401,0.9761392220965917
sigi,2021,a90d91018468835ecaea89c4e3b3fa8303aff896,sigi/apps/casas/forms.py,Python,fca3e46e968ae90c,34,1,2,18,5,23,0.791970802919708,0.5036496350364964,0.5036496350364964,0.6315661531859287
sigi,2021,a90d91018468835ecaea89c4e3b3fa8303aff896,sigi/apps/casas/management/__init__.py,Python,4328c1adc2c6f55d,0,0,0,0,0,0,0.30656934306569344,0.24452554744525548,0.24452554744525548,0.27379561070819053
sigi,2021,a90d91018468835ecaea89c4e3b3fa8303aff896,sigi/apps/casas/management/commands/__init__.py,Python,08aedd3ccf04b506,0,0,0,0,0,0,0.30656934306569344,0.24452554744525548,0.24452554744525548,0.27379561070819053
sigi,2021,a90d91018468835ecaea89c4e3b3fa8303aff896,sigi/apps/casas/management/commands/importa_gerentes.py,Python,603a39f4d9fc9708,54,8,1,17,17,34,0.6788321167883211,0.7007299270072993,0.6788321167883211,0.6896941203513995
sigi,2021,a90d91018468835ecaea89c4e3b3fa8303aff896,sigi/apps/casas/models.py,Python,c8b1914885fb82b1,356,53,10,93,39,132,0.9635036496350365,0.9343065693430657,0.9343065693430657,0.9487928063808421
sigi,2021,a90d91018468835ecaea89c4e3b3fa8303aff896,sigi/apps/casas/reports.py,Python,56605c31439f7cc4,148,11,1,1,1,2,0.6788321167883211,0.7518248175182481,0.6788321167883211,0.7143968311309238
sigi,2021,a90d91018468835ecaea89c4e3b3fa8303aff896,sigi/apps/casas/urls.py,Python,1a1eb5445fcb6e82,37,0,4,45,26,71,0.8795620437956204,0.24452554744525548,0.24452554744525548,0.4637622130695771
sigi,2021,a90d91018468835ecaea89c4e3b3fa8303aff896,sigi/apps/casas/views.py,Python,e8c4484217913e4f,911,219,10,483,126,609,0.9635036496350365,1.0,0.9635036496350365,0.9815822174606855
sigi,2021,a90d91018468835ecaea89c4e3b3fa8303aff896,sigi/apps/contatos/__init__.py,Python,430d06fc3d58547f,0,0,0,0,0,0,0.30656934306569344,0.24452554744525548,0.24452554744525548,0.27379561070819053
sigi,2021,a90d91018468835ecaea89c4e3b3fa8303aff896,sigi/apps/contatos/admin.py,Python,42cf26fda5b5f8f9,60,0,0,0,0,0,0.30656934306569344,0.24452554744525548,0.24452554744525548,0.27379561070819053
sigi,2021,a90d91018468835ecaea89c4e3b3fa8303aff896,sigi/apps/contatos/filters.py,Python,2d905c09330c98c1,23,6,0,0,0,0,0.30656934306569344,0.6423357664233577,0.30656934306569344,0.443757201564107
sigi,2021,a90d91018468835ecaea89c4e3b3fa8303aff896,sigi/apps/contatos/management/__init__.py,Python,4bca5a699d443368,0,0,0,0,0,0,0.30656934306569344,0.24452554744525548,0.24452554744525548,0.27379561070819053
sigi,2021,a90d91018468835ecaea89c4e3b3fa8303aff896,sigi/apps/contatos/management/commands/__init__.py,Python,2e4c2445f3feb677,0,0,0,0,0,0,0.30656934306569344,0.24452554744525548,0.24452554744525548,0.27379561070819053
sigi,2021,a90d91018468835ecaea89c4e3b3fa8303aff896,sigi/apps/contatos/management/commands/importa_mesomicro.py,Python,b8476bdbd6894af6,51,9,0,0,0,0,0.30656934306569344,0.7226277372262774,0.30656934306569344,0.4706755896395185
sigi,2021,a90d91018468835ecaea89c4e3b3fa8303aff896,sigi/apps/contatos/models.py,Python,49b0faee9f48afb6,273,8,3,43,15,58,0.8540145985401459,0.7007299270072993,0.7007299270072993,0.7735848934009792
sigi,2021,a90d91018468835ecaea89c4e3b3fa8303aff896,sigi/apps/convenios/__init__.py,Python,86f7f55f254a167d,0,0,0,0,0,0,0.30656934306569344,0.24452554744525548,0.24452554744525548,0.27379561070819053
sigi,2021,a90d91018468835ecaea89c4e3b3fa8303aff896,sigi/apps/convenios/admin.py,Python,2ce2ec12d13318e6,163,21,17,145,93,238,0.9854014598540146,0.8394160583941606,0.8394160583941606,0.9094843645530739
sigi,2021,a90d91018468835ecaea89c4e3b3fa8303aff896,sigi/apps/convenios/management/__init__.py,Python,67ec9e16f2a99eac,0,0,1,0,0,0,0.6788321167883211,0.24452554744525548,0.24452554744525548,0.40742090641139883
sigi,2021,a90d91018468835ecaea89c4e3b3fa8303aff896,sigi/apps/convenios/management/commands/__init__.py,Python,c13baf31fe917fe2,0,0,1,0,0,0,0.6788321167883211,0.24452554744525548,0.24452554744525548,0.40742090641139883
sigi,2021,a90d91018468835ecaea89c4e3b3fa8303aff896,sigi/apps/convenios/models.py,Python,c85b8fe8f692c4d7,678,77,22,724,182,906,1.0,0.9854014598540146,0.9854014598540146,0.9926738940125376
sigi,2021,a90d91018468835ecaea89c4e3b3fa8303aff896,sigi/apps/convenios/reports.py,Python,89b2fe9c83b10cea,217,0,5,80,108,188,0.8978102189781022,0.24452554744525548,0.24452554744525548,0.46854832760086246
sigi,2021,a90d91018468835ecaea89c4e3b3fa8303aff896,sigi/apps/convenios/urls.py,Python,490e8d4ff65d8abb,11,0,1,1,0,1,0.6788321167883211,0.24452554744525548,0.24452554744525548,0.40742090641139883
sigi,2021,a90d91018468835ecaea89c4e3b3fa8303aff896,sigi/apps/convenios/views.py,Python,c1ce5805984baa30,314,73,7,58,9,67,0.927007299270073,0.9781021897810219,0.927007299270073,0.9522120926343298
sigi,2021,a90d91018468835ecaea89c4e3b3fa8303aff896,sigi/apps/diagnosticos/__init__.py,Python,b83e1f02aadfa305,0,0,0,0,0,0,0.30656934306569344,0.24452554744525548,0.24452554744525548,0.27379561070819053
sigi,2021,a90d91018468835ecaea89c4e3b3fa8303aff896,sigi/apps/diagnosticos/admin.py,Python,cd49ef0e889b87a9,108,16,0,0,0,0,0.30656934306569344,0.8029197080291971,0.30656934306569344,0.4961356341012096
sigi,2021,a90d91018468835ecaea89c4e3b3fa8303aff896,sigi/apps/diagnosticos/decorators.py,Python,8a451c3b617266fa,14,4,0,0,0,0,0.30656934306569344,0.572992700729927,0.30656934306569344,0.4191205027724261
sigi,2021,a90d91018468835ecaea89c4e3b3fa8303aff896,sigi/apps/diagnosticos/forms.py,Python,c5d4c6bc5af85992,124,25,1,5,5,10,0.6788321167883211,0.8540145985401459,0.6788321167883211,0.7614016927319873
sigi,2021,a90d91018468835ecaea89c4e3b3fa8303aff896,sigi/apps/diagnosticos/management/__init__.py,Python,2e81385cadccb290,0,0,0,0,0,0,0.30656934306569344,0.24452554744525548,0.24452554744525548,0.27379561070819053
sigi,2021,a90d91018468835ecaea89c4e3b3fa8303aff896,sigi/apps/diagnosticos/management/commands/__init__.py,Python,a7ff0ee5505b47c4,0,0,0,0,0,0,0.30656934306569344,0.24452554744525548,0.24452554744525548,0.27379561070819053
sigi,2021,a90d91018468835ecaea89c4e3b3fa8303aff896,sigi/apps/diagnosticos/management/commands/ls_export.py,Python,fc5eb1d5703320c5,233,41,0,0,0,0,0.30656934306569344,0.9051094890510949,0.30656934306569344,0.5267625854793786
sigi,2021,a90d91018468835ecaea89c4e3b3fa8303aff896,sigi/apps/diagnosticos/models.py,Python,e980b52d58bce66c,183,23,3,52,17,69,0.8540145985401459,0.8467153284671532,0.8467153284671532,0.8503571316327415
sigi,2021,a90d91018468835ecaea89c4e3b3fa8303aff896,sigi/apps/diagnosticos/templatetags/__init__.py,Python,9789c79108f08574,0,0,0,0,0,0,0.30656934306569344,0.24452554744525548,0.24452554744525548,0.27379561070819053
sigi,2021,a90d91018468835ecaea89c4e3b3fa8303aff896,sigi/apps/diagnosticos/templatetags/smart_if.py,Python,11f9a0ea0345871f,166,58,0,0,0,0,0.30656934306569344,0.948905109489051,0.30656934306569344,0.5393562978660195
sigi,2021,a90d91018468835ecaea89c4e3b3fa8303aff896,sigi/apps/diagnosticos/urls.py,Python,079aea8483c1136d,27,0,0,0,0,0,0.30656934306569344,0.24452554744525548,0.24452554744525548,0.27379561070819053
sigi,2021,a90d91018468835ecaea89c4e3b3fa8303aff896,sigi/apps/diagnosticos/views.py,Python,9e0b8dfa3274f0f3,258,51,1,3,3,6,0.6788321167883211,0.927007299270073,0.6788321167883211,0.7932731731514234
sigi,2021,a90d91018468835ecaea89c4e3b3fa8303aff896,sigi/apps/diagnosticos/widgets.py,Python,da9cd9de76b82461,44,11,0,0,0,0,0.30656934306569344,0.7518248175182481,0.30656934306569344,0.4800900336468715
sigi,2021,a90d91018468835ecaea89c4e3b3fa8303aff896,sigi/apps/eventos/__init__.py,Python,05dd4f1574de7d3b,0,0,0,0,0,0,0.30656934306569344,0.24452554744525548,0.24452554744525548,0.27379561070819053
sigi,2021,a90d91018468835ecaea89c4e3b3fa8303aff896,sigi/apps/eventos/admin.py,Python,ce44b53bba4681d0,64,5,10,77,54,131,0.9635036496350365,0.6058394160583942,0.6058394160583942,0.7640212617885854
sigi,2021,a90d91018468835ecaea89c4e3b3fa8303aff896,sigi/apps/eventos/forms.py,Python,c3a21909f45ef8bb,26,2,2,33,1,34,0.791970802919708,0.5328467153284672,0.5328467153284672,0.649614532605156
sigi,2021,a90d91018468835ecaea89c4e3b3fa8303aff896,sigi/apps/eventos/models.py,Python,419970de88378335,279,12,10,242,77,319,0.9635036496350365,0.7737226277372263,0.7737226277372263,0.8634144865764232
sigi,2021,a90d91018468835ecaea89c4e3b3fa8303aff896,sigi/apps/eventos/urls.py,Python,a3b5aff9ba1ce54e,15,0,2,12,0,12,0.791970802919708,0.24452554744525548,0.24452554744525548,0.44006487492709545
sigi,2021,a90d91018468835ecaea89c4e3b3fa8303aff896,sigi/apps/eventos/views.py,Python,8fbbf6d3f95d7b81,335,102,10,324,92,416,0.9635036496350365,0.9927007299270073,0.9635036496350365,0.9779932393836045
sigi,2021,a90d91018468835ecaea89c4e3b3fa8303aff896,sigi/apps/financeiro/__init__.py,Python,251f1934651acd85,0,0,0,0,0,0,0.30656934306569344,0.24452554744525548,0.24452554744525548,0.27379561070819053
sigi,2021,a90d91018468835ecaea89c4e3b3fa8303aff896,sigi/apps/financeiro/admin.py,Python,6becb74c534ace66,9,0,0,0,0,0,0.30656934306569344,0.24452554744525548,0.24452554744525548,0.27379561070819053
sigi,2021,a90d91018468835ecaea89c4e3b3fa8303aff896,sigi/apps/financeiro/forms.py,Python,c0152d30ad6b391a,1,0,0,0,0,0,0.30656934306569344,0.24452554744525548,0.24452554744525548,0.27379561070819053
sigi,2021,a90d91018468835ecaea89c4e3b3fa8303aff896,sigi/apps/financeiro/models.py,Python,fb029c4528e1c79f,18,1,1,5,1,6,0.6788321167883211,0.5036496350364964,0.5036496350364964,0.584716638955563
sigi,2021,a90d91018468835ecaea89c4e3b3fa8303aff896,sigi/apps/financeiro/urls.py,Python,ba19cff85959562c,1,0,0,0,0,0,0.30656934306569344,0.24452554744525548,0.24452554744525548,0.27379561070819053
sigi,2021,a90d91018468835ecaea89c4e3b3fa8303aff896,sigi/apps/financeiro/views.py,Python,58a0338ae5ea2df9,0,0,0,0,0,0,0.30656934306569344,0.24452554744525548,0.24452554744525548,0.27379561070819053
sigi,2021,a90d91018468835ecaea89c4e3b3fa8303aff896,sigi/apps/home/__init__.py,Python,61af000091c41a48,0,0,0,0,0,0,0.30656934306569344,0.24452554744525548,0.24452554744525548,0.27379561070819053
sigi,2021,a90d91018468835ecaea89c4e3b3fa8303aff896,sigi/apps/home/templatetags/__init__.py,Python,34e491688dfd52d0,0,0,0,0,0,0,0.30656934306569344,0.24452554744525548,0.24452554744525548,0.27379561070819053
sigi,2021,a90d91018468835ecaea89c4e3b3fa8303aff896,sigi/apps/home/templatetags/menus.py,Python,bdaad47a7736c2d8,13,2,0,0,0,0,0.30656934306569344,0.5328467153284672,0.30656934306569344,0.40417133430385777
sigi,2021,a90d91018468835ecaea89c4e3b3fa8303aff896,sigi/apps/home/templatetags/smart_pagination.py,Python,f9419bc7b13faeae,27,6,0,0,0,0,0.30656934306569344,0.6423357664233577,0.30656934306569344,0.443757201564107
sigi,2021,a90d91018468835ecaea89c4e3b3fa8303aff896,sigi/apps/home/urls.py,Python,c3a073ae3ac4b2c0,11,0,0,0,0,0,0.30656934306569344,0.24452554744525548,0.24452554744525548,0.27379561070819053
sigi,2021,a90d91018468835ecaea89c4e3b3fa8303aff896,sigi/apps/home/views.py,Python,1fc983b8df7bd048,324,36,1,26,26,52,0.6788321167883211,0.8905109489051095,0.6788321167883211,0.7775007604294879
sigi,2021,a90d91018468835ecaea89c4e3b3fa8303aff896,sigi/apps/inventario/__init__.py,Python,52e9395def22b85a,0,0,0,0,0,0,0.30656934306569344,0.24452554744525548,0.24452554744525548,0.27379561070819053
sigi,2021,a90d91018468835ecaea89c4e3b3fa8303aff896,sigi/apps/inventario/admin.py,Python,38fea8932353ff5c,61,1,0,0,0,0,0.30656934306569344,0.5036496350364964,0.30656934306569344,0.3929421557283145
sigi,2021,a90d91018468835ecaea89c4e3b3fa8303aff896,sigi/apps/inventario/models.py,Python,dec1ffd66e62d101,80,6,3,20,10,30,0.8540145985401459,0.6423357664233577,0.6423357664233577,0.7406511470928947
sigi,2021,a90d91018468835ecaea89c4e3b3fa8303aff896,sigi/apps/metas/__init__.py,Python,2cdc9999138959d9,0,0,0,0,0,0,0.30656934306569344,0.24452554744525548,0.24452554744525548,0.27379561070819053
sigi,2021,a90d91018468835ecaea89c4e3b3fa8303aff896,sigi/apps/metas/admin.py,Python,7101fc2e2b0edb71,42,12,0,0,0,0,0.30656934306569344,0.7737226277372263,0.30656934306569344,0.4870314545288256
sigi,2021,a90d91018468835ecaea89c4e3b3fa8303aff896,sigi/apps/metas/forms.py,Python,d0f73212f4ced106,1,0,0,0,0,0,0.30656934306569344,0.24452554744525548,0.24452554744525548,0.27379561070819053
sigi,2021,a90d91018468835ecaea89c4e3b3fa8303aff896,sigi/apps/metas/management/__init__.py,Python,92e393dca2da3deb,0,0,0,0,0,0,0.30656934306569344,0.24452554744525548,0.24452554744525548,0.27379561070819053
sigi,2021,a90d91018468835ecaea89c4e3b3fa8303aff896,sigi/apps/metas/management/commands/__init__.py,Python,5d92e90f6ac2f160,0,0,0,0,0,0,0.30656934306569344,0.24452554744525548,0.24452554744525548,0.27379561070819053
sigi,2021,a90d91018468835ecaea89c4e3b3fa8303aff896,sigi/apps/metas/models.py,Python,83bf2adf89f46923,114,18,2,18,5,23,0.791970802919708,0.8211678832116789,0.791970802919708,0.8064372187585531
sigi,2021,a90d91018468835ecaea89c4e3b3fa8303aff896,sigi/apps/metas/templatetags/__init__.py,Python,5de977f836383ddd,0,0,0,0,0,0,0.30656934306569344,0.24452554744525548,0.24452554744525548,0.27379561070819053
sigi,2021,a90d91018468835ecaea89c4e3b3fa8303aff896,sigi/apps/metas/templatetags/mapa_tags.py,Python,915a4285d0454702,13,3,2,4,4,8,0.791970802919708,0.551094890510949,0.551094890510949,0.6606444300248847
sigi,2021,a90d91018468835ecaea89c4e3b3fa8303aff896,sigi/apps/metas/urls.py,Python,ff6c355c2b324381,10,0,2,5,6,11,0.791970802919708,0.24452554744525548,0.24452554744525548,0.44006487492709545
sigi,2021,a90d91018468835ecaea89c4e3b3fa8303aff896,sigi/apps/metas/views.py,Python,1701ef1f0e94f90e,206,33,6,215,410,625,0.9124087591240876,0.8832116788321168,0.8832116788321168,0.8976915238137843
sigi,2021,a90d91018468835ecaea89c4e3b3fa8303aff896,sigi/apps/ocorrencias/__init__.py,Python,0e1912fb6922327a,0,0,0,0,0,0,0.30656934306569344,0.24452554744525548,0.24452554744525548,0.27379561070819053
sigi,2021,a90d91018468835ecaea89c4e3b3fa8303aff896,sigi/apps/ocorrencias/admin.py,Python,c8bdab2e2b0ebb9b,102,17,2,14,12,26,0.791970802919708,0.8102189781021898,0.791970802919708,0.8010429293292443
sigi,2021,a90d91018468835ecaea89c4e3b3fa8303aff896,sigi/apps/ocorrencias/filters.py,Python,2139457a6cf06339,24,6,1,4,1,5,0.6788321167883211,0.6423357664233577,0.6423357664233577,0.6603318468845922
sigi,2021,a90d91018468835ecaea89c4e3b3fa8303aff896,sigi/apps/ocorrencias/forms.py,Python,28cb3966871d144b,53,4,0,0,0,0,0.30656934306569344,0.572992700729927,0.30656934306569344,0.4191205027724261
sigi,2021,a90d91018468835ecaea89c4e3b3fa8303aff896,sigi/apps/ocorrencias/models.py,Python,07e679d6422a12ba,132,13,4,58,18,76,0.8795620437956204,0.791970802919708,0.791970802919708,0.8346181510382559
sigi,2021,a90d91018468835ecaea89c4e3b3fa8303aff896,sigi/apps/ocorrencias/urls.py,Python,849a7b7d0372a8fd,15,0,0,0,0,0,0.30656934306569344,0.24452554744525548,0.24452554744525548,0.27379561070819053
sigi,2021,a90d91018468835ecaea89c4e3b3fa8303aff896,sigi/apps/ocorrencias/views.py,Python,b2c4c1c0368dd2fb,195,40,1,39,39,78,0.6788321167883211,0.8978102189781022,0.6788321167883211,0.7806807359113527
sigi,2021,a90d91018468835ecaea89c4e3b3fa8303aff896,sigi/apps/parlamentares/__init__.py,Python,7bb616c8663aff83,0,0,0,0,0,0,0.30656934306569344,0.24452554744525548,0.24452554744525548,0.27379561070819053
sigi,2021,a90d91018468835ecaea89c4e3b3fa8303aff896,sigi/apps/parlamentares/admin.py,Python,63dcd5f2a3cf7c25,148,8,0,0,0,0,0.30656934306569344,0.7007299270072993,0.30656934306569344,0.46348928077043927
sigi,2021,a90d91018468835ecaea89c4e3b3fa8303aff896,sigi/apps/parlamentares/models.py,Python,630900e8ae7983d4,178,11,2,30,15,45,0.791970802919708,0.7518248175182481,0.7518248175182481,0.7716367697206309
sigi,2021,a90d91018468835ecaea89c4e3b3fa8303aff896,sigi/apps/parlamentares/reports.py,Python,3a5148f2dec927bb,487,18,1,2,2,4,0.6788321167883211,0.8211678832116789,0.6788321167883211,0.7466157863313425
sigi,2021,a90d91018468835ecaea89c4e3b3fa8303aff896,sigi/apps/parlamentares/urls.py,Python,43b0c013197d7c11,8,0,0,0,0,0,0.30656934306569344,0.24452554744525548,0.24452554744525548,0.27379561070819053
sigi,2021,a90d91018468835ecaea89c4e3b3fa8303aff896,sigi/apps/parlamentares/views.py,Python,60d5f150cd167735,106,30,1,1,1,2,0.6788321167883211,0.8686131386861314,0.6788321167883211,0.767881823983648
sigi,2021,a90d91018468835ecaea89c4e3b3fa8303aff896,sigi/apps/relatorios/__init__.py,Python,78bc85c335111d94,0,0,0,0,0,0,0.30656934306569344,0.24452554744525548,0.24452554744525548,0.27379561070819053
sigi,2021,a90d91018468835ecaea89c4e3b3fa8303aff896,sigi/apps/relatorios/models.py,Python,57fedd4d710b0aa1,1,0,0,0,0,0,0.30656934306569344,0.24452554744525548,0.24452554744525548,0.27379561070819053
sigi,2021,a90d91018468835ecaea89c4e3b3fa8303aff896,sigi/apps/relatorios/reports.py,Python,11a12bda9603082a,60,0,0,0,0,0,0.30656934306569344,0.24452554744525548,0.24452554744525548,0.27379561070819053
sigi,2021,a90d91018468835ecaea89c4e3b3fa8303aff896,sigi/apps/relatorios/views.py,Python,cfa5ed591fa074b6,0,0,0,0,0,0,0.30656934306569344,0.24452554744525548,0.24452554744525548,0.27379561070819053
sigi,2021,a90d91018468835ecaea89c4e3b3fa8303aff896,sigi/apps/servicos/__init__.py,Python,c8fc5ddb43adb8f2,0,0,0,0,0,0,0.30656934306569344,0.24452554744525548,0.24452554744525548,0.27379561070819053
sigi,2021,a90d91018468835ecaea89c4e3b3fa8303aff896,sigi/apps/servicos/admin.py,Python,4053efda00216adf,286,66,8,155,32,187,0.9416058394160584,0.9598540145985401,0.9416058394160584,0.9506861443888471
sigi,2021,a90d91018468835ecaea89c4e3b3fa8303aff896,sigi/apps/servicos/management/__init__.py,Python,7550e5d40dbbd535,0,0,0,0,0,0,0.30656934306569344,0.24452554744525548,0.24452554744525548,0.27379561070819053
sigi,2021,a90d91018468835ecaea89c4e3b3fa8303aff896,sigi/apps/servicos/management/commands/__init__.py,Python,75791ba09f6c6350,0,0,0,0,0,0,0.30656934306569344,0.24452554744525548,0.24452554744525548,0.27379561070819053
sigi,2021,a90d91018468835ecaea89c4e3b3fa8303aff896,sigi/apps/servicos/management/commands/atualiza_uso_servico.py,Python,8b59a60b3edc7dc8,12,5,0,0,0,0,0.30656934306569344,0.6058394160583942,0.30656934306569344,0.43096611442702226
sigi,2021,a90d91018468835ecaea89c4e3b3fa8303aff896,sigi/apps/servicos/management/commands/importa_servico.py,Python,7e6b9286602476b4,181,28,2,241,38,279,0.791970802919708,0.8613138686131386,0.791970802919708,0.8259149085053661
sigi,2021,a90d91018468835ecaea89c4e3b3fa8303aff896,sigi/apps/servicos/models.py,Python,60bbe3d4752236bc,284,42,5,201,67,268,0.8978102189781022,0.9124087591240876,0.8978102189781022,0.9050800560319157
sigi,2021,a90d91018468835ecaea89c4e3b3fa8303aff896,sigi/apps/servicos/urls.py,Python,2b19b523a1dc68ee,13,0,1,4,0,4,0.6788321167883211,0.24452554744525548,0.24452554744525548,0.40742090641139883
sigi,2021,a90d91018468835ecaea89c4e3b3fa8303aff896,sigi/apps/servicos/views.py,Python,869c1ab319f0c66c,275,68,7,209,18,227,0.927007299270073,0.9708029197080292,0.927007299270073,0.9486524087999997
sigi,2021,a90d91018468835ecaea89c4e3b3fa8303aff896,sigi/apps/servidores/__init__.py,Python,438a0f4c738e8f4c,0,0,0,0,0,0,0.30656934306569344,0.24452554744525548,0.24452554744525548,0.27379561070819053
sigi,2021,a90d91018468835ecaea89c4e3b3fa8303aff896,sigi/apps/servidores/admin.py,Python,d133df57627c25a3,97,19,5,97,89,186,0.8978102189781022,0.8321167883211679,0.8321167883211679,0.864339606831703
sigi,2021,a90d91018468835ecaea89c4e3b3fa8303aff896,sigi/apps/servidores/forms.py,Python,7c0dc16a511f1b52,42,9,0,0,0,0,0.30656934306569344,0.7226277372262774,0.30656934306569344,0.4706755896395185
sigi,2021,a90d91018468835ecaea89c4e3b3fa8303aff896,sigi/apps/servidores/management/__init__.py,Python,57a61bced5c9e26a,0,0,0,0,0,0,0.30656934306569344,0.24452554744525548,0.24452554744525548,0.27379561070819053
sigi,2021,a90d91018468835ecaea89c4e3b3fa8303aff896,sigi/apps/servidores/management/commands/__init__.py,Python,5a860a10457f6d49,0,0,0,0,0,0,0.30656934306569344,0.24452554744525548,0.24452554744525548,0.27379561070819053
sigi,2021,a90d91018468835ecaea89c4e3b3fa8303aff896,sigi/apps/servidores/management/commands/mescla_servidor.py,Python,a59edcbe3128220c,50,4,1,68,0,68,0.6788321167883211,0.572992700729927,0.572992700729927,0.6236712659252095
sigi,2021,a90d91018468835ecaea89c4e3b3fa8303aff896,sigi/apps/servidores/management/commands/migra.py,Python,f0f2ed33d1c68f95,184,49,0,0,0,0,0.30656934306569344,0.9197080291970803,0.30656934306569344,0.5309936782327945
sigi,2021,a90d91018468835ecaea89c4e3b3fa8303aff896,sigi/apps/servidores/management/commands/sync_ldap.py,Python,1da1d2ac3feaed66,161,32,2,93,23,116,0.791970802919708,0.8759124087591241,0.791970802919708,0.8328847781369876
sigi,2021,a90d91018468835ecaea89c4e3b3fa8303aff896,sigi/apps/servidores/models.py,Python,a5de56c766db1ec8,80,7,7,71,204,275,0.927007299270073,0.6751824817518248,0.6751824817518248,0.7911378444514107
sigi,2021,a90d91018468835ecaea89c4e3b3fa8303aff896,sigi/apps/servidores/views.py,Python,44714062d8f6b885,0,0,1,0,34,34,0.6788321167883211,0.24452554744525548,0.24452554744525548,0.40742090641139883
sigi,2021,a90d91018468835ecaea89c4e3b3fa8303aff896,sigi/apps/utils/__init__.py,Python,9b13fe7454f1f580,31,9,0,0,0,0,0.30656934306569344,0.7226277372262774,0.30656934306569344,0.4706755896395185
sigi,2021,a90d91018468835ecaea89c4e3b3fa8303aff896,sigi/apps/utils/admin_widgets.py,Python,0282fdb788f7c3dd,13,3,0,0,0,0,0.30656934306569344,0.551094890510949,0.30656934306569344,0.4110338167971121
sigi,2021,a90d91018468835ecaea89c4e3b3fa8303aff896,sigi/apps/utils/base_admin.py,Python,2e6ad19ead50dd4e,22,6,0,0,0,0,0.30656934306569344,0.6423357664233577,0.30656934306569344,0.443757201564107
sigi,2021,a90d91018468835ecaea89c4e3b3fa8303aff896,sigi/apps/utils/decorators.py,Python,72f14aa02eb79878,36,12,0,0,0,0,0.30656934306569344,0.7737226277372263,0.30656934306569344,0.4870314545288256
sigi,2021,a90d91018468835ecaea89c4e3b3fa8303aff896,sigi/apps/utils/email.py,Python,8a0370758a40217e,17,5,0,0,0,0,0.30656934306569344,0.6058394160583942,0.30656934306569344,0.43096611442702226
sigi,2021,a90d91018468835ecaea89c4e3b3fa8303aff896,sigi/apps/utils/filters.py,Python,c58dee53678b1d52,10,4,0,0,0,0,0.30656934306569344,0.572992700729927,0.30656934306569344,0.4191205027724261
sigi,2021,a90d91018468835ecaea89c4e3b3fa8303aff896,sigi/apps/whois/__init__.py,Python,439272f78178964d,0,0,0,0,0,0,0.30656934306569344,0.24452554744525548,0.24452554744525548,0.27379561070819053
sigi,2021,a90d91018468835ecaea89c4e3b3fa8303aff896,sigi/apps/whois/admin.py,Python,e6e699d98f65d62c,1,0,0,0,0,0,0.30656934306569344,0.24452554744525548,0.24452554744525548,0.27379561070819053
sigi,2021,a90d91018468835ecaea89c4e3b3fa8303aff896,sigi/apps/whois/models.py,Python,5d7c87f6a0ecb159,1,0,0,0,0,0,0.30656934306569344,0.24452554744525548,0.24452554744525548,0.27379561070819053
sigi,2021,a90d91018468835ecaea89c4e3b3fa8303aff896,sigi/apps/whois/urls.py,Python,933b6cf474bf5754,7,0,0,0,0,0,0.30656934306569344,0.24452554744525548,0.24452554744525548,0.27379561070819053
sigi,2021,a90d91018468835ecaea89c4e3b3fa8303aff896,sigi/apps/whois/views.py,Python,04a930cf1236da05,54,10,0,0,0,0,0.30656934306569344,0.7372262773722628,0.30656934306569344,0.4754061164360228
sigi,2021,a90d91018468835ecaea89c4e3b3fa8303aff896,sigi/settings/__init__.py,Python,f7df8390182d11ae,13,0,0,0,0,0,0.30656934306569344,0.24452554744525548,0.24452554744525548,0.27379561070819053
sigi,2021,a90d91018468835ecaea89c4e3b3fa8303aff896,sigi/settings/base.py,Python,3f31b4cbfb6621d2,141,0,3,10,9,19,0.8540145985401459,0.24452554744525548,0.24452554744525548,0.45697744718341327
sigi,2021,a90d91018468835ecaea89c4e3b3fa8303aff896,sigi/settings/dev.py,Python,7317c47fc4754a79,24,0,1,1,12,13,0.6788321167883211,0.24452554744525548,0.24452554744525548,0.40742090641139883
sigi,2021,a90d91018468835ecaea89c4e3b3fa8303aff896,sigi/shortcuts.py,Python,6342ebb826410b9f,32,5,2,20,14,34,0.791970802919708,0.6058394160583942,0.6058394160583942,0.692681116226055
sigi,2021,a90d91018468835ecaea89c4e3b3fa8303aff896,sigi/urls.py,Python,ccf09753e7213f9b,31,0,3,1,6,7,0.8540145985401459,0.24452554744525548,0.24452554744525548,0.45697744718341327
sigi,2021,a90d91018468835ecaea89c4e3b3fa8303aff896,sigi/wsgi.py,Python,947a6d2d9cc9d758,4,0,0,0,0,0,0.30656934306569344,0.24452554744525548,0.24452554744525548,0.27379561070819053
sigi,2022,f235ca95b03e84fe79b544241826bd8c49a80030,etc/migracao/migra.py,Python,f3cf235d8440c123,336,55,0,0,0,0,0.1323529411764706,0.9754901960784313,0.1323529411764706,0.3593174036138416
sigi,2022,f235ca95b03e84fe79b544241826bd8c49a80030,manage.py,Python,59d9ace2172d7f29,15,2,1,16,4,20,0.4215686274509804,0.6078431372549019,0.4215686274509804,0.506209044840219
sigi,2022,f235ca95b03e84fe79b544241826bd8c49a80030,scripts/__init__.py,Python,f56e49dd536a4c18,0,0,0,0,0,0,0.1323529411764706,0.27450980392156865,0.1323529411764706,0.19061002054140766
sigi,2022,f235ca95b03e84fe79b544241826bd8c49a80030,scripts/casas_com_PM_e_SAPL.py,Python,e61d8ea0f239c0a5,24,2,0,0,0,0,0.1323529411764706,0.6078431372549019,0.1323529411764706,0.2836367870880281
sigi,2022,f235ca95b03e84fe79b544241826bd8c49a80030,scripts/casas_que_usam_LEGBR_ou_PM.py,Python,8b5b9d2184f078b4,36,7,0,0,0,0,0.1323529411764706,0.7279411764705882,0.1323529411764706,0.3103951605765505
sigi,2022,f235ca95b03e84fe79b544241826bd8c49a80030,scripts/contatos_de_casas_que_usam_portalmodelo.py,Python,a74843c186ab8dc7,53,7,0,0,0,0,0.1323529411764706,0.7279411764705882,0.1323529411764706,0.3103951605765505
sigi,2022,f235ca95b03e84fe79b544241826bd8c49a80030,scripts/csv_writer.py,Python,5dd6218c876bb3dc,21,7,0,0,0,0,0.1323529411764706,0.7279411764705882,0.1323529411764706,0.3103951605765505
sigi,2022,f235ca95b03e84fe79b544241826bd8c49a80030,scripts/importa_pesquisa.py,Python,ae9a0ee89dd8ca90,76,13,0,0,0,0,0.1323529411764706,0.7990196078431373,0.1323529411764706,0.325196240992588
sigi,2022,f235ca95b03e84fe79b544241826bd8c49a80030,scripts/servicos_seit_ate_2013_2014.py,Python,28918bf2e5ad16d7,15,1,0,0,0,0,0.1323529411764706,0.5661764705882353,0.1323529411764706,0.2737428010145042
sigi,2022,f235ca95b03e84fe79b544241826bd8c49a80030,scripts/urls de portais modelo por estado municipio.py,Python,40e79634ea37a42a,6,0,0,0,0,0,0.1323529411764706,0.27450980392156865,0.1323529411764706,0.19061002054140766
sigi,2022,f235ca95b03e84fe79b544241826bd8c49a80030,scripts/user_from_session.py,Python,77a4ef2d4b29ac2e,8,1,0,0,0,0,0.1323529411764706,0.5661764705882353,0.1323529411764706,0.2737428010145042
sigi,2022,f235ca95b03e84fe79b544241826bd8c49a80030,scripts/verificacao_arquivos_faltando_media.py,Python,15789ce2df9589d6,52,5,0,0,0,0,0.1323529411764706,0.6740196078431373,0.1323529411764706,0.2986778825233809
sigi,2022,f235ca95b03e84fe79b544241826bd8c49a80030,setup.py,Python,307d946fc1cb54f5,2,0,1,1,1,2,0.4215686274509804,0.27450980392156865,0.27450980392156865,0.34018336417446027
sigi,2022,f235ca95b03e84fe79b544241826bd8c49a80030,sigi/__init__.py,Python,1a3e5af2e57e6675,0,0,0,0,0,0,0.1323529411764706,0.27450980392156865,0.1323529411764706,0.19061002054140766
sigi,2022,f235ca95b03e84fe79b544241826bd8c49a80030,sigi/apps/__init__.py,Python,8a73921b744382c2,0,0,0,0,0,0,0.1323529411764706,0.27450980392156865,0.1323529411764706,0.19061002054140766
sigi,2022,f235ca95b03e84fe79b544241826bd8c49a80030,sigi/apps/casas/__init__.py,Python,7b930d5254e224ee,0,0,0,0,0,0,0.1323529411764706,0.27450980392156865,0.1323529411764706,0.19061002054140766
sigi,2022,f235ca95b03e84fe79b544241826bd8c49a80030,sigi/apps/casas/admin.py,Python,1cf477cc6f7c09f9,471,43,20,1217,1207,2424,0.9901960784313726,0.9313725490196079,0.9313725490196079,0.9603340281370056
sigi,2022,f235ca95b03e84fe79b544241826bd8c49a80030,sigi/apps/casas/admin_urls.py,Python,c7c3631e09500518,5,0,1,6,0,6,0.4215686274509804,0.27450980392156865,0.27450980392156865,0.34018336417446027
sigi,2022,f235ca95b03e84fe79b544241826bd8c49a80030,sigi/apps/casas/apps.py,Python,f86e5cc407c9a165,5,0,2,9,2,11,0.6421568627450981,0.27450980392156865,0.27450980392156865,0.4198551589287031
sigi,2022,f235ca95b03e84fe79b544241826bd8c49a80030,sigi/apps/casas/filters.py,Python,2df2511295ec2bc3,74,20,5,209,119,328,0.8382352941176471,0.8553921568627451,0.8382352941176471,0.8467702735652519
sigi,2022,f235ca95b03e84fe79b544241826bd8c49a80030,sigi/apps/casas/forms.py,Python,fca3e46e968ae90c,53,1,5,48,38,86,0.8382352941176471,0.5661764705882353,0.5661764705882353,0.6889042751689242
sigi,2022,f235ca95b03e84fe79b544241826bd8c49a80030,sigi/apps/casas/jobs/__init__.py,Python,aa50adb1a44b0d29,0,0,1,0,0,0,0.4215686274509804,0.27450980392156865,0.27450980392156865,0.34018336417446027
sigi,2022,f235ca95b03e84fe79b544241826bd8c49a80030,sigi/apps/casas/jobs/daily/__init__.py,Python,6fbd584465403b63,0,0,1,0,0,0,0.4215686274509804,0.27450980392156865,0.27450980392156865,0.34018336417446027
sigi,2022,f235ca95b03e84fe79b544241826bd8c49a80030,sigi/apps/casas/jobs/daily/usuario_contato.py,Python,3af0f1d58faad608,33,2,1,41,0,41,0.4215686274509804,0.6078431372549019,0.4215686274509804,0.506209044840219
sigi,2022,f235ca95b03e84fe79b544241826bd8c49a80030,sigi/apps/casas/jobs/hourly/__init__.py,Python,b9c3c5eef75c45d4,0,0,1,0,0,0,0.4215686274509804,0.27450980392156865,0.27450980392156865,0.34018336417446027
sigi,2022,f235ca95b03e84fe79b544241826bd8c49a80030,sigi/apps/casas/jobs/monthly/__init__.py,Python,111a623a176a1da1,0,0,1,0,0,0,0.4215686274509804,0.27450980392156865,0.27450980392156865,0.34018336417446027
sigi,2022,f235ca95b03e84fe79b544241826bd8c49a80030,sigi/apps/casas/jobs/weekly/__init__.py,Python,92634744888ad357,0,0,1,0,0,0,0.4215686274509804,0.27450980392156865,0.27450980392156865,0.34018336417446027
sigi,2022,f235ca95b03e84fe79b544241826bd8c49a80030,sigi/apps/casas/jobs/yearly/__init__.py,Python,0a3e4c707eaf499e,0,0,1,0,0,0,0.4215686274509804,0.27450980392156865,0.27450980392156865,0.34018336417446027
sigi,2022,f235ca95b03e84fe79b544241826bd8c49a80030,sigi/apps/casas/management/__init__.py,Python,4328c1adc2c6f55d,0,0,0,0,0,0,0.1323529411764706,0.27450980392156865,0.1323529411764706,0.19061002054140766
sigi,2022,f235ca95b03e84fe79b544241826bd8c49a80030,sigi/apps/casas/management/commands/__init__.py,Python,08aedd3ccf04b506,0,0,0,0,0,0,0.1323529411764706,0.27450980392156865,0.1323529411764706,0.19061002054140766
sigi,2022,f235ca95b03e84fe79b544241826bd8c49a80030,sigi/apps/casas/management/commands/importa_gerentes.py,Python,603a39f4d9fc9708,71,8,2,42,31,73,0.6421568627450981,0.7450980392156863,0.6421568627450981,0.6917151287201033
sigi,2022,f235ca95b03e84fe79b544241826bd8c49a80030,sigi/apps/casas/models.py,Python,c8b1914885fb82b1,283,30,15,329,492,821,0.9730392156862745,0.8995098039215687,0.8995098039215687,0.9355524112041814
sigi,2022,f235ca95b03e84fe79b544241826bd8c49a80030,sigi/apps/casas/scripts/importa_panorama.py,Python,0b835e0a6c29fbe8,76,25,1,83,0,83,0.4215686274509804,0.8774509803921569,0.4215686274509804,0.6081988206659387
sigi,2022,f235ca95b03e84fe79b544241826bd8c49a80030,sigi/apps/casas/urls.py,Python,1a1eb5445fcb6e82,26,0,4,42,71,113,0.7965686274509803,0.27450980392156865,0.27450980392156865,0.467617255596542
sigi,2022,f235ca95b03e84fe79b544241826bd8c49a80030,sigi/apps/casas/views.py,Python,e8c4484217913e4f,390,62,9,1783,2442,4225,0.9264705882352942,0.9852941176470589,0.9264705882352942,0.9554297571047522
sigi,2022,f235ca95b03e84fe79b544241826bd8c49a80030,sigi/apps/contatos/__init__.py,Python,430d06fc3d58547f,0,0,0,0,0,0,0.1323529411764706,0.27450980392156865,0.1323529411764706,0.19061002054140766
sigi,2022,f235ca95b03e84fe79b544241826bd8c49a80030,sigi/apps/contatos/admin.py,Python,42cf26fda5b5f8f9,126,0,6,144,71,215,0.8700980392156863,0.27450980392156865,0.27450980392156865,0.4887232776711576
sigi,2022,f235ca95b03e84fe79b544241826bd8c49a80030,sigi/apps/contatos/apps.py,Python,4a5e1be40abcec20,5,0,2,9,2,11,0.6421568627450981,0.27450980392156865,0.27450980392156865,0.4198551589287031
sigi,2022,f235ca95b03e84fe79b544241826bd8c49a80030,sigi/apps/contatos/jobs/__init__.py,Python,607fc607e4b55eed,0,0,1,0,0,0,0.4215686274509804,0.27450980392156865,0.27450980392156865,0.34018336417446027
sigi,2022,f235ca95b03e84fe79b544241826bd8c49a80030,sigi/apps/contatos/jobs/daily/__init__.py,Python,67e748cc553cfc3e,0,0,1,0,0,0,0.4215686274509804,0.27450980392156865,0.27450980392156865,0.34018336417446027
sigi,2022,f235ca95b03e84fe79b544241826bd8c49a80030,sigi/apps/contatos/jobs/hourly/__init__.py,Python,e6219323385f4e66,0,0,1,0,0,0,0.4215686274509804,0.27450980392156865,0.27450980392156865,0.34018336417446027
sigi,2022,f235ca95b03e84fe79b544241826bd8c49a80030,sigi/apps/contatos/jobs/monthly/__init__.py,Python,305de8c56b98c575,0,0,1,0,0,0,0.4215686274509804,0.27450980392156865,0.27450980392156865,0.34018336417446027
sigi,2022,f235ca95b03e84fe79b544241826bd8c49a80030,sigi/apps/contatos/jobs/monthly/atualiza_ibge.py,Python,3806bc676f8907c4,165,19,2,228,48,276,0.6421568627450981,0.8455882352941176,0.6421568627450981,0.7368855327326181
sigi,2022,f235ca95b03e84fe79b544241826bd8c49a80030,sigi/apps/contatos/jobs/weekly/__init__.py,Python,2b31fb7ce8783fe3,0,0,1,0,0,0,0.4215686274509804,0.27450980392156865,0.27450980392156865,0.34018336417446027
sigi,2022,f235ca95b03e84fe79b544241826bd8c49a80030,sigi/apps/contatos/jobs/yearly/__init__.py,Python,c335023e075c43d8,0,0,1,0,0,0,0.4215686274509804,0.27450980392156865,0.27450980392156865,0.34018336417446027
sigi,2022,f235ca95b03e84fe79b544241826bd8c49a80030,sigi/apps/contatos/management/__init__.py,Python,4bca5a699d443368,0,0,0,0,0,0,0.1323529411764706,0.27450980392156865,0.1323529411764706,0.19061002054140766
sigi,2022,f235ca95b03e84fe79b544241826bd8c49a80030,sigi/apps/contatos/management/commands/__init__.py,Python,2e4c2445f3feb677,0,0,0,0,0,0,0.1323529411764706,0.27450980392156865,0.1323529411764706,0.19061002054140766
sigi,2022,f235ca95b03e84fe79b544241826bd8c49a80030,sigi/apps/contatos/management/commands/importa_mesomicro.py,Python,b8476bdbd6894af6,108,9,2,91,44,135,0.6421568627450981,0.7524509803921569,0.6421568627450981,0.6951198176847649
sigi,2022,f235ca95b03e84fe79b544241826bd8c49a80030,sigi/apps/contatos/models.py,Python,49b0faee9f48afb6,297,7,6,336,338,674,0.8700980392156863,0.7279411764705882,0.7279411764705882,0.795851864552329
sigi,2022,f235ca95b03e84fe79b544241826bd8c49a80030,sigi/apps/convenios/__init__.py,Python,86f7f55f254a167d,0,0,0,0,0,0,0.1323529411764706,0.27450980392156865,0.1323529411764706,0.19061002054140766
sigi,2022,f235ca95b03e84fe79b544241826bd8c49a80030,sigi/apps/convenios/admin.py,Python,2ce2ec12d13318e6,279,18,17,425,313,738,0.9828431372549019,0.8333333333333334,0.8333333333333334,0.9050060484396877
sigi,2022,f235ca95b03e84fe79b544241826bd8c49a80030,sigi/apps/convenios/apps.py,Python,eb01423883428586,5,0,2,9,2,11,0.6421568627450981,0.27450980392156865,0.27450980392156865,0.4198551589287031
sigi,2022,f235ca95b03e84fe79b544241826bd8c49a80030,sigi/apps/convenios/jobs/__init__.py,Python,b20f9318cffd68ff,0,0,1,0,0,0,0.4215686274509804,0.27450980392156865,0.27450980392156865,0.34018336417446027
sigi,2022,f235ca95b03e84fe79b544241826bd8c49a80030,sigi/apps/convenios/jobs/daily/__init__.py,Python,7edad751cf628cbf,0,0,1,0,0,0,0.4215686274509804,0.27450980392156865,0.27450980392156865,0.34018336417446027
sigi,2022,f235ca95b03e84fe79b544241826bd8c49a80030,sigi/apps/convenios/jobs/daily/importa_gescon.py,Python,0ede4dfc0fd26e69,32,2,2,37,1,38,0.6421568627450981,0.6078431372549019,0.6078431372549019,0.6247644692688165
sigi,2022,f235ca95b03e84fe79b544241826bd8c49a80030,sigi/apps/convenios/jobs/hourly/__init__.py,Python,fa50f2b896c15ac0,0,0,1,0,0,0,0.4215686274509804,0.27450980392156865,0.27450980392156865,0.34018336417446027
sigi,2022,f235ca95b03e84fe79b544241826bd8c49a80030,sigi/apps/convenios/jobs/monthly/__init__.py,Python,9bace3f967d8a754,0,0,1,0,0,0,0.4215686274509804,0.27450980392156865,0.27450980392156865,0.34018336417446027
sigi,2022,f235ca95b03e84fe79b544241826bd8c49a80030,sigi/apps/convenios/jobs/weekly/__init__.py,Python,c7668cc04617f128,0,0,1,0,0,0,0.4215686274509804,0.27450980392156865,0.27450980392156865,0.34018336417446027
sigi,2022,f235ca95b03e84fe79b544241826bd8c49a80030,sigi/apps/convenios/jobs/yearly/__init__.py,Python,508f736dc9c725f7,0,0,1,0,0,0,0.4215686274509804,0.27450980392156865,0.27450980392156865,0.34018336417446027
sigi,2022,f235ca95b03e84fe79b544241826bd8c49a80030,sigi/apps/convenios/management/__init__.py,Python,67ec9e16f2a99eac,0,0,0,0,0,0,0.1323529411764706,0.27450980392156865,0.1323529411764706,0.19061002054140766
sigi,2022,f235ca95b03e84fe79b544241826bd8c49a80030,sigi/apps/convenios/management/commands/__init__.py,Python,c13baf31fe917fe2,0,0,0,0,0,0,0.1323529411764706,0.27450980392156865,0.1323529411764706,0.19061002054140766
sigi,2022,f235ca95b03e84fe79b544241826bd8c49a80030,sigi/apps/convenios/models.py,Python,c85b8fe8f692c4d7,823,104,15,731,609,1340,0.9730392156862745,0.9901960784313726,0.9730392156862745,0.9815801625605968
sigi,2022,f235ca95b03e84fe79b544241826bd8c49a80030,sigi/apps/convenios/urls.py,Python,490e8d4ff65d8abb,10,0,5,21,25,46,0.8382352941176471,0.27450980392156865,0.27450980392156865,0.4796913655970615
sigi,2022,f235ca95b03e84fe79b544241826bd8c49a80030,sigi/apps/convenios/views.py,Python,c1ce5805984baa30,124,12,8,216,196,412,0.9068627450980392,0.7867647058823529,0.7867647058823529,0.8446819525257551
sigi,2022,f235ca95b03e84fe79b544241826bd8c49a80030,sigi/apps/diagnosticos/__init__.py,Python,b83e1f02aadfa305,0,0,0,0,0,0,0.1323529411764706,0.27450980392156865,0.1323529411764706,0.19061002054140766
sigi,2022,f235ca95b03e84fe79b544241826bd8c49a80030,sigi/apps/diagnosticos/admin.py,Python,cd49ef0e889b87a9,179,16,3,141,67,208,0.7401960784313726,0.8235294117647058,0.7401960784313726,0.7807517153750803
sigi,2022,f235ca95b03e84fe79b544241826bd8c49a80030,sigi/apps/diagnosticos/decorators.py,Python,8a451c3b617266fa,16,4,1,7,4,11,0.4215686274509804,0.6470588235294118,0.4215686274509804,0.5222831608575373
sigi,2022,f235ca95b03e84fe79b544241826bd8c49a80030,sigi/apps/diagnosticos/forms.py,Python,c5d4c6bc5af85992,181,25,3,112,54,166,0.7401960784313726,0.8774509803921569,0.7401960784313726,0.8059068027396454
sigi,2022,f235ca95b03e84fe79b544241826bd8c49a80030,sigi/apps/diagnosticos/management/__init__.py,Python,2e81385cadccb290,0,0,0,0,0,0,0.1323529411764706,0.27450980392156865,0.1323529411764706,0.19061002054140766
sigi,2022,f235ca95b03e84fe79b544241826bd8c49a80030,sigi/apps/diagnosticos/management/commands/__init__.py,Python,a7ff0ee5505b47c4,0,0,0,0,0,0,0.1323529411764706,0.27450980392156865,0.1323529411764706,0.19061002054140766
sigi,2022,f235ca95b03e84fe79b544241826bd8c49a80030,sigi/apps/diagnosticos/management/commands/ls_export.py,Python,fc5eb1d5703320c5,727,41,2,709,219,928,0.6421568627450981,0.9264705882352942,0.6421568627450981,0.7713231789378445
sigi,2022,f235ca95b03e84fe79b544241826bd8c49a80030,sigi/apps/diagnosticos/models.py,Python,e980b52d58bce66c,193,23,3,118,101,219,0.7401960784313726,0.8676470588235294,0.7401960784313726,0.8013918831655902
sigi,2022,f235ca95b03e84fe79b544241826bd8c49a80030,sigi/apps/diagnosticos/templatetags/__init__.py,Python,9789c79108f08574,0,0,0,0,0,0,0.1323529411764706,0.27450980392156865,0.1323529411764706,0.19061002054140766
sigi,2022,f235ca95b03e84fe79b544241826bd8c49a80030,sigi/apps/diagnosticos/templatetags/smart_if.py,Python,11f9a0ea0345871f,170,58,1,37,39,76,0.4215686274509804,0.9803921568627451,0.4215686274509804,0.6428861298335294
sigi,2022,f235ca95b03e84fe79b544241826bd8c49a80030,sigi/apps/diagnosticos/urls.py,Python,079aea8483c1136d,59,0,1,53,32,85,0.4215686274509804,0.27450980392156865,0.27450980392156865,0.34018336417446027
sigi,2022,f235ca95b03e84fe79b544241826bd8c49a80030,sigi/apps/diagnosticos/views.py,Python,9e0b8dfa3274f0f3,333,51,3,212,133,345,0.7401960784313726,0.9558823529411765,0.7401960784313726,0.8411541886531934
sigi,2022,f235ca95b03e84fe79b544241826bd8c49a80030,sigi/apps/diagnosticos/widgets.py,Python,da9cd9de76b82461,59,11,2,33,20,53,0.6421568627450981,0.7696078431372549,0.6421568627450981,0.7029999701941966
sigi,2022,f235ca95b03e84fe79b544241826bd8c49a80030,sigi/apps/eventos/__init__.py,Python,05dd4f1574de7d3b,0,0,0,0,0,0,0.1323529411764706,0.27450980392156865,0.1323529411764706,0.19061002054140766
sigi,2022,f235ca95b03e84fe79b544241826bd8c49a80030,sigi/apps/eventos/admin.py,Python,ce44b53bba4681d0,290,30,12,371,140,511,0.9534313725490197,0.8995098039215687,0.8995098039215687,0.9260782186048006
sigi,2022,f235ca95b03e84fe79b544241826bd8c49a80030,sigi/apps/eventos/admin_urls.py,Python,ae7872ae12ab6e08,13,0,1,14,0,14,0.4215686274509804,0.27450980392156865,0.27450980392156865,0.34018336417446027
sigi,2022,f235ca95b03e84fe79b544241826bd8c49a80030,sigi/apps/eventos/apps.py,Python,5cec9865a56a4604,5,0,2,9,2,11,0.6421568627450981,0.27450980392156865,0.27450980392156865,0.4198551589287031
sigi,2022,f235ca95b03e84fe79b544241826bd8c49a80030,sigi/apps/eventos/forms.py,Python,c3a21909f45ef8bb,105,4,10,106,19,125,0.9362745098039216,0.6470588235294118,0.6470588235294118,0.7783474049640702
sigi,2022,f235ca95b03e84fe79b544241826bd8c49a80030,sigi/apps/eventos/models.py,Python,419970de88378335,494,39,14,556,312,868,0.9656862745098039,0.9215686274509803,0.9215686274509803,0.9433695853419543
sigi,2022,f235ca95b03e84fe79b544241826bd8c49a80030,sigi/apps/eventos/urls.py,Python,a3b5aff9ba1ce54e,3,0,7,47,65,112,0.8872549019607843,0.27450980392156865,0.27450980392156865,0.49351815484914585
sigi,2022,f235ca95b03e84fe79b544241826bd8c49a80030,sigi/apps/eventos/views.py,Python,8fbbf6d3f95d7b81,339,49,17,1223,1079,2302,0.9828431372549019,0.946078431372549,0.946078431372549,0.9642855871469782
sigi,2022,f235ca95b03e84fe79b544241826bd8c49a80030,sigi/apps/financeiro/__init__.py,Python,251f1934651acd85,0,0,0,0,0,0,0.1323529411764706,0.27450980392156865,0.1323529411764706,0.19061002054140766
sigi,2022,f235ca95b03e84fe79b544241826bd8c49a80030,sigi/apps/financeiro/admin.py,Python,6becb74c534ace66,21,0,1,17,4,21,0.4215686274509804,0.27450980392156865,0.27450980392156865,0.34018336417446027
sigi,2022,f235ca95b03e84fe79b544241826bd8c49a80030,sigi/apps/financeiro/forms.py,Python,c0152d30ad6b391a,1,0,0,0,0,0,0.1323529411764706,0.27450980392156865,0.1323529411764706,0.19061002054140766
sigi,2022,f235ca95b03e84fe79b544241826bd8c49a80030,sigi/apps/financeiro/models.py,Python,fb029c4528e1c79f,20,1,3,20,18,38,0.7401960784313726,0.5661764705882353,0.5661764705882353,0.6473651235813735
sigi,2022,f235ca95b03e84fe79b544241826bd8c49a80030,sigi/apps/financeiro/urls.py,Python,ba19cff85959562c,1,0,0,0,0,0,0.1323529411764706,0.27450980392156865,0.1323529411764706,0.19061002054140766
sigi,2022,f235ca95b03e84fe79b544241826bd8c49a80030,sigi/apps/financeiro/views.py,Python,58a0338ae5ea2df9,0,0,0,0,0,0,0.1323529411764706,0.27450980392156865,0.1323529411764706,0.19061002054140766
sigi,2022,f235ca95b03e84fe79b544241826bd8c49a80030,sigi/apps/home/__init__.py,Python,61af000091c41a48,0,0,0,0,0,0,0.1323529411764706,0.27450980392156865,0.1323529411764706,0.19061002054140766
sigi,2022,f235ca95b03e84fe79b544241826bd8c49a80030,sigi/apps/home/accounts_urls.py,Python,2367713b07682c92,36,0,1,37,0,37,0.4215686274509804,0.27450980392156865,0.27450980392156865,0.34018336417446027
sigi,2022,f235ca95b03e84fe79b544241826bd8c49a80030,sigi/apps/home/admin.py,Python,90556ae2e87886f6,23,5,1,29,0,29,0.4215686274509804,0.6740196078431373,0.4215686274509804,0.533053018895381
sigi,2022,f235ca95b03e84fe79b544241826bd8c49a80030,sigi/apps/home/apps.py,Python,127b6e3e9d0d95e1,6,0,1,8,0,8,0.4215686274509804,0.27450980392156865,0.27450980392156865,0.34018336417446027
sigi,2022,f235ca95b03e84fe79b544241826bd8c49a80030,sigi/apps/home/context_processors.py,Python,c33b2cb3f47f2744,53,11,1,57,0,57,0.4215686274509804,0.7696078431372549,0.4215686274509804,0.5695985622408838
sigi,2022,f235ca95b03e84fe79b544241826bd8c49a80030,sigi/apps/home/forms.py,Python,d89e6c894bfce0d9,6,0,1,6,0,6,0.4215686274509804,0.27450980392156865,0.27450980392156865,0.34018336417446027
sigi,2022,f235ca95b03e84fe79b544241826bd8c49a80030,sigi/apps/home/mixins.py,Python,3636681ff00fd0d4,30,9,1,35,0,35,0.4215686274509804,0.7524509803921569,0.4215686274509804,0.563213748969311
sigi,2022,f235ca95b03e84fe79b544241826bd8c49a80030,sigi/apps/home/models.py,Python,c2913a909d69ddad,61,2,1,69,0,69,0.4215686274509804,0.6078431372549019,0.4215686274509804,0.506209044840219
sigi,2022,f235ca95b03e84fe79b544241826bd8c49a80030,sigi/apps/home/templatetags/__init__.py,Python,34e491688dfd52d0,0,0,0,0,0,0,0.1323529411764706,0.27450980392156865,0.1323529411764706,0.19061002054140766
sigi,2022,f235ca95b03e84fe79b544241826bd8c49a80030,sigi/apps/home/templatetags/menus.py,Python,bdaad47a7736c2d8,9,1,3,12,20,32,0.7401960784313726,0.5661764705882353,0.5661764705882353,0.6473651235813735
sigi,2022,f235ca95b03e84fe79b544241826bd8c49a80030,sigi/apps/home/templatetags/smart_pagination.py,Python,f9419bc7b13faeae,33,6,2,26,38,64,0.6421568627450981,0.7034313725490197,0.6421568627450981,0.6720961860868999
sigi,2022,f235ca95b03e84fe79b544241826bd8c49a80030,sigi/apps/home/urls.py,Python,c3a073ae3ac4b2c0,83,0,8,118,44,162,0.9068627450980392,0.27450980392156865,0.27450980392156865,0.4989415941176264
sigi,2022,f235ca95b03e84fe79b544241826bd8c49a80030,sigi/apps/home/views.py,Python,1fc983b8df7bd048,1178,143,21,1738,732,2470,0.9950980392156863,0.9950980392156863,0.9950980392156863,0.9950980392156863
sigi,2022,f235ca95b03e84fe79b544241826bd8c49a80030,sigi/apps/inventario/__init__.py,Python,52e9395def22b85a,0,0,0,0,0,0,0.1323529411764706,0.27450980392156865,0.1323529411764706,0.19061002054140766
sigi,2022,f235ca95b03e84fe79b544241826bd8c49a80030,sigi/apps/inventario/admin.py,Python,38fea8932353ff5c,74,1,2,71,59,130,0.6421568627450981,0.5661764705882353,0.5661764705882353,0.6029710657345289
sigi,2022,f235ca95b03e84fe79b544241826bd8c49a80030,sigi/apps/inventario/apps.py,Python,81f7488365f2b038,5,0,2,9,2,11,0.6421568627450981,0.27450980392156865,0.27450980392156865,0.4198551589287031
sigi,2022,f235ca95b03e84fe79b544241826bd8c49a80030,sigi/apps/inventario/models.py,Python,dec1ffd66e62d101,72,6,5,56,65,121,0.8382352941176471,0.7034313725490197,0.7034313725490197,0.7678808523854516
sigi,2022,f235ca95b03e84fe79b544241826bd8c49a80030,sigi/apps/metas/__init__.py,Python,2cdc9999138959d9,0,0,0,0,0,0,0.1323529411764706,0.27450980392156865,0.1323529411764706,0.19061002054140766
sigi,2022,f235ca95b03e84fe79b544241826bd8c49a80030,sigi/apps/metas/admin.py,Python,7101fc2e2b0edb71,87,12,3,77,29,106,0.7401960784313726,0.7867647058823529,0.7401960784313726,0.7631252518049247
sigi,2022,f235ca95b03e84fe79b544241826bd8c49a80030,sigi/apps/metas/forms.py,Python,d0f73212f4ced106,1,0,0,0,0,0,0.1323529411764706,0.27450980392156865,0.1323529411764706,0.19061002054140766
sigi,2022,f235ca95b03e84fe79b544241826bd8c49a80030,sigi/apps/metas/management/__init__.py,Python,92e393dca2da3deb,0,0,0,0,0,0,0.1323529411764706,0.27450980392156865,0.1323529411764706,0.19061002054140766
sigi,2022,f235ca95b03e84fe79b544241826bd8c49a80030,sigi/apps/metas/management/commands/__init__.py,Python,5d92e90f6ac2f160,0,0,0,0,0,0,0.1323529411764706,0.27450980392156865,0.1323529411764706,0.19061002054140766
sigi,2022,f235ca95b03e84fe79b544241826bd8c49a80030,sigi/apps/metas/models.py,Python,83bf2adf89f46923,169,18,3,128,73,201,0.7401960784313726,0.8333333333333334,0.7401960784313726,0.7853852973919725
sigi,2022,f235ca95b03e84fe79b544241826bd8c49a80030,sigi/apps/metas/templatetags/__init__.py,Python,5de977f836383ddd,0,0,0,0,0,0,0.1323529411764706,0.27450980392156865,0.1323529411764706,0.19061002054140766
sigi,2022,f235ca95b03e84fe79b544241826bd8c49a80030,sigi/apps/metas/templatetags/mapa_tags.py,Python,915a4285d0454702,13,3,1,4,2,6,0.4215686274509804,0.6348039215686274,0.4215686274509804,0.5173136552578002
sigi,2022,f235ca95b03e84fe79b544241826bd8c49a80030,sigi/apps/metas/urls.py,Python,ff6c355c2b324381,14,0,1,10,7,17,0.4215686274509804,0.27450980392156865,0.27450980392156865,0.34018336417446027
sigi,2022,f235ca95b03e84fe79b544241826bd8c49a80030,sigi/apps/metas/views.py,Python,1701ef1f0e94f90e,282,33,3,196,117,313,0.7401960784313726,0.9166666666666666,0.7401960784313726,0.8237190491274466
sigi,2022,f235ca95b03e84fe79b544241826bd8c49a80030,sigi/apps/ocorrencias/__init__.py,Python,0e1912fb6922327a,0,0,0,0,0,0,0.1323529411764706,0.27450980392156865,0.1323529411764706,0.19061002054140766
sigi,2022,f235ca95b03e84fe79b544241826bd8c49a80030,sigi/apps/ocorrencias/admin.py,Python,c8bdab2e2b0ebb9b,156,14,8,171,124,295,0.9068627450980392,0.8088235294117647,0.8088235294117647,0.8564414318458896
sigi,2022,f235ca95b03e84fe79b544241826bd8c49a80030,sigi/apps/ocorrencias/admin_urls.py,Python,140cf21e14dafd23,19,0,2,25,5,30,0.6421568627450981,0.27450980392156865,0.27450980392156865,0.4198551589287031
sigi,2022,f235ca95b03e84fe79b544241826bd8c49a80030,sigi/apps/ocorrencias/apps.py,Python,773689fefebc48fe,5,0,1,7,0,7,0.4215686274509804,0.27450980392156865,0.27450980392156865,0.34018336417446027
sigi,2022,f235ca95b03e84fe79b544241826bd8c49a80030,sigi/apps/ocorrencias/filters.py,Python,2139457a6cf06339,30,7,5,24,20,44,0.8382352941176471,0.7279411764705882,0.7279411764705882,0.7811440239540782
sigi,2022,f235ca95b03e84fe79b544241826bd8c49a80030,sigi/apps/ocorrencias/forms.py,Python,28cb3966871d144b,230,7,5,280,92,372,0.8382352941176471,0.7279411764705882,0.7279411764705882,0.7811440239540782
sigi,2022,f235ca95b03e84fe79b544241826bd8c49a80030,sigi/apps/ocorrencias/models.py,Python,07e679d6422a12ba,273,30,8,333,183,516,0.9068627450980392,0.8995098039215687,0.8995098039215687,0.9031787918385333
sigi,2022,f235ca95b03e84fe79b544241826bd8c49a80030,sigi/apps/ocorrencias/urls.py,Python,849a7b7d0372a8fd,45,0,4,79,51,130,0.7965686274509803,0.27450980392156865,0.27450980392156865,0.467617255596542
sigi,2022,f235ca95b03e84fe79b544241826bd8c49a80030,sigi/apps/ocorrencias/views.py,Python,b2c4c1c0368dd2fb,972,169,9,1584,751,2335,0.9264705882352942,1.0,0.9264705882352942,0.9625334218796219
sigi,2022,f235ca95b03e84fe79b544241826bd8c49a80030,sigi/apps/parlamentares/__init__.py,Python,7bb616c8663aff83,0,0,0,0,0,0,0.1323529411764706,0.27450980392156865,0.1323529411764706,0.19061002054140766
sigi,2022,f235ca95b03e84fe79b544241826bd8c49a80030,sigi/apps/parlamentares/admin.py,Python,63dcd5f2a3cf7c25,278,30,8,464,353,817,0.9068627450980392,0.8995098039215687,0.8995098039215687,0.9031787918385333
sigi,2022,f235ca95b03e84fe79b544241826bd8c49a80030,sigi/apps/parlamentares/apps.py,Python,83f64b5341f402e0,5,0,2,8,1,9,0.6421568627450981,0.27450980392156865,0.27450980392156865,0.4198551589287031
sigi,2022,f235ca95b03e84fe79b544241826bd8c49a80030,sigi/apps/parlamentares/forms.py,Python,cdc2c091496a3cb2,61,2,3,72,6,78,0.7401960784313726,0.6078431372549019,0.6078431372549019,0.6707630777685225
sigi,2022,f235ca95b03e84fe79b544241826bd8c49a80030,sigi/apps/parlamentares/jobs/__init__.py,Python,211f16d23b9cbbcb,3,0,1,4,0,4,0.4215686274509804,0.27450980392156865,0.27450980392156865,0.34018336417446027
sigi,2022,f235ca95b03e84fe79b544241826bd8c49a80030,sigi/apps/parlamentares/jobs/daily/__init__.py,Python,06db33d7b75d0aad,0,0,1,0,0,0,0.4215686274509804,0.27450980392156865,0.27450980392156865,0.34018336417446027
sigi,2022,f235ca95b03e84fe79b544241826bd8c49a80030,sigi/apps/parlamentares/jobs/hourly/__init__.py,Python,a18f90228f551f9e,0,0,1,0,0,0,0.4215686274509804,0.27450980392156865,0.27450980392156865,0.34018336417446027
sigi,2022,f235ca95b03e84fe79b544241826bd8c49a80030,sigi/apps/parlamentares/jobs/minutely/__init__.py,Python,dd642c7c42883da7,0,0,1,0,0,0,0.4215686274509804,0.27450980392156865,0.27450980392156865,0.34018336417446027
sigi,2022,f235ca95b03e84fe79b544241826bd8c49a80030,sigi/apps/parlamentares/jobs/minutely/importa_parlamentar.py,Python,692e9553d4613211,310,53,5,388,31,419,0.8382352941176471,0.9681372549019608,0.8382352941176471,0.9008478321053988
sigi,2022,f235ca95b03e84fe79b544241826bd8c49a80030,sigi/apps/parlamentares/jobs/monthly/__init__.py,Python,cbf3d8e09ce5306a,0,0,1,0,0,0,0.4215686274509804,0.27450980392156865,0.27450980392156865,0.34018336417446027
sigi,2022,f235ca95b03e84fe79b544241826bd8c49a80030,sigi/apps/parlamentares/jobs/weekly/__init__.py,Python,df796c6bfed53cbe,0,0,1,0,0,0,0.4215686274509804,0.27450980392156865,0.27450980392156865,0.34018336417446027
sigi,2022,f235ca95b03e84fe79b544241826bd8c49a80030,sigi/apps/parlamentares/jobs/yearly/__init__.py,Python,7797c57a341827fa,0,0,1,0,0,0,0.4215686274509804,0.27450980392156865,0.27450980392156865,0.34018336417446027
sigi,2022,f235ca95b03e84fe79b544241826bd8c49a80030,sigi/apps/parlamentares/models.py,Python,630900e8ae7983d4,126,5,6,222,309,531,0.8700980392156863,0.6740196078431373,0.6740196078431373,0.7658088137239213
sigi,2022,f235ca95b03e84fe79b544241826bd8c49a80030,sigi/apps/parlamentares/reports.py,Python,3a5148f2dec927bb,647,18,3,364,206,570,0.7401960784313726,0.8333333333333334,0.7401960784313726,0.7853852973919725
sigi,2022,f235ca95b03e84fe79b544241826bd8c49a80030,sigi/apps/parlamentares/urls.py,Python,43b0c013197d7c11,21,0,4,43,37,80,0.7965686274509803,0.27450980392156865,0.27450980392156865,0.467617255596542
sigi,2022,f235ca95b03e84fe79b544241826bd8c49a80030,sigi/apps/parlamentares/views.py,Python,60d5f150cd167735,75,15,4,129,186,315,0.7965686274509803,0.8186274509803921,0.7965686274509803,0.8075227210556652
sigi,2022,f235ca95b03e84fe79b544241826bd8c49a80030,sigi/apps/relatorios/__init__.py,Python,78bc85c335111d94,0,0,0,0,0,0,0.1323529411764706,0.27450980392156865,0.1323529411764706,0.19061002054140766
sigi,2022,f235ca95b03e84fe79b544241826bd8c49a80030,sigi/apps/relatorios/models.py,Python,57fedd4d710b0aa1,1,0,0,0,0,0,0.1323529411764706,0.27450980392156865,0.1323529411764706,0.19061002054140766
sigi,2022,f235ca95b03e84fe79b544241826bd8c49a80030,sigi/apps/relatorios/reports.py,Python,11a12bda9603082a,113,0,3,95,42,137,0.7401960784313726,0.27450980392156865,0.27450980392156865,0.4507672130420647
sigi,2022,f235ca95b03e84fe79b544241826bd8c49a80030,sigi/apps/relatorios/views.py,Python,cfa5ed591fa074b6,0,0,0,0,0,0,0.1323529411764706,0.27450980392156865,0.1323529411764706,0.19061002054140766
sigi,2022,f235ca95b03e84fe79b544241826bd8c49a80030,sigi/apps/servicos/__init__.py,Python,c8fc5ddb43adb8f2,17,5,1,19,0,19,0.4215686274509804,0.6740196078431373,0.4215686274509804,0.533053018895381
sigi,2022,f235ca95b03e84fe79b544241826bd8c49a80030,sigi/apps/servicos/admin.py,Python,4053efda00216adf,158,14,13,438,608,1046,0.9607843137254902,0.8088235294117647,0.8088235294117647,0.8815355691240775
sigi,2022,f235ca95b03e84fe79b544241826bd8c49a80030,sigi/apps/servicos/apps.py,Python,525cc1e7ff96e801,5,0,2,9,2,11,0.6421568627450981,0.27450980392156865,0.27450980392156865,0.4198551589287031
sigi,2022,f235ca95b03e84fe79b544241826bd8c49a80030,sigi/apps/servicos/filters.py,Python,a560bff07dfca4ee,90,22,4,240,38,278,0.7965686274509803,0.8627450980392157,0.7965686274509803,0.8289967904552825
sigi,2022,f235ca95b03e84fe79b544241826bd8c49a80030,sigi/apps/servicos/jobs/__init__.py,Python,3254dbf6cbeb84b8,0,0,1,0,0,0,0.4215686274509804,0.27450980392156865,0.27450980392156865,0.34018336417446027
sigi,2022,f235ca95b03e84fe79b544241826bd8c49a80030,sigi/apps/servicos/jobs/daily/__init__.py,Python,0174f3cd9f9336e0,0,0,1,0,0,0,0.4215686274509804,0.27450980392156865,0.27450980392156865,0.34018336417446027
sigi,2022,f235ca95b03e84fe79b544241826bd8c49a80030,sigi/apps/servicos/jobs/daily/atualiza_uso_servicos.py,Python,1d14723ab057524d,17,2,1,20,0,20,0.4215686274509804,0.6078431372549019,0.4215686274509804,0.506209044840219
sigi,2022,f235ca95b03e84fe79b544241826bd8c49a80030,sigi/apps/servicos/jobs/daily/sincroniza_dns.py,Python,944779c85cc9de28,282,49,2,374,40,414,0.6421568627450981,0.946078431372549,0.6421568627450981,0.7794425940382008
sigi,2022,f235ca95b03e84fe79b544241826bd8c49a80030,sigi/apps/servicos/jobs/daily/sincroniza_rancher.py,Python,6d2c9f322f0a01fa,199,25,4,226,5,231,0.7965686274509803,0.8774509803921569,0.7965686274509803,0.8360322500397322
sigi,2022,f235ca95b03e84fe79b544241826bd8c49a80030,sigi/apps/servicos/jobs/hourly/__init__.py,Python,c7471d86469699a9,0,0,1,0,0,0,0.4215686274509804,0.27450980392156865,0.27450980392156865,0.34018336417446027
sigi,2022,f235ca95b03e84fe79b544241826bd8c49a80030,sigi/apps/servicos/jobs/monthly/__init__.py,Python,c8a504c1f6247f72,0,0,1,0,0,0,0.4215686274509804,0.27450980392156865,0.27450980392156865,0.34018336417446027
sigi,2022,f235ca95b03e84fe79b544241826bd8c49a80030,sigi/apps/servicos/jobs/weekly/__init__.py,Python,b3b91bb3264c4ba6,0,0,1,0,0,0,0.4215686274509804,0.27450980392156865,0.27450980392156865,0.34018336417446027
sigi,2022,f235ca95b03e84fe79b544241826bd8c49a80030,sigi/apps/servicos/jobs/yearly/__init__.py,Python,23cfb570f7f1d04a,0,0,1,0,0,0,0.4215686274509804,0.27450980392156865,0.27450980392156865,0.34018336417446027
sigi,2022,f235ca95b03e84fe79b544241826bd8c49a80030,sigi/apps/servicos/management/__init__.py,Python,7550e5d40dbbd535,0,0,0,0,0,0,0.1323529411764706,0.27450980392156865,0.1323529411764706,0.19061002054140766
sigi,2022,f235ca95b03e84fe79b544241826bd8c49a80030,sigi/apps/servicos/management/commands/__init__.py,Python,75791ba09f6c6350,0,0,0,0,0,0,0.1323529411764706,0.27450980392156865,0.1323529411764706,0.19061002054140766
sigi,2022,f235ca95b03e84fe79b544241826bd8c49a80030,sigi/apps/servicos/management/commands/atualiza_uso_servico.py,Python,8b59a60b3edc7dc8,21,5,4,19,33,52,0.7965686274509803,0.6740196078431373,0.6740196078431373,0.732736565141017
sigi,2022,f235ca95b03e84fe79b544241826bd8c49a80030,sigi/apps/servicos/management/commands/importa_servico.py,Python,7e6b9286602476b4,207,28,4,100,77,177,0.7965686274509803,0.8872549019607843,0.7965686274509803,0.8406898473599262
sigi,2022,f235ca95b03e84fe79b544241826bd8c49a80030,sigi/apps/servicos/models.py,Python,60bbe3d4752236bc,348,44,12,340,287,627,0.9534313725490197,0.9362745098039216,0.9362745098039216,0.9448139980784649
sigi,2022,f235ca95b03e84fe79b544241826bd8c49a80030,sigi/apps/servicos/urls.py,Python,2b19b523a1dc68ee,15,0,2,37,40,77,0.6421568627450981,0.27450980392156865,0.27450980392156865,0.4198551589287031
sigi,2022,f235ca95b03e84fe79b544241826bd8c49a80030,sigi/apps/servicos/views.py,Python,869c1ab319f0c66c,108,11,5,322,540,862,0.8382352941176471,0.7696078431372549,0.7696078431372549,0.8031889296718456
sigi,2022,f235ca95b03e84fe79b544241826bd8c49a80030,sigi/apps/servidores/__init__.py,Python,438a0f4c738e8f4c,0,0,0,0,0,0,0.1323529411764706,0.27450980392156865,0.1323529411764706,0.19061002054140766
sigi,2022,f235ca95b03e84fe79b544241826bd8c49a80030,sigi/apps/servidores/admin.py,Python,d133df57627c25a3,140,12,6,128,89,217,0.8700980392156863,0.7867647058823529,0.7867647058823529,0.8273828786676344
sigi,2022,f235ca95b03e84fe79b544241826bd8c49a80030,sigi/apps/servidores/apps.py,Python,45046ca6b345308f,5,0,2,9,2,11,0.6421568627450981,0.27450980392156865,0.27450980392156865,0.4198551589287031
sigi,2022,f235ca95b03e84fe79b544241826bd8c49a80030,sigi/apps/servidores/filters.py,Python,b6b05d3f39739684,17,5,2,24,3,27,0.6421568627450981,0.6740196078431373,0.6421568627450981,0.6578953691896838
sigi,2022,f235ca95b03e84fe79b544241826bd8c49a80030,sigi/apps/servidores/management/__init__.py,Python,57a61bced5c9e26a,0,0,0,0,0,0,0.1323529411764706,0.27450980392156865,0.1323529411764706,0.19061002054140766
sigi,2022,f235ca95b03e84fe79b544241826bd8c49a80030,sigi/apps/servidores/management/commands/__init__.py,Python,5a860a10457f6d49,0,0,0,0,0,0,0.1323529411764706,0.27450980392156865,0.1323529411764706,0.19061002054140766
sigi,2022,f235ca95b03e84fe79b544241826bd8c49a80030,sigi/apps/servidores/management/commands/mescla_servidor.py,Python,a59edcbe3128220c,51,4,2,25,23,48,0.6421568627450981,0.6470588235294118,0.6421568627450981,0.6446031834618731
sigi,2022,f235ca95b03e84fe79b544241826bd8c49a80030,sigi/apps/servidores/management/commands/migra.py,Python,f0f2ed33d1c68f95,185,49,5,97,96,193,0.8382352941176471,0.946078431372549,0.8382352941176471,0.890525873953099
sigi,2022,f235ca95b03e84fe79b544241826bd8c49a80030,sigi/apps/servidores/management/commands/sync_ldap.py,Python,1da1d2ac3feaed66,178,32,3,81,63,144,0.7401960784313726,0.9117647058823529,0.7401960784313726,0.8215136394158356
sigi,2022,f235ca95b03e84fe79b544241826bd8c49a80030,sigi/apps/servidores/models.py,Python,a5de56c766db1ec8,122,20,11,103,54,157,0.9436274509803921,0.8553921568627451,0.8553921568627451,0.8984272483451355
sigi,2022,f235ca95b03e84fe79b544241826bd8c49a80030,sigi/apps/servidores/views.py,Python,44714062d8f6b885,0,0,0,0,0,0,0.1323529411764706,0.27450980392156865,0.1323529411764706,0.19061002054140766
sigi,2022,f235ca95b03e84fe79b544241826bd8c49a80030,sigi/apps/utils/__init__.py,Python,9b13fe7454f1f580,75,19,7,72,23,95,0.8872549019607843,0.8455882352941176,0.8455882352941176,0.8661710609372002
sigi,2022,f235ca95b03e84fe79b544241826bd8c49a80030,sigi/apps/utils/admin.py,Python,ded6e45a2b68649e,10,0,1,12,0,12,0.4215686274509804,0.27450980392156865,0.27450980392156865,0.34018336417446027
sigi,2022,f235ca95b03e84fe79b544241826bd8c49a80030,sigi/apps/utils/apps.py,Python,ce39ea742926ed7a,5,0,3,10,3,13,0.7401960784313726,0.27450980392156865,0.27450980392156865,0.4507672130420647
sigi,2022,f235ca95b03e84fe79b544241826bd8c49a80030,sigi/apps/utils/base_admin.py,Python,2e6ad19ead50dd4e,23,6,2,4,5,9,0.6421568627450981,0.7034313725490197,0.6421568627450981,0.6720961860868999
sigi,2022,f235ca95b03e84fe79b544241826bd8c49a80030,sigi/apps/utils/context_processors.py,Python,6eb5c12226af1f1d,3,2,1,5,0,5,0.4215686274509804,0.6078431372549019,0.4215686274509804,0.506209044840219
sigi,2022,f235ca95b03e84fe79b544241826bd8c49a80030,sigi/apps/utils/decorators.py,Python,72f14aa02eb79878,42,12,1,17,7,24,0.4215686274509804,0.7867647058823529,0.4215686274509804,0.5759125950920833
sigi,2022,f235ca95b03e84fe79b544241826bd8c49a80030,sigi/apps/utils/email.py,Python,8a0370758a40217e,21,5,3,11,7,18,0.7401960784313726,0.6740196078431373,0.6740196078431373,0.7063332574014491
sigi,2022,f235ca95b03e84fe79b544241826bd8c49a80030,sigi/apps/utils/filters.py,Python,c58dee53678b1d52,234,52,7,327,75,402,0.8872549019607843,0.9607843137254902,0.8872549019607843,0.9232879247991762
sigi,2022,f235ca95b03e84fe79b544241826bd8c49a80030,sigi/apps/utils/middleware.py,Python,cb808c8c2fb2fa63,46,14,1,53,0,53,0.4215686274509804,0.8088235294117647,0.4215686274509804,0.5839303255904554
sigi,2022,f235ca95b03e84fe79b544241826bd8c49a80030,sigi/apps/utils/mixins.py,Python,3fcea63a011060a7,264,53,9,417,92,509,0.9264705882352942,0.9681372549019608,0.9264705882352942,0.9470748080492494
sigi,2022,f235ca95b03e84fe79b544241826bd8c49a80030,sigi/apps/utils/models.py,Python,217b2af6ca62e447,24,1,1,28,0,28,0.4215686274509804,0.5661764705882353,0.4215686274509804,0.48855116170256185
sigi,2022,f235ca95b03e84fe79b544241826bd8c49a80030,sigi/apps/utils/templatetags/__init__.py,Python,4a6343cb9621526c,0,0,1,0,0,0,0.4215686274509804,0.27450980392156865,0.27450980392156865,0.34018336417446027
sigi,2022,f235ca95b03e84fe79b544241826bd8c49a80030,sigi/apps/utils/templatetags/action_icons.py,Python,9034c146aa7d1db3,14,2,2,22,4,26,0.6421568627450981,0.6078431372549019,0.6078431372549019,0.6247644692688165
sigi,2022,f235ca95b03e84fe79b544241826bd8c49a80030,sigi/apps/utils/templatetags/file_image.py,Python,b580b96d1ccc27b1,21,6,1,27,0,27,0.4215686274509804,0.7034313725490197,0.4215686274509804,0.544559086079233
sigi,2022,f235ca95b03e84fe79b544241826bd8c49a80030,sigi/apps/utils/templatetags/model_fields.py,Python,f444fdd30cd79092,10,3,1,15,0,15,0.4215686274509804,0.6348039215686274,0.4215686274509804,0.5173136552578002
sigi,2022,f235ca95b03e84fe79b544241826bd8c49a80030,sigi/apps/utils/templatetags/pdf.py,Python,af7f4bb3f78a8a1b,6,1,1,9,0,9,0.4215686274509804,0.5661764705882353,0.4215686274509804,0.48855116170256185
sigi,2022,f235ca95b03e84fe79b544241826bd8c49a80030,sigi/apps/whois/__init__.py,Python,439272f78178964d,0,0,0,0,0,0,0.1323529411764706,0.27450980392156865,0.1323529411764706,0.19061002054140766
sigi,2022,f235ca95b03e84fe79b544241826bd8c49a80030,sigi/apps/whois/admin.py,Python,e6e699d98f65d62c,1,0,0,0,0,0,0.1323529411764706,0.27450980392156865,0.1323529411764706,0.19061002054140766
sigi,2022,f235ca95b03e84fe79b544241826bd8c49a80030,sigi/apps/whois/models.py,Python,5d7c87f6a0ecb159,1,0,0,0,0,0,0.1323529411764706,0.27450980392156865,0.1323529411764706,0.19061002054140766
sigi,2022,f235ca95b03e84fe79b544241826bd8c49a80030,sigi/apps/whois/urls.py,Python,933b6cf474bf5754,7,0,1,2,3,5,0.4215686274509804,0.27450980392156865,0.27450980392156865,0.34018336417446027
sigi,2022,f235ca95b03e84fe79b544241826bd8c49a80030,sigi/apps/whois/views.py,Python,04a930cf1236da05,64,10,1,33,20,53,0.4215686274509804,0.7598039215686274,0.4215686274509804,0.5659589175439845
sigi,2022,f235ca95b03e84fe79b544241826bd8c49a80030,sigi/asgi.py,Python,bdc726e110c4b8bc,4,0,2,17,1,18,0.6421568627450981,0.27450980392156865,0.27450980392156865,0.4198551589287031
sigi,2022,f235ca95b03e84fe79b544241826bd8c49a80030,sigi/settings.py,Python,3f31b4cbfb6621d2,178,0,30,386,322,708,1.0,0.27450980392156865,0.27450980392156865,0.5239368319955838
sigi,2022,f235ca95b03e84fe79b544241826bd8c49a80030,sigi/shortcuts.py,Python,6342ebb826410b9f,33,5,1,15,12,27,0.4215686274509804,0.6740196078431373,0.4215686274509804,0.533053018895381
sigi,2022,f235ca95b03e84fe79b544241826bd8c49a80030,sigi/urls.py,Python,ccf09753e7213f9b,24,0,11,57,58,115,0.9436274509803921,0.27450980392156865,0.27450980392156865,0.5089547981340161
sigi,2022,f235ca95b03e84fe79b544241826bd8c49a80030,sigi/wsgi.py,Python,947a6d2d9cc9d758,4,0,2,5,3,8,0.6421568627450981,0.27450980392156865,0.27450980392156865,0.4198551589287031
sigi,2023,ab2580311ae4e3516ec944e24539b8789f14d952,etc/migracao/migra.py,Python,f3cf235d8440c123,336,55,0,0,0,0,0.3093220338983051,0.9661016949152542,0.3093220338983051,0.5466594380633946
sigi,2023,ab2580311ae4e3516ec944e24539b8789f14d952,manage.py,Python,59d9ace2172d7f29,15,2,1,2,2,4,0.722457627118644,0.597457627118644,0.597457627118644,0.656991491263069
sigi,2023,ab2580311ae4e3516ec944e24539b8789f14d952,scripts/__init__.py,Python,f56e49dd536a4c18,0,0,0,0,0,0,0.3093220338983051,0.2711864406779661,0.2711864406779661,0.2896272456039841
sigi,2023,ab2580311ae4e3516ec944e24539b8789f14d952,scripts/casas_com_PM_e_SAPL.py,Python,e61d8ea0f239c0a5,48,2,1,41,16,57,0.722457627118644,0.597457627118644,0.597457627118644,0.656991491263069
sigi,2023,ab2580311ae4e3516ec944e24539b8789f14d952,scripts/casas_que_usam_LEGBR_ou_PM.py,Python,8b5b9d2184f078b4,46,7,1,22,12,34,0.722457627118644,0.7266949152542372,0.722457627118644,0.7245731737469725
sigi,2023,ab2580311ae4e3516ec944e24539b8789f14d952,scripts/contatos_de_casas_que_usam_portalmodelo.py,Python,a74843c186ab8dc7,81,7,1,49,21,70,0.722457627118644,0.7266949152542372,0.722457627118644,0.7245731737469725
sigi,2023,ab2580311ae4e3516ec944e24539b8789f14d952,scripts/csv_writer.py,Python,5dd6218c876bb3dc,27,7,1,8,2,10,0.722457627118644,0.7266949152542372,0.722457627118644,0.7245731737469725
sigi,2023,ab2580311ae4e3516ec944e24539b8789f14d952,scripts/importa_pesquisa.py,Python,ae9a0ee89dd8ca90,76,13,0,0,0,0,0.3093220338983051,0.815677966101695,0.3093220338983051,0.5023018688802671
sigi,2023,ab2580311ae4e3516ec944e24539b8789f14d952,scripts/servicos_seit_ate_2013_2014.py,Python,28918bf2e5ad16d7,15,1,0,0,0,0,0.3093220338983051,0.5614406779661016,0.3093220338983051,0.41673249503934523
sigi,2023,ab2580311ae4e3516ec944e24539b8789f14d952,scripts/urls de portais modelo por estado municipio.py,Python,40e79634ea37a42a,15,0,1,12,3,15,0.722457627118644,0.2711864406779661,0.2711864406779661,0.4426293171932405
sigi,2023,ab2580311ae4e3516ec944e24539b8789f14d952,scripts/user_from_session.py,Python,77a4ef2d4b29ac2e,8,1,0,0,0,0,0.3093220338983051,0.5614406779661016,0.3093220338983051,0.41673249503934523
sigi,2023,ab2580311ae4e3516ec944e24539b8789f14d952,scripts/verificacao_arquivos_faltando_media.py,Python,15789ce2df9589d6,52,5,0,0,0,0,0.3093220338983051,0.6779661016949152,0.3093220338983051,0.4579408842747897
sigi,2023,ab2580311ae4e3516ec944e24539b8789f14d952,setup.py,Python,307d946fc1cb54f5,2,0,1,1,1,2,0.722457627118644,0.2711864406779661,0.2711864406779661,0.4426293171932405
sigi,2023,ab2580311ae4e3516ec944e24539b8789f14d952,sigi/__init__.py,Python,1a3e5af2e57e6675,0,0,0,0,0,0,0.3093220338983051,0.2711864406779661,0.2711864406779661,0.2896272456039841
sigi,2023,ab2580311ae4e3516ec944e24539b8789f14d952,sigi/apps/__init__.py,Python,8a73921b744382c2,0,0,0,0,0,0,0.3093220338983051,0.2711864406779661,0.2711864406779661,0.2896272456039841
sigi,2023,ab2580311ae4e3516ec944e24539b8789f14d952,sigi/apps/casas/__init__.py,Python,7b930d5254e224ee,0,0,0,0,0,0,0.3093220338983051,0.2711864406779661,0.2711864406779661,0.2896272456039841
sigi,2023,ab2580311ae4e3516ec944e24539b8789f14d952,sigi/apps/casas/admin.py,Python,1cf477cc6f7c09f9,509,51,9,75,32,107,0.989406779661017,0.9555084745762712,0.9555084745762712,0.9723099108665504
sigi,2023,ab2580311ae4e3516ec944e24539b8789f14d952,sigi/apps/casas/admin_urls.py,Python,c7c3631e09500518,6,0,1,1,0,1,0.722457627118644,0.2711864406779661,0.2711864406779661,0.4426293171932405
sigi,2023,ab2580311ae4e3516ec944e24539b8789f14d952,sigi/apps/casas/apps.py,Python,f86e5cc407c9a165,5,0,0,0,0,0,0.3093220338983051,0.2711864406779661,0.2711864406779661,0.2896272456039841
sigi,2023,ab2580311ae4e3516ec944e24539b8789f14d952,sigi/apps/casas/filters.py,Python,2df2511295ec2bc3,44,10,1,0,39,39,0.722457627118644,0.7669491525423728,0.722457627118644,0.7443710532163497
sigi,2023,ab2580311ae4e3516ec944e24539b8789f14d952,sigi/apps/casas/forms.py,Python,fca3e46e968ae90c,53,1,0,0,0,0,0.3093220338983051,0.5614406779661016,0.3093220338983051,0.41673249503934523
sigi,2023,ab2580311ae4e3516ec944e24539b8789f14d952,sigi/apps/casas/jobs/__init__.py,Python,aa50adb1a44b0d29,0,0,0,0,0,0,0.3093220338983051,0.2711864406779661,0.2711864406779661,0.2896272456039841
sigi,2023,ab2580311ae4e3516ec944e24539b8789f14d952,sigi/apps/casas/jobs/daily/__init__.py,Python,6fbd584465403b63,0,0,0,0,0,0,0.3093220338983051,0.2711864406779661,0.2711864406779661,0.2896272456039841
sigi,2023,ab2580311ae4e3516ec944e24539b8789f14d952,sigi/apps/casas/jobs/daily/usuario_contato.py,Python,3af0f1d58faad608,63,4,3,47,13,60,0.9110169491525424,0.6461864406779662,0.6461864406779662,0.7672592780606703
sigi,2023,ab2580311ae4e3516ec944e24539b8789f14d952,sigi/apps/casas/jobs/hourly/__init__.py,Python,b9c3c5eef75c45d4,0,0,0,0,0,0,0.3093220338983051,0.2711864406779661,0.2711864406779661,0.2896272456039841
sigi,2023,ab2580311ae4e3516ec944e24539b8789f14d952,sigi/apps/casas/jobs/monthly/__init__.py,Python,111a623a176a1da1,0,0,0,0,0,0,0.3093220338983051,0.2711864406779661,0.2711864406779661,0.2896272456039841
sigi,2023,ab2580311ae4e3516ec944e24539b8789f14d952,sigi/apps/casas/jobs/weekly/__init__.py,Python,92634744888ad357,0,0,0,0,0,0,0.3093220338983051,0.2711864406779661,0.2711864406779661,0.2896272456039841
sigi,2023,ab2580311ae4e3516ec944e24539b8789f14d952,sigi/apps/casas/jobs/yearly/__init__.py,Python,0a3e4c707eaf499e,0,0,0,0,0,0,0.3093220338983051,0.2711864406779661,0.2711864406779661,0.2896272456039841
sigi,2023,ab2580311ae4e3516ec944e24539b8789f14d952,sigi/apps/casas/management/__init__.py,Python,4328c1adc2c6f55d,0,0,0,0,0,0,0.3093220338983051,0.2711864406779661,0.2711864406779661,0.2896272456039841
sigi,2023,ab2580311ae4e3516ec944e24539b8789f14d952,sigi/apps/casas/management/commands/__init__.py,Python,08aedd3ccf04b506,0,0,0,0,0,0,0.3093220338983051,0.2711864406779661,0.2711864406779661,0.2896272456039841
sigi,2023,ab2580311ae4e3516ec944e24539b8789f14d952,sigi/apps/casas/management/commands/importa_gerentes.py,Python,603a39f4d9fc9708,71,8,0,0,0,0,0.3093220338983051,0.7457627118644068,0.3093220338983051,0.48029245136626286
sigi,2023,ab2580311ae4e3516ec944e24539b8789f14d952,sigi/apps/casas/models.py,Python,c8b1914885fb82b1,285,30,1,3,1,4,0.722457627118644,0.9152542372881356,0.722457627118644,0.8131619792399734
sigi,2023,ab2580311ae4e3516ec944e24539b8789f14d952,sigi/apps/casas/scripts/importa_panorama.py,Python,0b835e0a6c29fbe8,76,25,0,0,0,0,0.3093220338983051,0.8961864406779662,0.3093220338983051,0.5265075617525272
sigi,2023,ab2580311ae4e3516ec944e24539b8789f14d952,sigi/apps/casas/urls.py,Python,1a1eb5445fcb6e82,26,0,0,0,0,0,0.3093220338983051,0.2711864406779661,0.2711864406779661,0.2896272456039841
sigi,2023,ab2580311ae4e3516ec944e24539b8789f14d952,sigi/apps/casas/views.py,Python,e8c4484217913e4f,452,70,2,73,4,77,0.8601694915254238,0.9788135593220338,0.8601694915254238,0.9175759159983571
sigi,2023,ab2580311ae4e3516ec944e24539b8789f14d952,sigi/apps/contatos/__init__.py,Python,430d06fc3d58547f,0,0,0,0,0,0,0.3093220338983051,0.2711864406779661,0.2711864406779661,0.2896272456039841
sigi,2023,ab2580311ae4e3516ec944e24539b8789f14d952,sigi/apps/contatos/admin.py,Python,42cf26fda5b5f8f9,177,3,4,71,12,83,0.9427966101694916,0.6228813559322034,0.6228813559322034,0.7663226676215822
sigi,2023,ab2580311ae4e3516ec944e24539b8789f14d952,sigi/apps/contatos/apps.py,Python,4a5e1be40abcec20,5,0,0,0,0,0,0.3093220338983051,0.2711864406779661,0.2711864406779661,0.2896272456039841
sigi,2023,ab2580311ae4e3516ec944e24539b8789f14d952,sigi/apps/contatos/jobs/__init__.py,Python,607fc607e4b55eed,0,0,0,0,0,0,0.3093220338983051,0.2711864406779661,0.2711864406779661,0.2896272456039841
sigi,2023,ab2580311ae4e3516ec944e24539b8789f14d952,sigi/apps/contatos/jobs/daily/__init__.py,Python,67e748cc553cfc3e,0,0,0,0,0,0,0.3093220338983051,0.2711864406779661,0.2711864406779661,0.2896272456039841
sigi,2023,ab2580311ae4e3516ec944e24539b8789f14d952,sigi/apps/contatos/jobs/hourly/__init__.py,Python,e6219323385f4e66,0,0,0,0,0,0,0.3093220338983051,0.2711864406779661,0.2711864406779661,0.2896272456039841
sigi,2023,ab2580311ae4e3516ec944e24539b8789f14d952,sigi/apps/contatos/jobs/monthly/__init__.py,Python,305de8c56b98c575,0,0,0,0,0,0,0.3093220338983051,0.2711864406779661,0.2711864406779661,0.2896272456039841
sigi,2023,ab2580311ae4e3516ec944e24539b8789f14d952,sigi/apps/contatos/jobs/monthly/atualiza_ibge.py,Python,3806bc676f8907c4,153,18,3,43,59,102,0.9110169491525424,0.8601694915254238,0.8601694915254238,0.8852282112108635
sigi,2023,ab2580311ae4e3516ec944e24539b8789f14d952,sigi/apps/contatos/jobs/weekly/__init__.py,Python,2b31fb7ce8783fe3,0,0,0,0,0,0,0.3093220338983051,0.2711864406779661,0.2711864406779661,0.2896272456039841
sigi,2023,ab2580311ae4e3516ec944e24539b8789f14d952,sigi/apps/contatos/jobs/yearly/__init__.py,Python,c335023e075c43d8,0,0,0,0,0,0,0.3093220338983051,0.2711864406779661,0.2711864406779661,0.2896272456039841
sigi,2023,ab2580311ae4e3516ec944e24539b8789f14d952,sigi/apps/contatos/management/__init__.py,Python,4bca5a699d443368,0,0,0,0,0,0,0.3093220338983051,0.2711864406779661,0.2711864406779661,0.2896272456039841
sigi,2023,ab2580311ae4e3516ec944e24539b8789f14d952,sigi/apps/contatos/management/commands/__init__.py,Python,2e4c2445f3feb677,0,0,0,0,0,0,0.3093220338983051,0.2711864406779661,0.2711864406779661,0.2896272456039841
sigi,2023,ab2580311ae4e3516ec944e24539b8789f14d952,sigi/apps/contatos/management/commands/importa_mesomicro.py,Python,b8476bdbd6894af6,108,9,0,0,0,0,0.3093220338983051,0.7563559322033898,0.3093220338983051,0.48369159109932963
sigi,2023,ab2580311ae4e3516ec944e24539b8789f14d952,sigi/apps/contatos/models.py,Python,49b0faee9f48afb6,299,7,2,4,2,6,0.8601694915254238,0.7266949152542372,0.7266949152542372,0.7906205131087531
sigi,2023,ab2580311ae4e3516ec944e24539b8789f14d952,sigi/apps/convenios/__init__.py,Python,86f7f55f254a167d,0,0,0,0,0,0,0.3093220338983051,0.2711864406779661,0.2711864406779661,0.2896272456039841
sigi,2023,ab2580311ae4e3516ec944e24539b8789f14d952,sigi/apps/convenios/admin.py,Python,2ce2ec12d13318e6,286,18,6,25,19,44,0.9745762711864406,0.8601694915254238,0.8601694915254238,0.9155876668234365
sigi,2023,ab2580311ae4e3516ec944e24539b8789f14d952,sigi/apps/convenios/apps.py,Python,eb01423883428586,5,0,0,0,0,0,0.3093220338983051,0.2711864406779661,0.2711864406779661,0.2896272456039841
sigi,2023,ab2580311ae4e3516ec944e24539b8789f14d952,sigi/apps/convenios/filters.py,Python,983be6148b754221,88,22,2,109,2,111,0.8601694915254238,0.8834745762711864,0.8601694915254238,0.8717441580227686
sigi,2023,ab2580311ae4e3516ec944e24539b8789f14d952,sigi/apps/convenios/jobs/__init__.py,Python,b20f9318cffd68ff,0,0,0,0,0,0,0.3093220338983051,0.2711864406779661,0.2711864406779661,0.2896272456039841
sigi,2023,ab2580311ae4e3516ec944e24539b8789f14d952,sigi/apps/convenios/jobs/daily/__init__.py,Python,7edad751cf628cbf,0,0,0,0,0,0,0.3093220338983051,0.2711864406779661,0.2711864406779661,0.2896272456039841
sigi,2023,ab2580311ae4e3516ec944e24539b8789f14d952,sigi/apps/convenios/jobs/hourly/__init__.py,Python,fa50f2b896c15ac0,0,0,0,0,0,0,0.3093220338983051,0.2711864406779661,0.2711864406779661,0.2896272456039841
sigi,2023,ab2580311ae4e3516ec944e24539b8789f14d952,sigi/apps/convenios/jobs/hourly/importa_gescon.py,Python,0ede4dfc0fd26e69,13,1,5,11,31,42,0.9639830508474576,0.5614406779661016,0.5614406779661016,0.7356760819923587
sigi,2023,ab2580311ae4e3516ec944e24539b8789f14d952,sigi/apps/convenios/jobs/monthly/__init__.py,Python,9bace3f967d8a754,0,0,0,0,0,0,0.3093220338983051,0.2711864406779661,0.2711864406779661,0.2896272456039841
sigi,2023,ab2580311ae4e3516ec944e24539b8789f14d952,sigi/apps/convenios/jobs/weekly/__init__.py,Python,c7668cc04617f128,0,0,0,0,0,0,0.3093220338983051,0.2711864406779661,0.2711864406779661,0.2896272456039841
sigi,2023,ab2580311ae4e3516ec944e24539b8789f14d952,sigi/apps/convenios/jobs/yearly/__init__.py,Python,508f736dc9c725f7,0,0,0,0,0,0,0.3093220338983051,0.2711864406779661,0.2711864406779661,0.2896272456039841
sigi,2023,ab2580311ae4e3516ec944e24539b8789f14d952,sigi/apps/convenios/management/__init__.py,Python,67ec9e16f2a99eac,0,0,0,0,0,0,0.3093220338983051,0.2711864406779661,0.2711864406779661,0.2896272456039841
sigi,2023,ab2580311ae4e3516ec944e24539b8789f14d952,sigi/apps/convenios/management/commands/__init__.py,Python,c13baf31fe917fe2,0,0,0,0,0,0,0.3093220338983051,0.2711864406779661,0.2711864406779661,0.2896272456039841
sigi,2023,ab2580311ae4e3516ec944e24539b8789f14d952,sigi/apps/convenios/models.py,Python,c85b8fe8f692c4d7,866,116,5,62,8,70,0.9639830508474576,0.9872881355932204,0.9639830508474576,0.9755660044377577
sigi,2023,ab2580311ae4e3516ec944e24539b8789f14d952,sigi/apps/convenios/urls.py,Python,490e8d4ff65d8abb,10,0,0,0,0,0,0.3093220338983051,0.2711864406779661,0.2711864406779661,0.2896272456039841
sigi,2023,ab2580311ae4e3516ec944e24539b8789f14d952,sigi/apps/convenios/views.py,Python,c1ce5805984baa30,128,12,1,6,2,8,0.722457627118644,0.8008474576271186,0.722457627118644,0.7606433815667412
sigi,2023,ab2580311ae4e3516ec944e24539b8789f14d952,sigi/apps/diagnosticos/__init__.py,Python,b83e1f02aadfa305,0,0,0,0,0,0,0.3093220338983051,0.2711864406779661,0.2711864406779661,0.2896272456039841
sigi,2023,ab2580311ae4e3516ec944e24539b8789f14d952,sigi/apps/diagnosticos/admin.py,Python,cd49ef0e889b87a9,181,16,1,3,1,4,0.722457627118644,0.8453389830508474,0.722457627118644,0.7814867854326155
sigi,2023,ab2580311ae4e3516ec944e24539b8789f14d952,sigi/apps/diagnosticos/decorators.py,Python,8a451c3b617266fa,16,4,0,0,0,0,0.3093220338983051,0.6461864406779662,0.3093220338983051,0.4470790803739479
sigi,2023,ab2580311ae4e3516ec944e24539b8789f14d952,sigi/apps/diagnosticos/forms.py,Python,c5d4c6bc5af85992,185,25,1,6,3,9,0.722457627118644,0.8961864406779662,0.722457627118644,0.8046469594723556
sigi,2023,ab2580311ae4e3516ec944e24539b8789f14d952,sigi/apps/diagnosticos/management/__init__.py,Python,2e81385cadccb290,0,0,0,0,0,0,0.3093220338983051,0.2711864406779661,0.2711864406779661,0.2896272456039841
sigi,2023,ab2580311ae4e3516ec944e24539b8789f14d952,sigi/apps/diagnosticos/management/commands/__init__.py,Python,a7ff0ee5505b47c4,0,0,0,0,0,0,0.3093220338983051,0.2711864406779661,0.2711864406779661,0.2896272456039841
sigi,2023,ab2580311ae4e3516ec944e24539b8789f14d952,sigi/apps/diagnosticos/management/commands/ls_export.py,Python,fc5eb1d5703320c5,728,41,1,2,1,3,0.722457627118644,0.9364406779661016,0.722457627118644,0.8225197323716702
sigi,2023,ab2580311ae4e3516ec944e24539b8789f14d952,sigi/apps/diagnosticos/models.py,Python,e980b52d58bce66c,193,23,0,0,0,0,0.3093220338983051,0.8898305084745762,0.3093220338983051,0.5246371915010591
sigi,2023,ab2580311ae4e3516ec944e24539b8789f14d952,sigi/apps/diagnosticos/templatetags/__init__.py,Python,9789c79108f08574,0,0,0,0,0,0,0.3093220338983051,0.2711864406779661,0.2711864406779661,0.2896272456039841
sigi,2023,ab2580311ae4e3516ec944e24539b8789f14d952,sigi/apps/diagnosticos/templatetags/smart_if.py,Python,11f9a0ea0345871f,170,58,0,0,0,0,0.3093220338983051,0.9703389830508474,0.3093220338983051,0.5478569410056799
sigi,2023,ab2580311ae4e3516ec944e24539b8789f14d952,sigi/apps/diagnosticos/urls.py,Python,079aea8483c1136d,59,0,0,0,0,0,0.3093220338983051,0.2711864406779661,0.2711864406779661,0.2896272456039841
sigi,2023,ab2580311ae4e3516ec944e24539b8789f14d952,sigi/apps/diagnosticos/views.py,Python,9e0b8dfa3274f0f3,336,51,1,4,5,9,0.722457627118644,0.9555084745762712,0.722457627118644,0.8308516024141304
sigi,2023,ab2580311ae4e3516ec944e24539b8789f14d952,sigi/apps/diagnosticos/widgets.py,Python,da9cd9de76b82461,61,11,1,3,1,4,0.722457627118644,0.7817796610169492,0.722457627118644,0.7515335513654218
sigi,2023,ab2580311ae4e3516ec944e24539b8789f14d952,sigi/apps/espacos/__init__.py,Python,8a9b5231f76bf1e8,0,0,1,0,0,0,0.722457627118644,0.2711864406779661,0.2711864406779661,0.4426293171932405
sigi,2023,ab2580311ae4e3516ec944e24539b8789f14d952,sigi/apps/espacos/admin.py,Python,ab57cc553526c5a8,140,11,3,206,49,255,0.9110169491525424,0.7817796610169492,0.7817796610169492,0.8439280311076115
sigi,2023,ab2580311ae4e3516ec944e24539b8789f14d952,sigi/apps/espacos/admin_urls.py,Python,1871fb5bbf77218f,6,0,2,7,0,7,0.8601694915254238,0.2711864406779661,0.2711864406779661,0.48297650334830533
sigi,2023,ab2580311ae4e3516ec944e24539b8789f14d952,sigi/apps/espacos/apps.py,Python,1e9c0b85b7e63333,10,1,2,19,0,19,0.8601694915254238,0.5614406779661016,0.5614406779661016,0.6949346318092018
sigi,2023,ab2580311ae4e3516ec944e24539b8789f14d952,sigi/apps/espacos/forms.py,Python,6a41ba0939976fc4,62,4,4,77,7,84,0.9427966101694916,0.6461864406779662,0.6461864406779662,0.7805269923639256
sigi,2023,ab2580311ae4e3516ec944e24539b8789f14d952,sigi/apps/espacos/models.py,Python,1cebe78c65930d30,172,11,3,211,17,228,0.9110169491525424,0.7817796610169492,0.7817796610169492,0.8439280311076115
sigi,2023,ab2580311ae4e3516ec944e24539b8789f14d952,sigi/apps/espacos/signals.py,Python,fcc76efdac028533,20,4,1,44,0,44,0.722457627118644,0.6461864406779662,0.6461864406779662,0.6832586059527138
sigi,2023,ab2580311ae4e3516ec944e24539b8789f14d952,sigi/apps/espacos/views.py,Python,afe0213102953fd6,164,19,4,238,53,291,0.9427966101694916,0.8728813559322034,0.8728813559322034,0.9071656868803134
sigi,2023,ab2580311ae4e3516ec944e24539b8789f14d952,sigi/apps/eventos/__init__.py,Python,05dd4f1574de7d3b,0,0,0,0,0,0,0.3093220338983051,0.2711864406779661,0.2711864406779661,0.2896272456039841
sigi,2023,ab2580311ae4e3516ec944e24539b8789f14d952,sigi/apps/eventos/admin.py,Python,ce44b53bba4681d0,1771,152,36,1917,345,2262,1.0,0.9957627118644068,0.9957627118644068,0.9978791068383017
sigi,2023,ab2580311ae4e3516ec944e24539b8789f14d952,sigi/apps/eventos/admin_urls.py,Python,ae7872ae12ab6e08,8,0,1,0,5,5,0.722457627118644,0.2711864406779661,0.2711864406779661,0.4426293171932405
sigi,2023,ab2580311ae4e3516ec944e24539b8789f14d952,sigi/apps/eventos/api_urls.py,Python,a2793963958501d4,14,0,1,15,0,15,0.722457627118644,0.2711864406779661,0.2711864406779661,0.4426293171932405
sigi,2023,ab2580311ae4e3516ec944e24539b8789f14d952,sigi/apps/eventos/apps.py,Python,5cec9865a56a4604,5,0,0,0,0,0,0.3093220338983051,0.2711864406779661,0.2711864406779661,0.2896272456039841
sigi,2023,ab2580311ae4e3516ec944e24539b8789f14d952,sigi/apps/eventos/forms.py,Python,c3a21909f45ef8bb,146,14,4,52,5,57,0.9427966101694916,0.8283898305084746,0.8283898305084746,0.8837438113516096
sigi,2023,ab2580311ae4e3516ec944e24539b8789f14d952,sigi/apps/eventos/jobs/__init__.py,Python,ae1cabde8430f52d,0,0,1,0,0,0,0.722457627118644,0.2711864406779661,0.2711864406779661,0.4426293171932405
sigi,2023,ab2580311ae4e3516ec944e24539b8789f14d952,sigi/apps/eventos/jobs/daily/__init__.py,Python,da9e0e98268279a1,0,0,1,0,0,0,0.722457627118644,0.2711864406779661,0.2711864406779661,0.4426293171932405
sigi,2023,ab2580311ae4e3516ec944e24539b8789f14d952,sigi/apps/eventos/jobs/daily/encerra_inscricao.py,Python,66aa368a1c9e4406,56,3,4,78,11,89,0.9427966101694916,0.6228813559322034,0.6228813559322034,0.7663226676215822
sigi,2023,ab2580311ae4e3516ec944e24539b8789f14d952,sigi/apps/eventos/jobs/daily/sincroniza_saberes.py,Python,f91e9fa3e62d2de4,65,4,2,87,14,101,0.8601694915254238,0.6461864406779662,0.6461864406779662,0.745539980221443
sigi,2023,ab2580311ae4e3516ec944e24539b8789f14d952,sigi/apps/eventos/jobs/hourly/__init__.py,Python,805b65dc352fdbb7,0,0,1,0,0,0,0.722457627118644,0.2711864406779661,0.2711864406779661,0.4426293171932405
sigi,2023,ab2580311ae4e3516ec944e24539b8789f14d952,sigi/apps/eventos/jobs/monthly/__init__.py,Python,1263793465df54e4,0,0,1,0,0,0,0.722457627118644,0.2711864406779661,0.2711864406779661,0.4426293171932405
sigi,2023,ab2580311ae4e3516ec944e24539b8789f14d952,sigi/apps/eventos/jobs/weekly/__init__.py,Python,6f42eb0e9f70469a,0,0,1,0,0,0,0.722457627118644,0.2711864406779661,0.2711864406779661,0.4426293171932405
sigi,2023,ab2580311ae4e3516ec944e24539b8789f14d952,sigi/apps/eventos/jobs/yearly/__init__.py,Python,edc63163974e59e9,0,0,1,0,0,0,0.722457627118644,0.2711864406779661,0.2711864406779661,0.4426293171932405
sigi,2023,ab2580311ae4e3516ec944e24539b8789f14d952,sigi/apps/eventos/models.py,Python,419970de88378335,1010,78,26,694,136,830,0.9957627118644068,0.9830508474576272,0.9830508474576272,0.9893863642505945
sigi,2023,ab2580311ae4e3516ec944e24539b8789f14d952,sigi/apps/eventos/serializers.py,Python,ed5390254108bcda,87,14,2,99,0,99,0.8601694915254238,0.8283898305084746,0.8283898305084746,0.8441301198827741
sigi,2023,ab2580311ae4e3516ec944e24539b8789f14d952,sigi/apps/eventos/urls.py,Python,a3b5aff9ba1ce54e,3,0,0,0,0,0,0.3093220338983051,0.2711864406779661,0.2711864406779661,0.2896272456039841
sigi,2023,ab2580311ae4e3516ec944e24539b8789f14d952,sigi/apps/eventos/views.py,Python,8fbbf6d3f95d7b81,343,46,7,147,331,478,0.9788135593220338,0.9449152542372882,0.9449152542372882,0.9617150634453453
sigi,2023,ab2580311ae4e3516ec944e24539b8789f14d952,sigi/apps/financeiro/__init__.py,Python,251f1934651acd85,0,0,0,0,0,0,0.3093220338983051,0.2711864406779661,0.2711864406779661,0.2896272456039841
sigi,2023,ab2580311ae4e3516ec944e24539b8789f14d952,sigi/apps/financeiro/admin.py,Python,6becb74c534ace66,21,0,0,0,0,0,0.3093220338983051,0.2711864406779661,0.2711864406779661,0.2896272456039841
sigi,2023,ab2580311ae4e3516ec944e24539b8789f14d952,sigi/apps/financeiro/forms.py,Python,c0152d30ad6b391a,1,0,0,0,0,0,0.3093220338983051,0.2711864406779661,0.2711864406779661,0.2896272456039841
sigi,2023,ab2580311ae4e3516ec944e24539b8789f14d952,sigi/apps/financeiro/models.py,Python,fb029c4528e1c79f,20,1,0,0,0,0,0.3093220338983051,0.5614406779661016,0.3093220338983051,0.41673249503934523
sigi,2023,ab2580311ae4e3516ec944e24539b8789f14d952,sigi/apps/financeiro/urls.py,Python,ba19cff85959562c,1,0,0,0,0,0,0.3093220338983051,0.2711864406779661,0.2711864406779661,0.2896272456039841
sigi,2023,ab2580311ae4e3516ec944e24539b8789f14d952,sigi/apps/financeiro/views.py,Python,58a0338ae5ea2df9,0,0,0,0,0,0,0.3093220338983051,0.2711864406779661,0.2711864406779661,0.2896272456039841
sigi,2023,ab2580311ae4e3516ec944e24539b8789f14d952,sigi/apps/home/__init__.py,Python,61af000091c41a48,0,0,0,0,0,0,0.3093220338983051,0.2711864406779661,0.2711864406779661,0.2896272456039841
sigi,2023,ab2580311ae4e3516ec944e24539b8789f14d952,sigi/apps/home/accounts_urls.py,Python,2367713b07682c92,36,0,0,0,0,0,0.3093220338983051,0.2711864406779661,0.2711864406779661,0.2896272456039841
sigi,2023,ab2580311ae4e3516ec944e24539b8789f14d952,sigi/apps/home/admin.py,Python,90556ae2e87886f6,23,5,0,0,0,0,0.3093220338983051,0.6779661016949152,0.3093220338983051,0.4579408842747897
sigi,2023,ab2580311ae4e3516ec944e24539b8789f14d952,sigi/apps/home/apps.py,Python,127b6e3e9d0d95e1,6,0,0,0,0,0,0.3093220338983051,0.2711864406779661,0.2711864406779661,0.2896272456039841
sigi,2023,ab2580311ae4e3516ec944e24539b8789f14d952,sigi/apps/home/context_processors.py,Python,c33b2cb3f47f2744,53,11,0,0,0,0,0.3093220338983051,0.7817796610169492,0.3093220338983051,0.4917536728953737
sigi,2023,ab2580311ae4e3516ec944e24539b8789f14d952,sigi/apps/home/forms.py,Python,d89e6c894bfce0d9,6,0,0,0,0,0,0.3093220338983051,0.2711864406779661,0.2711864406779661,0.2896272456039841
sigi,2023,ab2580311ae4e3516ec944e24539b8789f14d952,sigi/apps/home/mixins.py,Python,3636681ff00fd0d4,30,9,0,0,0,0,0.3093220338983051,0.7563559322033898,0.3093220338983051,0.48369159109932963
sigi,2023,ab2580311ae4e3516ec944e24539b8789f14d952,sigi/apps/home/models.py,Python,c2913a909d69ddad,61,2,0,0,0,0,0.3093220338983051,0.597457627118644,0.3093220338983051,0.42989162400353204
sigi,2023,ab2580311ae4e3516ec944e24539b8789f14d952,sigi/apps/home/templatetags/__init__.py,Python,34e491688dfd52d0,0,0,0,0,0,0,0.3093220338983051,0.2711864406779661,0.2711864406779661,0.2896272456039841
sigi,2023,ab2580311ae4e3516ec944e24539b8789f14d952,sigi/apps/home/templatetags/menus.py,Python,bdaad47a7736c2d8,9,1,0,0,0,0,0.3093220338983051,0.5614406779661016,0.3093220338983051,0.41673249503934523
sigi,2023,ab2580311ae4e3516ec944e24539b8789f14d952,sigi/apps/home/templatetags/smart_pagination.py,Python,f9419bc7b13faeae,33,6,0,0,0,0,0.3093220338983051,0.7055084745762712,0.3093220338983051,0.4671502074155837
sigi,2023,ab2580311ae4e3516ec944e24539b8789f14d952,sigi/apps/home/urls.py,Python,c3a073ae3ac4b2c0,83,0,0,0,0,0,0.3093220338983051,0.2711864406779661,0.2711864406779661,0.2896272456039841
sigi,2023,ab2580311ae4e3516ec944e24539b8789f14d952,sigi/apps/home/views.py,Python,1fc983b8df7bd048,1209,144,3,42,10,52,0.9110169491525424,0.9915254237288136,0.9110169491525424,0.9504191004670548
sigi,2023,ab2580311ae4e3516ec944e24539b8789f14d952,sigi/apps/inventario/__init__.py,Python,52e9395def22b85a,0,0,0,0,0,0,0.3093220338983051,0.2711864406779661,0.2711864406779661,0.2896272456039841
sigi,2023,ab2580311ae4e3516ec944e24539b8789f14d952,sigi/apps/inventario/admin.py,Python,38fea8932353ff5c,74,1,0,0,0,0,0.3093220338983051,0.5614406779661016,0.3093220338983051,0.41673249503934523
sigi,2023,ab2580311ae4e3516ec944e24539b8789f14d952,sigi/apps/inventario/apps.py,Python,81f7488365f2b038,5,0,0,0,0,0,0.3093220338983051,0.2711864406779661,0.2711864406779661,0.2896272456039841
sigi,2023,ab2580311ae4e3516ec944e24539b8789f14d952,sigi/apps/inventario/models.py,Python,dec1ffd66e62d101,72,6,0,0,0,0,0.3093220338983051,0.7055084745762712,0.3093220338983051,0.4671502074155837
sigi,2023,ab2580311ae4e3516ec944e24539b8789f14d952,sigi/apps/metas/__init__.py,Python,2cdc9999138959d9,0,0,0,0,0,0,0.3093220338983051,0.2711864406779661,0.2711864406779661,0.2896272456039841
sigi,2023,ab2580311ae4e3516ec944e24539b8789f14d952,sigi/apps/metas/admin.py,Python,7101fc2e2b0edb71,87,12,0,0,0,0,0.3093220338983051,0.8008474576271186,0.3093220338983051,0.4977145411131837
sigi,2023,ab2580311ae4e3516ec944e24539b8789f14d952,sigi/apps/metas/forms.py,Python,d0f73212f4ced106,1,0,0,0,0,0,0.3093220338983051,0.2711864406779661,0.2711864406779661,0.2896272456039841
sigi,2023,ab2580311ae4e3516ec944e24539b8789f14d952,sigi/apps/metas/management/__init__.py,Python,92e393dca2da3deb,0,0,0,0,0,0,0.3093220338983051,0.2711864406779661,0.2711864406779661,0.2896272456039841
sigi,2023,ab2580311ae4e3516ec944e24539b8789f14d952,sigi/apps/metas/management/commands/__init__.py,Python,5d92e90f6ac2f160,0,0,0,0,0,0,0.3093220338983051,0.2711864406779661,0.2711864406779661,0.2896272456039841
sigi,2023,ab2580311ae4e3516ec944e24539b8789f14d952,sigi/apps/metas/models.py,Python,83bf2adf89f46923,171,18,1,3,1,4,0.722457627118644,0.8601694915254238,0.722457627118644,0.7883121271218072
sigi,2023,ab2580311ae4e3516ec944e24539b8789f14d952,sigi/apps/metas/templatetags/__init__.py,Python,5de977f836383ddd,0,0,0,0,0,0,0.3093220338983051,0.2711864406779661,0.2711864406779661,0.2896272456039841
sigi,2023,ab2580311ae4e3516ec944e24539b8789f14d952,sigi/apps/metas/templatetags/mapa_tags.py,Python,915a4285d0454702,13,3,0,0,0,0,0.3093220338983051,0.6228813559322034,0.3093220338983051,0.43894296656203896
sigi,2023,ab2580311ae4e3516ec944e24539b8789f14d952,sigi/apps/metas/urls.py,Python,ff6c355c2b324381,14,0,0,0,0,0,0.3093220338983051,0.2711864406779661,0.2711864406779661,0.2896272456039841
sigi,2023,ab2580311ae4e3516ec944e24539b8789f14d952,sigi/apps/metas/views.py,Python,1701ef1f0e94f90e,284,33,1,3,1,4,0.722457627118644,0.9279661016949152,0.722457627118644,0.8187894649279794
sigi,2023,ab2580311ae4e3516ec944e24539b8789f14d952,sigi/apps/ocorrencias/__init__.py,Python,0e1912fb6922327a,0,0,0,0,0,0,0.3093220338983051,0.2711864406779661,0.2711864406779661,0.2896272456039841
sigi,2023,ab2580311ae4e3516ec944e24539b8789f14d952,sigi/apps/ocorrencias/admin.py,Python,c8bdab2e2b0ebb9b,156,14,0,0,0,0,0.3093220338983051,0.8283898305084746,0.3093220338983051,0.5062007775908227
sigi,2023,ab2580311ae4e3516ec944e24539b8789f14d952,sigi/apps/ocorrencias/admin_urls.py,Python,140cf21e14dafd23,19,0,0,0,0,0,0.3093220338983051,0.2711864406779661,0.2711864406779661,0.2896272456039841
sigi,2023,ab2580311ae4e3516ec944e24539b8789f14d952,sigi/apps/ocorrencias/apps.py,Python,773689fefebc48fe,5,0,0,0,0,0,0.3093220338983051,0.2711864406779661,0.2711864406779661,0.2896272456039841
sigi,2023,ab2580311ae4e3516ec944e24539b8789f14d952,sigi/apps/ocorrencias/filters.py,Python,2139457a6cf06339,30,7,0,0,0,0,0.3093220338983051,0.7266949152542372,0.3093220338983051,0.4741125912797477
sigi,2023,ab2580311ae4e3516ec944e24539b8789f14d952,sigi/apps/ocorrencias/forms.py,Python,28cb3966871d144b,230,7,0,0,0,0,0.3093220338983051,0.7266949152542372,0.3093220338983051,0.4741125912797477
sigi,2023,ab2580311ae4e3516ec944e24539b8789f14d952,sigi/apps/ocorrencias/models.py,Python,07e679d6422a12ba,277,30,1,6,2,8,0.722457627118644,0.9152542372881356,0.722457627118644,0.8131619792399734
sigi,2023,ab2580311ae4e3516ec944e24539b8789f14d952,sigi/apps/ocorrencias/urls.py,Python,849a7b7d0372a8fd,45,0,0,0,0,0,0.3093220338983051,0.2711864406779661,0.2711864406779661,0.2896272456039841
sigi,2023,ab2580311ae4e3516ec944e24539b8789f14d952,sigi/apps/ocorrencias/views.py,Python,b2c4c1c0368dd2fb,974,169,2,4,2,6,0.8601694915254238,1.0,0.8601694915254238,0.9274532287535711
sigi,2023,ab2580311ae4e3516ec944e24539b8789f14d952,sigi/apps/parlamentares/__init__.py,Python,7bb616c8663aff83,0,0,0,0,0,0,0.3093220338983051,0.2711864406779661,0.2711864406779661,0.2896272456039841
sigi,2023,ab2580311ae4e3516ec944e24539b8789f14d952,sigi/apps/parlamentares/admin.py,Python,63dcd5f2a3cf7c25,280,30,2,6,4,10,0.8601694915254238,0.9152542372881356,0.8601694915254238,0.8872844932177194
sigi,2023,ab2580311ae4e3516ec944e24539b8789f14d952,sigi/apps/parlamentares/apps.py,Python,83f64b5341f402e0,5,0,0,0,0,0,0.3093220338983051,0.2711864406779661,0.2711864406779661,0.2896272456039841
sigi,2023,ab2580311ae4e3516ec944e24539b8789f14d952,sigi/apps/parlamentares/forms.py,Python,cdc2c091496a3cb2,61,2,0,0,0,0,0.3093220338983051,0.597457627118644,0.3093220338983051,0.42989162400353204
sigi,2023,ab2580311ae4e3516ec944e24539b8789f14d952,sigi/apps/parlamentares/jobs/__init__.py,Python,211f16d23b9cbbcb,3,0,0,0,0,0,0.3093220338983051,0.2711864406779661,0.2711864406779661,0.2896272456039841
sigi,2023,ab2580311ae4e3516ec944e24539b8789f14d952,sigi/apps/parlamentares/jobs/daily/__init__.py,Python,06db33d7b75d0aad,0,0,0,0,0,0,0.3093220338983051,0.2711864406779661,0.2711864406779661,0.2896272456039841
sigi,2023,ab2580311ae4e3516ec944e24539b8789f14d952,sigi/apps/parlamentares/jobs/hourly/__init__.py,Python,a18f90228f551f9e,0,0,0,0,0,0,0.3093220338983051,0.2711864406779661,0.2711864406779661,0.2896272456039841
sigi,2023,ab2580311ae4e3516ec944e24539b8789f14d952,sigi/apps/parlamentares/jobs/minutely/__init__.py,Python,dd642c7c42883da7,0,0,0,0,0,0,0.3093220338983051,0.2711864406779661,0.2711864406779661,0.2896272456039841
sigi,2023,ab2580311ae4e3516ec944e24539b8789f14d952,sigi/apps/parlamentares/jobs/minutely/importa_parlamentar.py,Python,692e9553d4613211,310,53,0,0,0,0,0.3093220338983051,0.961864406779661,0.3093220338983051,0.5454593061260129
sigi,2023,ab2580311ae4e3516ec944e24539b8789f14d952,sigi/apps/parlamentares/jobs/monthly/__init__.py,Python,cbf3d8e09ce5306a,0,0,0,0,0,0,0.3093220338983051,0.2711864406779661,0.2711864406779661,0.2896272456039841
sigi,2023,ab2580311ae4e3516ec944e24539b8789f14d952,sigi/apps/parlamentares/jobs/weekly/__init__.py,Python,df796c6bfed53cbe,0,0,0,0,0,0,0.3093220338983051,0.2711864406779661,0.2711864406779661,0.2896272456039841
sigi,2023,ab2580311ae4e3516ec944e24539b8789f14d952,sigi/apps/parlamentares/jobs/yearly/__init__.py,Python,7797c57a341827fa,0,0,0,0,0,0,0.3093220338983051,0.2711864406779661,0.2711864406779661,0.2896272456039841
sigi,2023,ab2580311ae4e3516ec944e24539b8789f14d952,sigi/apps/parlamentares/models.py,Python,630900e8ae7983d4,131,5,1,7,2,9,0.722457627118644,0.6779661016949152,0.6779661016949152,0.699858400747884
sigi,2023,ab2580311ae4e3516ec944e24539b8789f14d952,sigi/apps/parlamentares/reports.py,Python,3a5148f2dec927bb,655,18,1,12,7,19,0.722457627118644,0.8601694915254238,0.722457627118644,0.7883121271218072
sigi,2023,ab2580311ae4e3516ec944e24539b8789f14d952,sigi/apps/parlamentares/urls.py,Python,43b0c013197d7c11,21,0,0,0,0,0,0.3093220338983051,0.2711864406779661,0.2711864406779661,0.2896272456039841
sigi,2023,ab2580311ae4e3516ec944e24539b8789f14d952,sigi/apps/parlamentares/views.py,Python,60d5f150cd167735,75,15,0,0,0,0,0.3093220338983051,0.8389830508474576,0.3093220338983051,0.5094270739706919
sigi,2023,ab2580311ae4e3516ec944e24539b8789f14d952,sigi/apps/relatorios/__init__.py,Python,78bc85c335111d94,0,0,0,0,0,0,0.3093220338983051,0.2711864406779661,0.2711864406779661,0.2896272456039841
sigi,2023,ab2580311ae4e3516ec944e24539b8789f14d952,sigi/apps/relatorios/models.py,Python,57fedd4d710b0aa1,1,0,0,0,0,0,0.3093220338983051,0.2711864406779661,0.2711864406779661,0.2896272456039841
sigi,2023,ab2580311ae4e3516ec944e24539b8789f14d952,sigi/apps/relatorios/reports.py,Python,11a12bda9603082a,113,0,0,0,0,0,0.3093220338983051,0.2711864406779661,0.2711864406779661,0.2896272456039841
sigi,2023,ab2580311ae4e3516ec944e24539b8789f14d952,sigi/apps/relatorios/views.py,Python,cfa5ed591fa074b6,0,0,0,0,0,0,0.3093220338983051,0.2711864406779661,0.2711864406779661,0.2896272456039841
sigi,2023,ab2580311ae4e3516ec944e24539b8789f14d952,sigi/apps/servicos/__init__.py,Python,c8fc5ddb43adb8f2,33,8,1,19,0,19,0.722457627118644,0.7457627118644068,0.722457627118644,0.7340176831705926
sigi,2023,ab2580311ae4e3516ec944e24539b8789f14d952,sigi/apps/servicos/admin.py,Python,4053efda00216adf,180,16,3,31,10,41,0.9110169491525424,0.8453389830508474,0.8453389830508474,0.8775637534325901
sigi,2023,ab2580311ae4e3516ec944e24539b8789f14d952,sigi/apps/servicos/apps.py,Python,525cc1e7ff96e801,5,0,0,0,0,0,0.3093220338983051,0.2711864406779661,0.2711864406779661,0.2896272456039841
sigi,2023,ab2580311ae4e3516ec944e24539b8789f14d952,sigi/apps/servicos/filters.py,Python,a560bff07dfca4ee,92,22,1,3,1,4,0.722457627118644,0.8834745762711864,0.722457627118644,0.7989198620590997
sigi,2023,ab2580311ae4e3516ec944e24539b8789f14d952,sigi/apps/servicos/jobs/__init__.py,Python,3254dbf6cbeb84b8,0,0,0,0,0,0,0.3093220338983051,0.2711864406779661,0.2711864406779661,0.2896272456039841
sigi,2023,ab2580311ae4e3516ec944e24539b8789f14d952,sigi/apps/servicos/jobs/daily/__init__.py,Python,0174f3cd9f9336e0,0,0,0,0,0,0,0.3093220338983051,0.2711864406779661,0.2711864406779661,0.2896272456039841
sigi,2023,ab2580311ae4e3516ec944e24539b8789f14d952,sigi/apps/servicos/jobs/daily/atualiza_uso_servicos.py,Python,1d14723ab057524d,17,2,0,0,0,0,0.3093220338983051,0.597457627118644,0.3093220338983051,0.42989162400353204
sigi,2023,ab2580311ae4e3516ec944e24539b8789f14d952,sigi/apps/servicos/jobs/daily/sincroniza_dns.py,Python,944779c85cc9de28,253,48,5,165,173,338,0.9639830508474576,0.9491525423728814,0.9491525423728814,0.9565390548828788
sigi,2023,ab2580311ae4e3516ec944e24539b8789f14d952,sigi/apps/servicos/jobs/daily/sincroniza_rancher.py,Python,6d2c9f322f0a01fa,196,30,5,174,178,352,0.9639830508474576,0.9152542372881356,0.9152542372881356,0.9393027051819237
sigi,2023,ab2580311ae4e3516ec944e24539b8789f14d952,sigi/apps/servicos/jobs/daily/verifica_dominios.py,Python,fb8582f50c7b01a4,40,3,2,45,1,46,0.8601694915254238,0.6228813559322034,0.6228813559322034,0.7319723623285718
sigi,2023,ab2580311ae4e3516ec944e24539b8789f14d952,sigi/apps/servicos/jobs/hourly/__init__.py,Python,c7471d86469699a9,0,0,0,0,0,0,0.3093220338983051,0.2711864406779661,0.2711864406779661,0.2896272456039841
sigi,2023,ab2580311ae4e3516ec944e24539b8789f14d952,sigi/apps/servicos/jobs/monthly/__init__.py,Python,c8a504c1f6247f72,0,0,0,0,0,0,0.3093220338983051,0.2711864406779661,0.2711864406779661,0.2896272456039841
sigi,2023,ab2580311ae4e3516ec944e24539b8789f14d952,sigi/apps/servicos/jobs/weekly/__init__.py,Python,b3b91bb3264c4ba6,0,0,0,0,0,0,0.3093220338983051,0.2711864406779661,0.2711864406779661,0.2896272456039841
sigi,2023,ab2580311ae4e3516ec944e24539b8789f14d952,sigi/apps/servicos/jobs/yearly/__init__.py,Python,23cfb570f7f1d04a,0,0,0,0,0,0,0.3093220338983051,0.2711864406779661,0.2711864406779661,0.2896272456039841
sigi,2023,ab2580311ae4e3516ec944e24539b8789f14d952,sigi/apps/servicos/management/__init__.py,Python,7550e5d40dbbd535,0,0,0,0,0,0,0.3093220338983051,0.2711864406779661,0.2711864406779661,0.2896272456039841
sigi,2023,ab2580311ae4e3516ec944e24539b8789f14d952,sigi/apps/servicos/management/commands/__init__.py,Python,75791ba09f6c6350,0,0,0,0,0,0,0.3093220338983051,0.2711864406779661,0.2711864406779661,0.2896272456039841
sigi,2023,ab2580311ae4e3516ec944e24539b8789f14d952,sigi/apps/servicos/management/commands/atualiza_uso_servico.py,Python,8b59a60b3edc7dc8,21,5,0,0,0,0,0.3093220338983051,0.6779661016949152,0.3093220338983051,0.4579408842747897
sigi,2023,ab2580311ae4e3516ec944e24539b8789f14d952,sigi/apps/servicos/management/commands/importa_servico.py,Python,7e6b9286602476b4,207,28,0,0,0,0,0.3093220338983051,0.902542372881356,0.3093220338983051,0.5283713111620119
sigi,2023,ab2580311ae4e3516ec944e24539b8789f14d952,sigi/apps/servicos/models.py,Python,60bbe3d4752236bc,353,44,3,8,2,10,0.9110169491525424,0.940677966101695,0.9110169491525424,0.9257286701906693
sigi,2023,ab2580311ae4e3516ec944e24539b8789f14d952,sigi/apps/servicos/urls.py,Python,2b19b523a1dc68ee,15,0,1,2,2,4,0.722457627118644,0.2711864406779661,0.2711864406779661,0.4426293171932405
sigi,2023,ab2580311ae4e3516ec944e24539b8789f14d952,sigi/apps/servicos/views.py,Python,869c1ab319f0c66c,124,13,3,26,8,34,0.9110169491525424,0.815677966101695,0.815677966101695,0.8620304241550394
sigi,2023,ab2580311ae4e3516ec944e24539b8789f14d952,sigi/apps/servidores/__init__.py,Python,438a0f4c738e8f4c,0,0,0,0,0,0,0.3093220338983051,0.2711864406779661,0.2711864406779661,0.2896272456039841
sigi,2023,ab2580311ae4e3516ec944e24539b8789f14d952,sigi/apps/servidores/admin.py,Python,d133df57627c25a3,141,12,1,1,0,1,0.722457627118644,0.8008474576271186,0.722457627118644,0.7606433815667412
sigi,2023,ab2580311ae4e3516ec944e24539b8789f14d952,sigi/apps/servidores/apps.py,Python,45046ca6b345308f,5,0,0,0,0,0,0.3093220338983051,0.2711864406779661,0.2711864406779661,0.2896272456039841
sigi,2023,ab2580311ae4e3516ec944e24539b8789f14d952,sigi/apps/servidores/filters.py,Python,b6b05d3f39739684,17,5,0,0,0,0,0.3093220338983051,0.6779661016949152,0.3093220338983051,0.4579408842747897
sigi,2023,ab2580311ae4e3516ec944e24539b8789f14d952,sigi/apps/servidores/jobs/__init__.py,Python,4b1517eeea060d24,0,0,1,0,0,0,0.722457627118644,0.2711864406779661,0.2711864406779661,0.4426293171932405
sigi,2023,ab2580311ae4e3516ec944e24539b8789f14d952,sigi/apps/servidores/jobs/daily/__init__.py,Python,d4205c7579520938,0,0,1,0,0,0,0.722457627118644,0.2711864406779661,0.2711864406779661,0.4426293171932405
sigi,2023,ab2580311ae4e3516ec944e24539b8789f14d952,sigi/apps/servidores/jobs/daily/sync_ldap.py,Python,940f2f913e6b7f45,118,18,1,136,0,136,0.722457627118644,0.8601694915254238,0.722457627118644,0.7883121271218072
sigi,2023,ab2580311ae4e3516ec944e24539b8789f14d952,sigi/apps/servidores/jobs/hourly/__init__.py,Python,e6cdf065f9134180,0,0,1,0,0,0,0.722457627118644,0.2711864406779661,0.2711864406779661,0.4426293171932405
sigi,2023,ab2580311ae4e3516ec944e24539b8789f14d952,sigi/apps/servidores/jobs/monthly/__init__.py,Python,032a982669ecd6e4,0,0,1,0,0,0,0.722457627118644,0.2711864406779661,0.2711864406779661,0.4426293171932405
sigi,2023,ab2580311ae4e3516ec944e24539b8789f14d952,sigi/apps/servidores/jobs/weekly/__init__.py,Python,586ce3dba3b3dbd4,0,0,1,0,0,0,0.722457627118644,0.2711864406779661,0.2711864406779661,0.4426293171932405
sigi,2023,ab2580311ae4e3516ec944e24539b8789f14d952,sigi/apps/servidores/jobs/yearly/__init__.py,Python,8d4d6596d76b9937,0,0,1,0,0,0,0.722457627118644,0.2711864406779661,0.2711864406779661,0.4426293171932405
sigi,2023,ab2580311ae4e3516ec944e24539b8789f14d952,sigi/apps/servidores/management/__init__.py,Python,57a61bced5c9e26a,0,0,0,0,0,0,0.3093220338983051,0.2711864406779661,0.2711864406779661,0.2896272456039841
sigi,2023,ab2580311ae4e3516ec944e24539b8789f14d952,sigi/apps/servidores/management/commands/__init__.py,Python,5a860a10457f6d49,0,0,0,0,0,0,0.3093220338983051,0.2711864406779661,0.2711864406779661,0.2896272456039841
sigi,2023,ab2580311ae4e3516ec944e24539b8789f14d952,sigi/apps/servidores/management/commands/mescla_servidor.py,Python,a59edcbe3128220c,51,5,1,44,53,97,0.722457627118644,0.6779661016949152,0.6779661016949152,0.699858400747884
sigi,2023,ab2580311ae4e3516ec944e24539b8789f14d952,sigi/apps/servidores/management/commands/mescla_usuarios.py,Python,c8bfa9ae41c47f30,52,5,1,62,0,62,0.722457627118644,0.6779661016949152,0.6779661016949152,0.699858400747884
sigi,2023,ab2580311ae4e3516ec944e24539b8789f14d952,sigi/apps/servidores/models.py,Python,a5de56c766db1ec8,104,10,2,21,35,56,0.8601694915254238,0.7669491525423728,0.7669491525423728,0.8122230374522921
sigi,2023,ab2580311ae4e3516ec944e24539b8789f14d952,sigi/apps/servidores/utils.py,Python,c327281fb8bafe1b,137,30,2,208,0,208,0.8601694915254238,0.9152542372881356,0.8601694915254238,0.8872844932177194
sigi,2023,ab2580311ae4e3516ec944e24539b8789f14d952,sigi/apps/servidores/views.py,Python,44714062d8f6b885,0,0,0,0,0,0,0.3093220338983051,0.2711864406779661,0.2711864406779661,0.2896272456039841
sigi,2023,ab2580311ae4e3516ec944e24539b8789f14d952,sigi/apps/utils/__init__.py,Python,9b13fe7454f1f580,74,20,3,12,13,25,0.9110169491525424,0.8771186440677966,0.8771186440677966,0.8939071266991101
sigi,2023,ab2580311ae4e3516ec944e24539b8789f14d952,sigi/apps/utils/admin.py,Python,ded6e45a2b68649e,10,0,0,0,0,0,0.3093220338983051,0.2711864406779661,0.2711864406779661,0.2896272456039841
sigi,2023,ab2580311ae4e3516ec944e24539b8789f14d952,sigi/apps/utils/apps.py,Python,ce39ea742926ed7a,5,0,0,0,0,0,0.3093220338983051,0.2711864406779661,0.2711864406779661,0.2896272456039841
sigi,2023,ab2580311ae4e3516ec944e24539b8789f14d952,sigi/apps/utils/base_admin.py,Python,2e6ad19ead50dd4e,23,6,0,0,0,0,0.3093220338983051,0.7055084745762712,0.3093220338983051,0.4671502074155837
sigi,2023,ab2580311ae4e3516ec944e24539b8789f14d952,sigi/apps/utils/context_processors.py,Python,6eb5c12226af1f1d,3,2,0,0,0,0,0.3093220338983051,0.597457627118644,0.3093220338983051,0.42989162400353204
sigi,2023,ab2580311ae4e3516ec944e24539b8789f14d952,sigi/apps/utils/decorators.py,Python,72f14aa02eb79878,42,12,0,0,0,0,0.3093220338983051,0.8008474576271186,0.3093220338983051,0.4977145411131837
sigi,2023,ab2580311ae4e3516ec944e24539b8789f14d952,sigi/apps/utils/email.py,Python,8a0370758a40217e,21,5,0,0,0,0,0.3093220338983051,0.6779661016949152,0.3093220338983051,0.4579408842747897
sigi,2023,ab2580311ae4e3516ec944e24539b8789f14d952,sigi/apps/utils/filters.py,Python,c58dee53678b1d52,185,39,2,9,74,83,0.8601694915254238,0.9322033898305084,0.8601694915254238,0.8954624033586138
sigi,2023,ab2580311ae4e3516ec944e24539b8789f14d952,sigi/apps/utils/management/__init__.py,Python,685402eb87ff8d88,0,0,1,0,0,0,0.722457627118644,0.2711864406779661,0.2711864406779661,0.4426293171932405
sigi,2023,ab2580311ae4e3516ec944e24539b8789f14d952,sigi/apps/utils/management/jobs.py,Python,79ba13b486a8b65e,102,12,2,125,6,131,0.8601694915254238,0.8008474576271186,0.8008474576271186,0.8299786445545132
sigi,2023,ab2580311ae4e3516ec944e24539b8789f14d952,sigi/apps/utils/middleware.py,Python,cb808c8c2fb2fa63,46,14,0,0,0,0,0.3093220338983051,0.8283898305084746,0.3093220338983051,0.5062007775908227
sigi,2023,ab2580311ae4e3516ec944e24539b8789f14d952,sigi/apps/utils/mixins.py,Python,3fcea63a011060a7,304,64,8,254,206,460,0.9830508474576272,0.9745762711864406,0.9745762711864406,0.9788043876597227
sigi,2023,ab2580311ae4e3516ec944e24539b8789f14d952,sigi/apps/utils/models.py,Python,217b2af6ca62e447,24,1,0,0,0,0,0.3093220338983051,0.5614406779661016,0.3093220338983051,0.41673249503934523
sigi,2023,ab2580311ae4e3516ec944e24539b8789f14d952,sigi/apps/utils/pagination.py,Python,6891d6802b7d9d3a,5,0,1,7,0,7,0.722457627118644,0.2711864406779661,0.2711864406779661,0.4426293171932405
sigi,2023,ab2580311ae4e3516ec944e24539b8789f14d952,sigi/apps/utils/templatetags/__init__.py,Python,4a6343cb9621526c,0,0,0,0,0,0,0.3093220338983051,0.2711864406779661,0.2711864406779661,0.2896272456039841
sigi,2023,ab2580311ae4e3516ec944e24539b8789f14d952,sigi/apps/utils/templatetags/action_icons.py,Python,9034c146aa7d1db3,21,4,1,9,1,10,0.722457627118644,0.6461864406779662,0.6461864406779662,0.6832586059527138
sigi,2023,ab2580311ae4e3516ec944e24539b8789f14d952,sigi/apps/utils/templatetags/dict_get.py,Python,ab337351bd2b1a63,11,2,1,14,0,14,0.722457627118644,0.597457627118644,0.597457627118644,0.656991491263069
sigi,2023,ab2580311ae4e3516ec944e24539b8789f14d952,sigi/apps/utils/templatetags/file_image.py,Python,b580b96d1ccc27b1,21,6,0,0,0,0,0.3093220338983051,0.7055084745762712,0.3093220338983051,0.4671502074155837
sigi,2023,ab2580311ae4e3516ec944e24539b8789f14d952,sigi/apps/utils/templatetags/model_fields.py,Python,f444fdd30cd79092,10,3,0,0,0,0,0.3093220338983051,0.6228813559322034,0.3093220338983051,0.43894296656203896
sigi,2023,ab2580311ae4e3516ec944e24539b8789f14d952,sigi/apps/utils/templatetags/pdf.py,Python,af7f4bb3f78a8a1b,6,1,0,0,0,0,0.3093220338983051,0.5614406779661016,0.3093220338983051,0.41673249503934523
sigi,2023,ab2580311ae4e3516ec944e24539b8789f14d952,sigi/apps/utils/templatetags/sigi_tags.py,Python,a4cfe5ddc9b58f6e,31,8,2,40,2,42,0.8601694915254238,0.7457627118644068,0.7457627118644068,0.8009259220820787
sigi,2023,ab2580311ae4e3516ec944e24539b8789f14d952,sigi/apps/whois/__init__.py,Python,439272f78178964d,0,0,0,0,0,0,0.3093220338983051,0.2711864406779661,0.2711864406779661,0.2896272456039841
sigi,2023,ab2580311ae4e3516ec944e24539b8789f14d952,sigi/apps/whois/admin.py,Python,e6e699d98f65d62c,1,0,0,0,0,0,0.3093220338983051,0.2711864406779661,0.2711864406779661,0.2896272456039841
sigi,2023,ab2580311ae4e3516ec944e24539b8789f14d952,sigi/apps/whois/models.py,Python,5d7c87f6a0ecb159,1,0,0,0,0,0,0.3093220338983051,0.2711864406779661,0.2711864406779661,0.2896272456039841
sigi,2023,ab2580311ae4e3516ec944e24539b8789f14d952,sigi/apps/whois/urls.py,Python,933b6cf474bf5754,7,0,0,0,0,0,0.3093220338983051,0.2711864406779661,0.2711864406779661,0.2896272456039841
sigi,2023,ab2580311ae4e3516ec944e24539b8789f14d952,sigi/apps/whois/views.py,Python,04a930cf1236da05,66,10,1,3,1,4,0.722457627118644,0.7669491525423728,0.722457627118644,0.7443710532163497
sigi,2023,ab2580311ae4e3516ec944e24539b8789f14d952,sigi/asgi.py,Python,bdc726e110c4b8bc,4,0,0,0,0,0,0.3093220338983051,0.2711864406779661,0.2711864406779661,0.2896272456039841
sigi,2023,ab2580311ae4e3516ec944e24539b8789f14d952,sigi/settings.py,Python,3f31b4cbfb6621d2,204,0,9,38,3,41,0.989406779661017,0.2711864406779661,0.2711864406779661,0.5179900606758009
sigi,2023,ab2580311ae4e3516ec944e24539b8789f14d952,sigi/shortcuts.py,Python,6342ebb826410b9f,35,5,1,3,1,4,0.722457627118644,0.6779661016949152,0.6779661016949152,0.699858400747884
sigi,2023,ab2580311ae4e3516ec944e24539b8789f14d952,sigi/urls.py,Python,ccf09753e7213f9b,61,0,4,43,6,49,0.9427966101694916,0.2711864406779661,0.2711864406779661,0.5056418267856372
sigi,2023,ab2580311ae4e3516ec944e24539b8789f14d952,sigi/wsgi.py,Python,947a6d2d9cc9d758,4,0,0,0,0,0,0.3093220338983051,0.2711864406779661,0.2711864406779661,0.2896272456039841
sigi,2024,0333a6c684ab60f2855552f50f407fbe6c68c23e,etc/migracao/migra.py,Python,f3cf235d8440c123,336,55,0,0,0,0,0.3549618320610687,0.9656488549618321,0.3549618320610687,0.5854643342552346
sigi,2024,0333a6c684ab60f2855552f50f407fbe6c68c23e,manage.py,Python,59d9ace2172d7f29,15,2,0,0,0,0,0.3549618320610687,0.6030534351145038,0.3549618320610687,0.46266721534918065
sigi,2024,0333a6c684ab60f2855552f50f407fbe6c68c23e,scripts/__init__.py,Python,f56e49dd536a4c18,0,0,0,0,0,0,0.3549618320610687,0.28053435114503816,0.28053435114503816,0.3155613842638321
sigi,2024,0333a6c684ab60f2855552f50f407fbe6c68c23e,scripts/casas_com_PM_e_SAPL.py,Python,e61d8ea0f239c0a5,48,2,0,0,0,0,0.3549618320610687,0.6030534351145038,0.3549618320610687,0.46266721534918065
sigi,2024,0333a6c684ab60f2855552f50f407fbe6c68c23e,scripts/casas_que_usam_LEGBR_ou_PM.py,Python,8b5b9d2184f078b4,46,7,0,0,0,0,0.3549618320610687,0.7251908396946565,0.3549618320610687,0.507360886403278
sigi,2024,0333a6c684ab60f2855552f50f407fbe6c68c23e,scripts/contatos_de_casas_que_usam_portalmodelo.py,Python,a74843c186ab8dc7,81,7,0,0,0,0,0.3549618320610687,0.7251908396946565,0.3549618320610687,0.507360886403278
sigi,2024,0333a6c684ab60f2855552f50f407fbe6c68c23e,scripts/csv_writer.py,Python,5dd6218c876bb3dc,27,7,0,0,0,0,0.3549618320610687,0.7251908396946565,0.3549618320610687,0.507360886403278
sigi,2024,0333a6c684ab60f2855552f50f407fbe6c68c23e,scripts/importa_pesquisa.py,Python,ae9a0ee89dd8ca90,76,13,0,0,0,0,0.3549618320610687,0.8015267175572519,0.3549618320610687,0.5333960930771962
sigi,2024,0333a6c684ab60f2855552f50f407fbe6c68c23e,scripts/servicos_seit_ate_2013_2014.py,Python,28918bf2e5ad16d7,15,1,0,0,0,0,0.3549618320610687,0.5725190839694656,0.3549618320610687,0.45080197751976014
sigi,2024,0333a6c684ab60f2855552f50f407fbe6c68c23e,scripts/urls de portais modelo por estado municipio.py,Python,40e79634ea37a42a,15,0,0,0,0,0,0.3549618320610687,0.28053435114503816,0.28053435114503816,0.3155613842638321
sigi,2024,0333a6c684ab60f2855552f50f407fbe6c68c23e,scripts/user_from_session.py,Python,77a4ef2d4b29ac2e,8,1,0,0,0,0,0.3549618320610687,0.5725190839694656,0.3549618320610687,0.45080197751976014
sigi,2024,0333a6c684ab60f2855552f50f407fbe6c68c23e,scripts/verificacao_arquivos_faltando_media.py,Python,15789ce2df9589d6,52,5,0,0,0,0,0.3549618320610687,0.683206106870229,0.3549618320610687,0.4924551668629001
sigi,2024,0333a6c684ab60f2855552f50f407fbe6c68c23e,setup.py,Python,307d946fc1cb54f5,2,0,0,0,0,0,0.3549618320610687,0.28053435114503816,0.28053435114503816,0.3155613842638321
sigi,2024,0333a6c684ab60f2855552f50f407fbe6c68c23e,sigi/__init__.py,Python,1a3e5af2e57e6675,0,0,0,0,0,0,0.3549618320610687,0.28053435114503816,0.28053435114503816,0.3155613842638321
sigi,2024,0333a6c684ab60f2855552f50f407fbe6c68c23e,sigi/apps/__init__.py,Python,8a73921b744382c2,0,0,0,0,0,0,0.3549618320610687,0.28053435114503816,0.28053435114503816,0.3155613842638321
sigi,2024,0333a6c684ab60f2855552f50f407fbe6c68c23e,sigi/apps/casas/__init__.py,Python,7b930d5254e224ee,0,0,0,0,0,0,0.3549618320610687,0.28053435114503816,0.28053435114503816,0.3155613842638321
sigi,2024,0333a6c684ab60f2855552f50f407fbe6c68c23e,sigi/apps/casas/admin.py,Python,1cf477cc6f7c09f9,525,52,6,37,24,61,0.9770992366412213,0.9580152671755725,0.9580152671755725,0.9675101995575486
sigi,2024,0333a6c684ab60f2855552f50f407fbe6c68c23e,sigi/apps/casas/admin_urls.py,Python,c7c3631e09500518,16,0,2,13,3,16,0.9007633587786259,0.28053435114503816,0.28053435114503816,0.5026878399068223
sigi,2024,0333a6c684ab60f2855552f50f407fbe6c68c23e,sigi/apps/casas/api_urls.py,Python,02750aa979aad36b,7,0,1,8,0,8,0.7977099236641222,0.28053435114503816,0.28053435114503816,0.4730592307915283
sigi,2024,0333a6c684ab60f2855552f50f407fbe6c68c23e,sigi/apps/casas/apps.py,Python,f86e5cc407c9a165,5,0,0,0,0,0,0.3549618320610687,0.28053435114503816,0.28053435114503816,0.3155613842638321
sigi,2024,0333a6c684ab60f2855552f50f407fbe6c68c23e,sigi/apps/casas/filters.py,Python,2df2511295ec2bc3,44,10,0,0,0,0,0.3549618320610687,0.7633587786259542,0.3549618320610687,0.5205412861444983
sigi,2024,0333a6c684ab60f2855552f50f407fbe6c68c23e,sigi/apps/casas/forms.py,Python,fca3e46e968ae90c,96,9,3,51,4,55,0.9255725190839694,0.7480916030534351,0.7480916030534351,0.8321135917311607
sigi,2024,0333a6c684ab60f2855552f50f407fbe6c68c23e,sigi/apps/casas/jobs/__init__.py,Python,aa50adb1a44b0d29,0,0,0,0,0,0,0.3549618320610687,0.28053435114503816,0.28053435114503816,0.3155613842638321
sigi,2024,0333a6c684ab60f2855552f50f407fbe6c68c23e,sigi/apps/casas/jobs/daily/__init__.py,Python,6fbd584465403b63,0,0,0,0,0,0,0.3549618320610687,0.28053435114503816,0.28053435114503816,0.3155613842638321
sigi,2024,0333a6c684ab60f2855552f50f407fbe6c68c23e,sigi/apps/casas/jobs/daily/sanitiza_email_orgao.py,Python,4177f87fc4060e21,101,10,1,105,0,105,0.7977099236641222,0.7633587786259542,0.7633587786259542,0.7803453549717891
sigi,2024,0333a6c684ab60f2855552f50f407fbe6c68c23e,sigi/apps/casas/jobs/daily/usuario_contato.py,Python,3af0f1d58faad608,63,4,0,0,0,0,0.3549618320610687,0.6564885496183206,0.3549618320610687,0.4827301298858741
sigi,2024,0333a6c684ab60f2855552f50f407fbe6c68c23e,sigi/apps/casas/jobs/hourly/__init__.py,Python,b9c3c5eef75c45d4,0,0,0,0,0,0,0.3549618320610687,0.28053435114503816,0.28053435114503816,0.3155613842638321
sigi,2024,0333a6c684ab60f2855552f50f407fbe6c68c23e,sigi/apps/casas/jobs/monthly/__init__.py,Python,111a623a176a1da1,0,0,0,0,0,0,0.3549618320610687,0.28053435114503816,0.28053435114503816,0.3155613842638321
sigi,2024,0333a6c684ab60f2855552f50f407fbe6c68c23e,sigi/apps/casas/jobs/weekly/__init__.py,Python,92634744888ad357,0,0,0,0,0,0,0.3549618320610687,0.28053435114503816,0.28053435114503816,0.3155613842638321
sigi,2024,0333a6c684ab60f2855552f50f407fbe6c68c23e,sigi/apps/casas/jobs/yearly/__init__.py,Python,0a3e4c707eaf499e,0,0,0,0,0,0,0.3549618320610687,0.28053435114503816,0.28053435114503816,0.3155613842638321
sigi,2024,0333a6c684ab60f2855552f50f407fbe6c68c23e,sigi/apps/casas/management/__init__.py,Python,4328c1adc2c6f55d,0,0,0,0,0,0,0.3549618320610687,0.28053435114503816,0.28053435114503816,0.3155613842638321
sigi,2024,0333a6c684ab60f2855552f50f407fbe6c68c23e,sigi/apps/casas/management/commands/__init__.py,Python,08aedd3ccf04b506,0,0,0,0,0,0,0.3549618320610687,0.28053435114503816,0.28053435114503816,0.3155613842638321
sigi,2024,0333a6c684ab60f2855552f50f407fbe6c68c23e,sigi/apps/casas/management/commands/importa_gerentes.py,Python,603a39f4d9fc9708,71,8,0,0,0,0,0.3549618320610687,0.7385496183206107,0.3549618320610687,0.5120126224880467
sigi,2024,0333a6c684ab60f2855552f50f407fbe6c68c23e,sigi/apps/casas/models.py,Python,c8b1914885fb82b1,291,33,1,9,1,10,0.7977099236641222,0.9179389312977099,0.7977099236641222,0.8557154870713876
sigi,2024,0333a6c684ab60f2855552f50f407fbe6c68c23e,sigi/apps/casas/scripts/importa_panorama.py,Python,0b835e0a6c29fbe8,76,25,0,0,0,0,0.3549618320610687,0.8912213740458015,0.3549618320610687,0.5624496170354112
sigi,2024,0333a6c684ab60f2855552f50f407fbe6c68c23e,sigi/apps/casas/serializers.py,Python,df1e9e3d493ecc26,116,12,3,151,13,164,0.9255725190839694,0.7881679389312977,0.7881679389312977,0.8541115762579625
sigi,2024,0333a6c684ab60f2855552f50f407fbe6c68c23e,sigi/apps/casas/urls.py,Python,1a1eb5445fcb6e82,26,0,0,0,0,0,0.3549618320610687,0.28053435114503816,0.28053435114503816,0.3155613842638321
sigi,2024,0333a6c684ab60f2855552f50f407fbe6c68c23e,sigi/apps/casas/views.py,Python,e8c4484217913e4f,597,86,5,271,107,378,0.9694656488549618,0.9790076335877863,0.9694656488549618,0.974224958995685
sigi,2024,0333a6c684ab60f2855552f50f407fbe6c68c23e,sigi/apps/contatos/__init__.py,Python,430d06fc3d58547f,0,0,0,0,0,0,0.3549618320610687,0.28053435114503816,0.28053435114503816,0.3155613842638321
sigi,2024,0333a6c684ab60f2855552f50f407fbe6c68c23e,sigi/apps/contatos/admin.py,Python,42cf26fda5b5f8f9,174,3,1,6,9,15,0.7977099236641222,0.6335877862595419,0.6335877862595419,0.7109284525264264
sigi,2024,0333a6c684ab60f2855552f50f407fbe6c68c23e,sigi/apps/contatos/apps.py,Python,4a5e1be40abcec20,5,0,0,0,0,0,0.3549618320610687,0.28053435114503816,0.28053435114503816,0.3155613842638321
sigi,2024,0333a6c684ab60f2855552f50f407fbe6c68c23e,sigi/apps/contatos/jobs/__init__.py,Python,607fc607e4b55eed,0,0,0,0,0,0,0.3549618320610687,0.28053435114503816,0.28053435114503816,0.3155613842638321
sigi,2024,0333a6c684ab60f2855552f50f407fbe6c68c23e,sigi/apps/contatos/jobs/daily/__init__.py,Python,67e748cc553cfc3e,0,0,0,0,0,0,0.3549618320610687,0.28053435114503816,0.28053435114503816,0.3155613842638321
sigi,2024,0333a6c684ab60f2855552f50f407fbe6c68c23e,sigi/apps/contatos/jobs/hourly/__init__.py,Python,e6219323385f4e66,0,0,0,0,0,0,0.3549618320610687,0.28053435114503816,0.28053435114503816,0.3155613842638321
sigi,2024,0333a6c684ab60f2855552f50f407fbe6c68c23e,sigi/apps/contatos/jobs/monthly/__init__.py,Python,305de8c56b98c575,0,0,0,0,0,0,0.3549618320610687,0.28053435114503816,0.28053435114503816,0.3155613842638321
sigi,2024,0333a6c684ab60f2855552f50f407fbe6c68c23e,sigi/apps/contatos/jobs/monthly/atualiza_ibge.py,Python,3806bc676f8907c4,153,18,0,0,0,0,0.3549618320610687,0.8549618320610687,0.3549618320610687,0.5508891161120218
sigi,2024,0333a6c684ab60f2855552f50f407fbe6c68c23e,sigi/apps/contatos/jobs/weekly/__init__.py,Python,2b31fb7ce8783fe3,0,0,0,0,0,0,0.3549618320610687,0.28053435114503816,0.28053435114503816,0.3155613842638321
sigi,2024,0333a6c684ab60f2855552f50f407fbe6c68c23e,sigi/apps/contatos/jobs/yearly/__init__.py,Python,c335023e075c43d8,0,0,0,0,0,0,0.3549618320610687,0.28053435114503816,0.28053435114503816,0.3155613842638321
sigi,2024,0333a6c684ab60f2855552f50f407fbe6c68c23e,sigi/apps/contatos/management/__init__.py,Python,4bca5a699d443368,0,0,0,0,0,0,0.3549618320610687,0.28053435114503816,0.28053435114503816,0.3155613842638321
sigi,2024,0333a6c684ab60f2855552f50f407fbe6c68c23e,sigi/apps/contatos/management/commands/__init__.py,Python,2e4c2445f3feb677,0,0,0,0,0,0,0.3549618320610687,0.28053435114503816,0.28053435114503816,0.3155613842638321
sigi,2024,0333a6c684ab60f2855552f50f407fbe6c68c23e,sigi/apps/contatos/management/commands/importa_mesomicro.py,Python,b8476bdbd6894af6,108,9,0,0,0,0,0.3549618320610687,0.7480916030534351,0.3549618320610687,0.5153095826484785
sigi,2024,0333a6c684ab60f2855552f50f407fbe6c68c23e,sigi/apps/contatos/models.py,Python,49b0faee9f48afb6,299,7,0,0,0,0,0.3549618320610687,0.7251908396946565,0.3549618320610687,0.507360886403278
sigi,2024,0333a6c684ab60f2855552f50f407fbe6c68c23e,sigi/apps/convenios/__init__.py,Python,86f7f55f254a167d,0,0,0,0,0,0,0.3549618320610687,0.28053435114503816,0.28053435114503816,0.3155613842638321
sigi,2024,0333a6c684ab60f2855552f50f407fbe6c68c23e,sigi/apps/convenios/admin.py,Python,2ce2ec12d13318e6,291,18,4,20,15,35,0.9522900763358778,0.8549618320610687,0.8549618320610687,0.9023146171473102
sigi,2024,0333a6c684ab60f2855552f50f407fbe6c68c23e,sigi/apps/convenios/apps.py,Python,eb01423883428586,5,0,0,0,0,0,0.3549618320610687,0.28053435114503816,0.28053435114503816,0.3155613842638321
sigi,2024,0333a6c684ab60f2855552f50f407fbe6c68c23e,sigi/apps/convenios/filters.py,Python,983be6148b754221,95,22,1,11,5,16,0.7977099236641222,0.8778625954198473,0.7977099236641222,0.836827164939066
sigi,2024,0333a6c684ab60f2855552f50f407fbe6c68c23e,sigi/apps/convenios/jobs/__init__.py,Python,b20f9318cffd68ff,0,0,0,0,0,0,0.3549618320610687,0.28053435114503816,0.28053435114503816,0.3155613842638321
sigi,2024,0333a6c684ab60f2855552f50f407fbe6c68c23e,sigi/apps/convenios/jobs/daily/__init__.py,Python,7edad751cf628cbf,0,0,0,0,0,0,0.3549618320610687,0.28053435114503816,0.28053435114503816,0.3155613842638321
sigi,2024,0333a6c684ab60f2855552f50f407fbe6c68c23e,sigi/apps/convenios/jobs/hourly/__init__.py,Python,fa50f2b896c15ac0,0,0,0,0,0,0,0.3549618320610687,0.28053435114503816,0.28053435114503816,0.3155613842638321
sigi,2024,0333a6c684ab60f2855552f50f407fbe6c68c23e,sigi/apps/convenios/jobs/hourly/importa_gescon.py,Python,0ede4dfc0fd26e69,13,1,0,0,0,0,0.3549618320610687,0.5725190839694656,0.3549618320610687,0.45080197751976014
sigi,2024,0333a6c684ab60f2855552f50f407fbe6c68c23e,sigi/apps/convenios/jobs/monthly/__init__.py,Python,9bace3f967d8a754,0,0,0,0,0,0,0.3549618320610687,0.28053435114503816,0.28053435114503816,0.3155613842638321
sigi,2024,0333a6c684ab60f2855552f50f407fbe6c68c23e,sigi/apps/convenios/jobs/weekly/__init__.py,Python,c7668cc04617f128,0,0,0,0,0,0,0.3549618320610687,0.28053435114503816,0.28053435114503816,0.3155613842638321
sigi,2024,0333a6c684ab60f2855552f50f407fbe6c68c23e,sigi/apps/convenios/jobs/yearly/__init__.py,Python,508f736dc9c725f7,0,0,0,0,0,0,0.3549618320610687,0.28053435114503816,0.28053435114503816,0.3155613842638321
sigi,2024,0333a6c684ab60f2855552f50f407fbe6c68c23e,sigi/apps/convenios/management/__init__.py,Python,67ec9e16f2a99eac,0,0,0,0,0,0,0.3549618320610687,0.28053435114503816,0.28053435114503816,0.3155613842638321
sigi,2024,0333a6c684ab60f2855552f50f407fbe6c68c23e,sigi/apps/convenios/management/commands/__init__.py,Python,c13baf31fe917fe2,0,0,0,0,0,0,0.3549618320610687,0.28053435114503816,0.28053435114503816,0.3155613842638321
sigi,2024,0333a6c684ab60f2855552f50f407fbe6c68c23e,sigi/apps/convenios/models.py,Python,c85b8fe8f692c4d7,949,130,6,366,264,630,0.9770992366412213,0.9847328244274809,0.9770992366412213,0.9809086048371914
sigi,2024,0333a6c684ab60f2855552f50f407fbe6c68c23e,sigi/apps/convenios/urls.py,Python,490e8d4ff65d8abb,15,0,2,6,1,7,0.9007633587786259,0.28053435114503816,0.28053435114503816,0.5026878399068223
sigi,2024,0333a6c684ab60f2855552f50f407fbe6c68c23e,sigi/apps/convenios/views.py,Python,c1ce5805984baa30,184,15,2,124,76,200,0.9007633587786259,0.8187022900763359,0.8187022900763359,0.8587531802845991
sigi,2024,0333a6c684ab60f2855552f50f407fbe6c68c23e,sigi/apps/diagnosticos/__init__.py,Python,b83e1f02aadfa305,0,0,0,0,0,0,0.3549618320610687,0.28053435114503816,0.28053435114503816,0.3155613842638321
sigi,2024,0333a6c684ab60f2855552f50f407fbe6c68c23e,sigi/apps/diagnosticos/admin.py,Python,cd49ef0e889b87a9,181,16,0,0,0,0,0.3549618320610687,0.8320610687022901,0.3549618320610687,0.5434610577891075
sigi,2024,0333a6c684ab60f2855552f50f407fbe6c68c23e,sigi/apps/diagnosticos/decorators.py,Python,8a451c3b617266fa,16,4,0,0,0,0,0.3549618320610687,0.6564885496183206,0.3549618320610687,0.4827301298858741
sigi,2024,0333a6c684ab60f2855552f50f407fbe6c68c23e,sigi/apps/diagnosticos/forms.py,Python,c5d4c6bc5af85992,185,25,0,0,0,0,0.3549618320610687,0.8912213740458015,0.3549618320610687,0.5624496170354112
sigi,2024,0333a6c684ab60f2855552f50f407fbe6c68c23e,sigi/apps/diagnosticos/management/__init__.py,Python,2e81385cadccb290,0,0,0,0,0,0,0.3549618320610687,0.28053435114503816,0.28053435114503816,0.3155613842638321
sigi,2024,0333a6c684ab60f2855552f50f407fbe6c68c23e,sigi/apps/diagnosticos/management/commands/__init__.py,Python,a7ff0ee5505b47c4,0,0,0,0,0,0,0.3549618320610687,0.28053435114503816,0.28053435114503816,0.3155613842638321
sigi,2024,0333a6c684ab60f2855552f50f407fbe6c68c23e,sigi/apps/diagnosticos/management/commands/ls_export.py,Python,fc5eb1d5703320c5,728,41,0,0,0,0,0.3549618320610687,0.9370229007633588,0.3549618320610687,0.5767212199478521
sigi,2024,0333a6c684ab60f2855552f50f407fbe6c68c23e,sigi/apps/diagnosticos/models.py,Python,e980b52d58bce66c,193,23,0,0,0,0,0.3549618320610687,0.8816793893129771,0.3549618320610687,0.559430541998753
sigi,2024,0333a6c684ab60f2855552f50f407fbe6c68c23e,sigi/apps/diagnosticos/templatetags/__init__.py,Python,9789c79108f08574,0,0,0,0,0,0,0.3549618320610687,0.28053435114503816,0.28053435114503816,0.3155613842638321
sigi,2024,0333a6c684ab60f2855552f50f407fbe6c68c23e,sigi/apps/diagnosticos/templatetags/smart_if.py,Python,11f9a0ea0345871f,170,58,0,0,0,0,0.3549618320610687,0.9732824427480916,0.3549618320610687,0.5877738672233862
sigi,2024,0333a6c684ab60f2855552f50f407fbe6c68c23e,sigi/apps/diagnosticos/urls.py,Python,079aea8483c1136d,59,0,0,0,0,0,0.3549618320610687,0.28053435114503816,0.28053435114503816,0.3155613842638321
sigi,2024,0333a6c684ab60f2855552f50f407fbe6c68c23e,sigi/apps/diagnosticos/views.py,Python,9e0b8dfa3274f0f3,336,51,0,0,0,0,0.3549618320610687,0.9541984732824428,0.3549618320610687,0.5819828504571338
sigi,2024,0333a6c684ab60f2855552f50f407fbe6c68c23e,sigi/apps/diagnosticos/widgets.py,Python,da9cd9de76b82461,61,11,0,0,0,0,0.3549618320610687,0.7748091603053435,0.3549618320610687,0.5244308143498845
sigi,2024,0333a6c684ab60f2855552f50f407fbe6c68c23e,sigi/apps/espacos/__init__.py,Python,8a9b5231f76bf1e8,0,0,0,0,0,0,0.3549618320610687,0.28053435114503816,0.28053435114503816,0.3155613842638321
sigi,2024,0333a6c684ab60f2855552f50f407fbe6c68c23e,sigi/apps/espacos/admin.py,Python,ab57cc553526c5a8,149,10,2,24,16,40,0.9007633587786259,0.7633587786259542,0.7633587786259542,0.829219884824444
sigi,2024,0333a6c684ab60f2855552f50f407fbe6c68c23e,sigi/apps/espacos/admin_urls.py,Python,1871fb5bbf77218f,11,0,1,5,0,5,0.7977099236641222,0.28053435114503816,0.28053435114503816,0.4730592307915283
sigi,2024,0333a6c684ab60f2855552f50f407fbe6c68c23e,sigi/apps/espacos/apps.py,Python,1e9c0b85b7e63333,7,0,1,0,5,5,0.7977099236641222,0.28053435114503816,0.28053435114503816,0.4730592307915283
sigi,2024,0333a6c684ab60f2855552f50f407fbe6c68c23e,sigi/apps/espacos/forms.py,Python,6a41ba0939976fc4,57,4,1,2,7,9,0.7977099236641222,0.6564885496183206,0.6564885496183206,0.7236625116740543
sigi,2024,0333a6c684ab60f2855552f50f407fbe6c68c23e,sigi/apps/espacos/jobs/__init__.py,Python,c36e5954dae8e589,0,0,1,0,0,0,0.7977099236641222,0.28053435114503816,0.28053435114503816,0.4730592307915283
sigi,2024,0333a6c684ab60f2855552f50f407fbe6c68c23e,sigi/apps/espacos/jobs/daily/__init__.py,Python,2b3eed0479eb8ec2,0,0,1,0,0,0,0.7977099236641222,0.28053435114503816,0.28053435114503816,0.4730592307915283
sigi,2024,0333a6c684ab60f2855552f50f407fbe6c68c23e,sigi/apps/espacos/jobs/hourly/__init__.py,Python,9f59d9a03fb1e674,0,0,1,0,0,0,0.7977099236641222,0.28053435114503816,0.28053435114503816,0.4730592307915283
sigi,2024,0333a6c684ab60f2855552f50f407fbe6c68c23e,sigi/apps/espacos/jobs/hourly/sincroniza_reservas.py,Python,9611b68f4a50c5da,556,56,2,609,3,612,0.9007633587786259,0.9694656488549618,0.9007633587786259,0.934483351421038
sigi,2024,0333a6c684ab60f2855552f50f407fbe6c68c23e,sigi/apps/espacos/jobs/monthly/__init__.py,Python,5f5c7a371faf89c7,0,0,1,0,0,0,0.7977099236641222,0.28053435114503816,0.28053435114503816,0.4730592307915283
sigi,2024,0333a6c684ab60f2855552f50f407fbe6c68c23e,sigi/apps/espacos/jobs/weekly/__init__.py,Python,5ac4c9973912cbf6,0,0,1,0,0,0,0.7977099236641222,0.28053435114503816,0.28053435114503816,0.4730592307915283
sigi,2024,0333a6c684ab60f2855552f50f407fbe6c68c23e,sigi/apps/espacos/jobs/yearly/__init__.py,Python,efa0b7dde8985b91,0,0,1,0,0,0,0.7977099236641222,0.28053435114503816,0.28053435114503816,0.4730592307915283
sigi,2024,0333a6c684ab60f2855552f50f407fbe6c68c23e,sigi/apps/espacos/models.py,Python,1cebe78c65930d30,219,15,1,74,25,99,0.7977099236641222,0.8187022900763359,0.7977099236641222,0.8081379469622967
sigi,2024,0333a6c684ab60f2855552f50f407fbe6c68c23e,sigi/apps/espacos/views.py,Python,afe0213102953fd6,246,34,4,138,52,190,0.9522900763358778,0.9236641221374046,0.9236641221374046,0.9378678890861658
sigi,2024,0333a6c684ab60f2855552f50f407fbe6c68c23e,sigi/apps/eventos/__init__.py,Python,05dd4f1574de7d3b,0,0,0,0,0,0,0.3549618320610687,0.28053435114503816,0.28053435114503816,0.3155613842638321
sigi,2024,0333a6c684ab60f2855552f50f407fbe6c68c23e,sigi/apps/eventos/admin.py,Python,ce44b53bba4681d0,1580,150,8,61,258,319,0.9923664122137404,0.9961832061068703,0.9923664122137404,0.9942729776836219
sigi,2024,0333a6c684ab60f2855552f50f407fbe6c68c23e,sigi/apps/eventos/admin_urls.py,Python,ae7872ae12ab6e08,29,0,4,22,1,23,0.9522900763358778,0.28053435114503816,0.28053435114503816,0.516865629217831
sigi,2024,0333a6c684ab60f2855552f50f407fbe6c68c23e,sigi/apps/eventos/api_urls.py,Python,a2793963958501d4,14,0,0,0,0,0,0.3549618320610687,0.28053435114503816,0.28053435114503816,0.3155613842638321
sigi,2024,0333a6c684ab60f2855552f50f407fbe6c68c23e,sigi/apps/eventos/apps.py,Python,5cec9865a56a4604,5,0,0,0,0,0,0.3549618320610687,0.28053435114503816,0.28053435114503816,0.3155613842638321
sigi,2024,0333a6c684ab60f2855552f50f407fbe6c68c23e,sigi/apps/eventos/forms.py,Python,c3a21909f45ef8bb,226,17,6,128,39,167,0.9770992366412213,0.8416030534351145,0.8416030534351145,0.9068239636590838
sigi,2024,0333a6c684ab60f2855552f50f407fbe6c68c23e,sigi/apps/eventos/jobs/__init__.py,Python,ae1cabde8430f52d,0,0,0,0,0,0,0.3549618320610687,0.28053435114503816,0.28053435114503816,0.3155613842638321
sigi,2024,0333a6c684ab60f2855552f50f407fbe6c68c23e,sigi/apps/eventos/jobs/daily/__init__.py,Python,da9e0e98268279a1,0,0,0,0,0,0,0.3549618320610687,0.28053435114503816,0.28053435114503816,0.3155613842638321
sigi,2024,0333a6c684ab60f2855552f50f407fbe6c68c23e,sigi/apps/eventos/jobs/daily/encerra_inscricao.py,Python,66aa368a1c9e4406,70,3,3,40,26,66,0.9255725190839694,0.6335877862595419,0.6335877862595419,0.765788119122437
sigi,2024,0333a6c684ab60f2855552f50f407fbe6c68c23e,sigi/apps/eventos/jobs/daily/sincroniza_saberes.py,Python,f91e9fa3e62d2de4,66,4,1,1,0,1,0.7977099236641222,0.6564885496183206,0.6564885496183206,0.7236625116740543
sigi,2024,0333a6c684ab60f2855552f50f407fbe6c68c23e,sigi/apps/eventos/jobs/hourly/__init__.py,Python,805b65dc352fdbb7,0,0,0,0,0,0,0.3549618320610687,0.28053435114503816,0.28053435114503816,0.3155613842638321
sigi,2024,0333a6c684ab60f2855552f50f407fbe6c68c23e,sigi/apps/eventos/jobs/monthly/__init__.py,Python,1263793465df54e4,0,0,0,0,0,0,0.3549618320610687,0.28053435114503816,0.28053435114503816,0.3155613842638321
sigi,2024,0333a6c684ab60f2855552f50f407fbe6c68c23e,sigi/apps/eventos/jobs/weekly/__init__.py,Python,6f42eb0e9f70469a,0,0,0,0,0,0,0.3549618320610687,0.28053435114503816,0.28053435114503816,0.3155613842638321
sigi,2024,0333a6c684ab60f2855552f50f407fbe6c68c23e,sigi/apps/eventos/jobs/yearly/__init__.py,Python,edc63163974e59e9,0,0,0,0,0,0,0.3549618320610687,0.28053435114503816,0.28053435114503816,0.3155613842638321
sigi,2024,0333a6c684ab60f2855552f50f407fbe6c68c23e,sigi/apps/eventos/management/__init__.py,Python,372eb697641a42ba,0,0,1,0,0,0,0.7977099236641222,0.28053435114503816,0.28053435114503816,0.4730592307915283
sigi,2024,0333a6c684ab60f2855552f50f407fbe6c68c23e,sigi/apps/eventos/management/commands/__init__.py,Python,d6a5739a96118207,0,0,1,0,0,0,0.7977099236641222,0.28053435114503816,0.28053435114503816,0.4730592307915283
sigi,2024,0333a6c684ab60f2855552f50f407fbe6c68c23e,sigi/apps/eventos/management/commands/carga_participantes.py,Python,10b343fcddcfcc4e,18,3,1,21,0,21,0.7977099236641222,0.6335877862595419,0.6335877862595419,0.7109284525264264
sigi,2024,0333a6c684ab60f2855552f50f407fbe6c68c23e,sigi/apps/eventos/models.py,Python,419970de88378335,1072,86,4,81,15,96,0.9522900763358778,0.9790076335877863,0.9522900763358778,0.9655564479214668
sigi,2024,0333a6c684ab60f2855552f50f407fbe6c68c23e,sigi/apps/eventos/serializers.py,Python,ed5390254108bcda,101,20,1,16,0,16,0.7977099236641222,0.8702290076335878,0.7977099236641222,0.8331808418642942
sigi,2024,0333a6c684ab60f2855552f50f407fbe6c68c23e,sigi/apps/eventos/urls.py,Python,a3b5aff9ba1ce54e,3,0,0,0,0,0,0.3549618320610687,0.28053435114503816,0.28053435114503816,0.3155613842638321
sigi,2024,0333a6c684ab60f2855552f50f407fbe6c68c23e,sigi/apps/eventos/views.py,Python,8fbbf6d3f95d7b81,1246,137,10,1167,217,1384,1.0,0.9885496183206107,0.9885496183206107,0.9942583257487013
sigi,2024,0333a6c684ab60f2855552f50f407fbe6c68c23e,sigi/apps/financeiro/__init__.py,Python,251f1934651acd85,0,0,0,0,0,0,0.3549618320610687,0.28053435114503816,0.28053435114503816,0.3155613842638321
sigi,2024,0333a6c684ab60f2855552f50f407fbe6c68c23e,sigi/apps/financeiro/admin.py,Python,6becb74c534ace66,21,0,0,0,0,0,0.3549618320610687,0.28053435114503816,0.28053435114503816,0.3155613842638321
sigi,2024,0333a6c684ab60f2855552f50f407fbe6c68c23e,sigi/apps/financeiro/forms.py,Python,c0152d30ad6b391a,1,0,0,0,0,0,0.3549618320610687,0.28053435114503816,0.28053435114503816,0.3155613842638321
sigi,2024,0333a6c684ab60f2855552f50f407fbe6c68c23e,sigi/apps/financeiro/models.py,Python,fb029c4528e1c79f,20,1,0,0,0,0,0.3549618320610687,0.5725190839694656,0.3549618320610687,0.45080197751976014
sigi,2024,0333a6c684ab60f2855552f50f407fbe6c68c23e,sigi/apps/financeiro/urls.py,Python,ba19cff85959562c,1,0,0,0,0,0,0.3549618320610687,0.28053435114503816,0.28053435114503816,0.3155613842638321
sigi,2024,0333a6c684ab60f2855552f50f407fbe6c68c23e,sigi/apps/financeiro/views.py,Python,58a0338ae5ea2df9,0,0,0,0,0,0,0.3549618320610687,0.28053435114503816,0.28053435114503816,0.3155613842638321
sigi,2024,0333a6c684ab60f2855552f50f407fbe6c68c23e,sigi/apps/home/__init__.py,Python,61af000091c41a48,0,0,0,0,0,0,0.3549618320610687,0.28053435114503816,0.28053435114503816,0.3155613842638321
sigi,2024,0333a6c684ab60f2855552f50f407fbe6c68c23e,sigi/apps/home/accounts_urls.py,Python,2367713b07682c92,36,0,0,0,0,0,0.3549618320610687,0.28053435114503816,0.28053435114503816,0.3155613842638321
sigi,2024,0333a6c684ab60f2855552f50f407fbe6c68c23e,sigi/apps/home/admin.py,Python,90556ae2e87886f6,23,5,0,0,0,0,0.3549618320610687,0.683206106870229,0.3549618320610687,0.4924551668629001
sigi,2024,0333a6c684ab60f2855552f50f407fbe6c68c23e,sigi/apps/home/apps.py,Python,127b6e3e9d0d95e1,6,0,0,0,0,0,0.3549618320610687,0.28053435114503816,0.28053435114503816,0.3155613842638321
sigi,2024,0333a6c684ab60f2855552f50f407fbe6c68c23e,sigi/apps/home/context_processors.py,Python,c33b2cb3f47f2744,56,12,1,4,1,5,0.7977099236641222,0.7881679389312977,0.7881679389312977,0.7929245780018387
sigi,2024,0333a6c684ab60f2855552f50f407fbe6c68c23e,sigi/apps/home/forms.py,Python,d89e6c894bfce0d9,6,0,0,0,0,0,0.3549618320610687,0.28053435114503816,0.28053435114503816,0.3155613842638321
sigi,2024,0333a6c684ab60f2855552f50f407fbe6c68c23e,sigi/apps/home/mixins.py,Python,3636681ff00fd0d4,30,9,0,0,0,0,0.3549618320610687,0.7480916030534351,0.3549618320610687,0.5153095826484785
sigi,2024,0333a6c684ab60f2855552f50f407fbe6c68c23e,sigi/apps/home/models.py,Python,c2913a909d69ddad,61,2,0,0,0,0,0.3549618320610687,0.6030534351145038,0.3549618320610687,0.46266721534918065
sigi,2024,0333a6c684ab60f2855552f50f407fbe6c68c23e,sigi/apps/home/templatetags/__init__.py,Python,34e491688dfd52d0,0,0,0,0,0,0,0.3549618320610687,0.28053435114503816,0.28053435114503816,0.3155613842638321
sigi,2024,0333a6c684ab60f2855552f50f407fbe6c68c23e,sigi/apps/home/templatetags/smart_pagination.py,Python,f9419bc7b13faeae,33,6,0,0,0,0,0.3549618320610687,0.7080152671755725,0.3549618320610687,0.5013166627630167
sigi,2024,0333a6c684ab60f2855552f50f407fbe6c68c23e,sigi/apps/home/urls.py,Python,c3a073ae3ac4b2c0,85,0,1,2,0,2,0.7977099236641222,0.28053435114503816,0.28053435114503816,0.4730592307915283
sigi,2024,0333a6c684ab60f2855552f50f407fbe6c68c23e,sigi/apps/home/views.py,Python,1fc983b8df7bd048,1245,146,4,70,30,100,0.9522900763358778,0.9923664122137404,0.9522900763358778,0.972121744659682
sigi,2024,0333a6c684ab60f2855552f50f407fbe6c68c23e,sigi/apps/inventario/__init__.py,Python,52e9395def22b85a,0,0,0,0,0,0,0.3549618320610687,0.28053435114503816,0.28053435114503816,0.3155613842638321
sigi,2024,0333a6c684ab60f2855552f50f407fbe6c68c23e,sigi/apps/inventario/admin.py,Python,38fea8932353ff5c,74,1,0,0,0,0,0.3549618320610687,0.5725190839694656,0.3549618320610687,0.45080197751976014
sigi,2024,0333a6c684ab60f2855552f50f407fbe6c68c23e,sigi/apps/inventario/apps.py,Python,81f7488365f2b038,5,0,0,0,0,0,0.3549618320610687,0.28053435114503816,0.28053435114503816,0.3155613842638321
sigi,2024,0333a6c684ab60f2855552f50f407fbe6c68c23e,sigi/apps/inventario/models.py,Python,dec1ffd66e62d101,72,6,0,0,0,0,0.3549618320610687,0.7080152671755725,0.3549618320610687,0.5013166627630167
sigi,2024,0333a6c684ab60f2855552f50f407fbe6c68c23e,sigi/apps/metas/__init__.py,Python,2cdc9999138959d9,0,0,0,0,0,0,0.3549618320610687,0.28053435114503816,0.28053435114503816,0.3155613842638321
sigi,2024,0333a6c684ab60f2855552f50f407fbe6c68c23e,sigi/apps/metas/admin.py,Python,7101fc2e2b0edb71,87,12,0,0,0,0,0.3549618320610687,0.7881679389312977,0.3549618320610687,0.528932448971369
sigi,2024,0333a6c684ab60f2855552f50f407fbe6c68c23e,sigi/apps/metas/forms.py,Python,d0f73212f4ced106,1,0,0,0,0,0,0.3549618320610687,0.28053435114503816,0.28053435114503816,0.3155613842638321
sigi,2024,0333a6c684ab60f2855552f50f407fbe6c68c23e,sigi/apps/metas/management/__init__.py,Python,92e393dca2da3deb,0,0,0,0,0,0,0.3549618320610687,0.28053435114503816,0.28053435114503816,0.3155613842638321
sigi,2024,0333a6c684ab60f2855552f50f407fbe6c68c23e,sigi/apps/metas/management/commands/__init__.py,Python,5d92e90f6ac2f160,0,0,0,0,0,0,0.3549618320610687,0.28053435114503816,0.28053435114503816,0.3155613842638321
sigi,2024,0333a6c684ab60f2855552f50f407fbe6c68c23e,sigi/apps/metas/models.py,Python,83bf2adf89f46923,171,18,0,0,0,0,0.3549618320610687,0.8549618320610687,0.3549618320610687,0.5508891161120218
sigi,2024,0333a6c684ab60f2855552f50f407fbe6c68c23e,sigi/apps/metas/templatetags/__init__.py,Python,5de977f836383ddd,0,0,0,0,0,0,0.3549618320610687,0.28053435114503816,0.28053435114503816,0.3155613842638321
sigi,2024,0333a6c684ab60f2855552f50f407fbe6c68c23e,sigi/apps/metas/templatetags/mapa_tags.py,Python,915a4285d0454702,13,3,0,0,0,0,0.3549618320610687,0.6335877862595419,0.3549618320610687,0.4742356812621798
sigi,2024,0333a6c684ab60f2855552f50f407fbe6c68c23e,sigi/apps/metas/urls.py,Python,ff6c355c2b324381,14,0,0,0,0,0,0.3549618320610687,0.28053435114503816,0.28053435114503816,0.3155613842638321
sigi,2024,0333a6c684ab60f2855552f50f407fbe6c68c23e,sigi/apps/metas/views.py,Python,1701ef1f0e94f90e,284,33,0,0,0,0,0.3549618320610687,0.9179389312977099,0.3549618320610687,0.5708180837829286
sigi,2024,0333a6c684ab60f2855552f50f407fbe6c68c23e,sigi/apps/ocorrencias/__init__.py,Python,0e1912fb6922327a,0,0,0,0,0,0,0.3549618320610687,0.28053435114503816,0.28053435114503816,0.3155613842638321
sigi,2024,0333a6c684ab60f2855552f50f407fbe6c68c23e,sigi/apps/ocorrencias/admin.py,Python,c8bdab2e2b0ebb9b,156,14,0,0,0,0,0.3549618320610687,0.8072519083969466,0.3549618320610687,0.5352976894582809
sigi,2024,0333a6c684ab60f2855552f50f407fbe6c68c23e,sigi/apps/ocorrencias/admin_urls.py,Python,140cf21e14dafd23,19,0,0,0,0,0,0.3549618320610687,0.28053435114503816,0.28053435114503816,0.3155613842638321
sigi,2024,0333a6c684ab60f2855552f50f407fbe6c68c23e,sigi/apps/ocorrencias/apps.py,Python,773689fefebc48fe,5,0,0,0,0,0,0.3549618320610687,0.28053435114503816,0.28053435114503816,0.3155613842638321
sigi,2024,0333a6c684ab60f2855552f50f407fbe6c68c23e,sigi/apps/ocorrencias/filters.py,Python,2139457a6cf06339,10,2,1,0,24,24,0.7977099236641222,0.6030534351145038,0.6030534351145038,0.6935861227638407
sigi,2024,0333a6c684ab60f2855552f50f407fbe6c68c23e,sigi/apps/ocorrencias/forms.py,Python,28cb3966871d144b,218,7,1,4,16,20,0.7977099236641222,0.7251908396946565,0.7251908396946565,0.7605865692836977
sigi,2024,0333a6c684ab60f2855552f50f407fbe6c68c23e,sigi/apps/ocorrencias/models.py,Python,07e679d6422a12ba,277,30,0,0,0,0,0.3549618320610687,0.9064885496183206,0.3549618320610687,0.5672467155611393
sigi,2024,0333a6c684ab60f2855552f50f407fbe6c68c23e,sigi/apps/ocorrencias/urls.py,Python,849a7b7d0372a8fd,45,0,0,0,0,0,0.3549618320610687,0.28053435114503816,0.28053435114503816,0.3155613842638321
sigi,2024,0333a6c684ab60f2855552f50f407fbe6c68c23e,sigi/apps/ocorrencias/views.py,Python,b2c4c1c0368dd2fb,974,169,0,0,0,0,0.3549618320610687,1.0,0.3549618320610687,0.595786733706843
sigi,2024,0333a6c684ab60f2855552f50f407fbe6c68c23e,sigi/apps/parlamentares/__init__.py,Python,7bb616c8663aff83,0,0,0,0,0,0,0.3549618320610687,0.28053435114503816,0.28053435114503816,0.3155613842638321
sigi,2024,0333a6c684ab60f2855552f50f407fbe6c68c23e,sigi/apps/parlamentares/admin.py,Python,63dcd5f2a3cf7c25,275,30,1,5,10,15,0.7977099236641222,0.9064885496183206,0.7977099236641222,0.8503616358458508
sigi,2024,0333a6c684ab60f2855552f50f407fbe6c68c23e,sigi/apps/parlamentares/apps.py,Python,83f64b5341f402e0,5,0,0,0,0,0,0.3549618320610687,0.28053435114503816,0.28053435114503816,0.3155613842638321
sigi,2024,0333a6c684ab60f2855552f50f407fbe6c68c23e,sigi/apps/parlamentares/forms.py,Python,cdc2c091496a3cb2,57,2,1,0,4,4,0.7977099236641222,0.6030534351145038,0.6030534351145038,0.6935861227638407
sigi,2024,0333a6c684ab60f2855552f50f407fbe6c68c23e,sigi/apps/parlamentares/jobs/__init__.py,Python,211f16d23b9cbbcb,3,0,0,0,0,0,0.3549618320610687,0.28053435114503816,0.28053435114503816,0.3155613842638321
sigi,2024,0333a6c684ab60f2855552f50f407fbe6c68c23e,sigi/apps/parlamentares/jobs/daily/__init__.py,Python,06db33d7b75d0aad,0,0,0,0,0,0,0.3549618320610687,0.28053435114503816,0.28053435114503816,0.3155613842638321
sigi,2024,0333a6c684ab60f2855552f50f407fbe6c68c23e,sigi/apps/parlamentares/jobs/hourly/__init__.py,Python,a18f90228f551f9e,0,0,0,0,0,0,0.3549618320610687,0.28053435114503816,0.28053435114503816,0.3155613842638321
sigi,2024,0333a6c684ab60f2855552f50f407fbe6c68c23e,sigi/apps/parlamentares/jobs/minutely/__init__.py,Python,dd642c7c42883da7,0,0,0,0,0,0,0.3549618320610687,0.28053435114503816,0.28053435114503816,0.3155613842638321
sigi,2024,0333a6c684ab60f2855552f50f407fbe6c68c23e,sigi/apps/parlamentares/jobs/minutely/importa_parlamentar.py,Python,692e9553d4613211,310,53,0,0,0,0,0.3549618320610687,0.9618320610687023,0.3549618320610687,0.584306144527011
sigi,2024,0333a6c684ab60f2855552f50f407fbe6c68c23e,sigi/apps/parlamentares/jobs/monthly/__init__.py,Python,cbf3d8e09ce5306a,0,0,0,0,0,0,0.3549618320610687,0.28053435114503816,0.28053435114503816,0.3155613842638321
sigi,2024,0333a6c684ab60f2855552f50f407fbe6c68c23e,sigi/apps/parlamentares/jobs/weekly/__init__.py,Python,df796c6bfed53cbe,0,0,0,0,0,0,0.3549618320610687,0.28053435114503816,0.28053435114503816,0.3155613842638321
sigi,2024,0333a6c684ab60f2855552f50f407fbe6c68c23e,sigi/apps/parlamentares/jobs/yearly/__init__.py,Python,7797c57a341827fa,0,0,0,0,0,0,0.3549618320610687,0.28053435114503816,0.28053435114503816,0.3155613842638321
sigi,2024,0333a6c684ab60f2855552f50f407fbe6c68c23e,sigi/apps/parlamentares/models.py,Python,630900e8ae7983d4,131,5,0,0,0,0,0.3549618320610687,0.683206106870229,0.3549618320610687,0.4924551668629001
sigi,2024,0333a6c684ab60f2855552f50f407fbe6c68c23e,sigi/apps/parlamentares/reports.py,Python,3a5148f2dec927bb,655,18,0,0,0,0,0.3549618320610687,0.8549618320610687,0.3549618320610687,0.5508891161120218
sigi,2024,0333a6c684ab60f2855552f50f407fbe6c68c23e,sigi/apps/parlamentares/urls.py,Python,43b0c013197d7c11,21,0,0,0,0,0,0.3549618320610687,0.28053435114503816,0.28053435114503816,0.3155613842638321
sigi,2024,0333a6c684ab60f2855552f50f407fbe6c68c23e,sigi/apps/parlamentares/views.py,Python,60d5f150cd167735,75,15,0,0,0,0,0.3549618320610687,0.8187022900763359,0.3549618320610687,0.5390807590687027
sigi,2024,0333a6c684ab60f2855552f50f407fbe6c68c23e,sigi/apps/relatorios/__init__.py,Python,78bc85c335111d94,0,0,0,0,0,0,0.3549618320610687,0.28053435114503816,0.28053435114503816,0.3155613842638321
sigi,2024,0333a6c684ab60f2855552f50f407fbe6c68c23e,sigi/apps/relatorios/models.py,Python,57fedd4d710b0aa1,1,0,0,0,0,0,0.3549618320610687,0.28053435114503816,0.28053435114503816,0.3155613842638321
sigi,2024,0333a6c684ab60f2855552f50f407fbe6c68c23e,sigi/apps/relatorios/reports.py,Python,11a12bda9603082a,113,0,0,0,0,0,0.3549618320610687,0.28053435114503816,0.28053435114503816,0.3155613842638321
sigi,2024,0333a6c684ab60f2855552f50f407fbe6c68c23e,sigi/apps/relatorios/views.py,Python,cfa5ed591fa074b6,0,0,0,0,0,0,0.3549618320610687,0.28053435114503816,0.28053435114503816,0.3155613842638321
sigi,2024,0333a6c684ab60f2855552f50f407fbe6c68c23e,sigi/apps/servicos/__init__.py,Python,c8fc5ddb43adb8f2,33,8,0,0,0,0,0.3549618320610687,0.7385496183206107,0.3549618320610687,0.5120126224880467
sigi,2024,0333a6c684ab60f2855552f50f407fbe6c68c23e,sigi/apps/servicos/admin.py,Python,4053efda00216adf,179,16,2,7,8,15,0.9007633587786259,0.8320610687022901,0.8320610687022901,0.8657309760850699
sigi,2024,0333a6c684ab60f2855552f50f407fbe6c68c23e,sigi/apps/servicos/api_urls.py,Python,bf328543d0cd2c7a,5,0,1,6,0,6,0.7977099236641222,0.28053435114503816,0.28053435114503816,0.4730592307915283
sigi,2024,0333a6c684ab60f2855552f50f407fbe6c68c23e,sigi/apps/servicos/apps.py,Python,525cc1e7ff96e801,5,0,0,0,0,0,0.3549618320610687,0.28053435114503816,0.28053435114503816,0.3155613842638321
sigi,2024,0333a6c684ab60f2855552f50f407fbe6c68c23e,sigi/apps/servicos/filters.py,Python,a560bff07dfca4ee,82,19,1,24,39,63,0.7977099236641222,0.8664122137404581,0.7977099236641222,0.8313516830346612
sigi,2024,0333a6c684ab60f2855552f50f407fbe6c68c23e,sigi/apps/servicos/jobs/__init__.py,Python,3254dbf6cbeb84b8,0,0,0,0,0,0,0.3549618320610687,0.28053435114503816,0.28053435114503816,0.3155613842638321
sigi,2024,0333a6c684ab60f2855552f50f407fbe6c68c23e,sigi/apps/servicos/jobs/daily/__init__.py,Python,0174f3cd9f9336e0,0,0,0,0,0,0,0.3549618320610687,0.28053435114503816,0.28053435114503816,0.3155613842638321
sigi,2024,0333a6c684ab60f2855552f50f407fbe6c68c23e,sigi/apps/servicos/jobs/daily/atualiza_uso_servicos.py,Python,1d14723ab057524d,17,2,0,0,0,0,0.3549618320610687,0.6030534351145038,0.3549618320610687,0.46266721534918065
sigi,2024,0333a6c684ab60f2855552f50f407fbe6c68c23e,sigi/apps/servicos/jobs/daily/sincroniza_dns.py,Python,944779c85cc9de28,253,48,0,0,0,0,0.3549618320610687,0.950381679389313,0.3549618320610687,0.580817718456751
sigi,2024,0333a6c684ab60f2855552f50f407fbe6c68c23e,sigi/apps/servicos/jobs/daily/sincroniza_rancher.py,Python,6d2c9f322f0a01fa,230,41,3,65,23,88,0.9255725190839694,0.9370229007633588,0.9255725190839694,0.9312801118347317
sigi,2024,0333a6c684ab60f2855552f50f407fbe6c68c23e,sigi/apps/servicos/jobs/daily/verifica_dominios.py,Python,fb8582f50c7b01a4,40,3,0,0,0,0,0.3549618320610687,0.6335877862595419,0.3549618320610687,0.4742356812621798
sigi,2024,0333a6c684ab60f2855552f50f407fbe6c68c23e,sigi/apps/servicos/jobs/hourly/__init__.py,Python,c7471d86469699a9,0,0,0,0,0,0,0.3549618320610687,0.28053435114503816,0.28053435114503816,0.3155613842638321
sigi,2024,0333a6c684ab60f2855552f50f407fbe6c68c23e,sigi/apps/servicos/jobs/monthly/__init__.py,Python,c8a504c1f6247f72,0,0,0,0,0,0,0.3549618320610687,0.28053435114503816,0.28053435114503816,0.3155613842638321
sigi,2024,0333a6c684ab60f2855552f50f407fbe6c68c23e,sigi/apps/servicos/jobs/weekly/__init__.py,Python,b3b91bb3264c4ba6,0,0,0,0,0,0,0.3549618320610687,0.28053435114503816,0.28053435114503816,0.3155613842638321
sigi,2024,0333a6c684ab60f2855552f50f407fbe6c68c23e,sigi/apps/servicos/jobs/yearly/__init__.py,Python,23cfb570f7f1d04a,0,0,0,0,0,0,0.3549618320610687,0.28053435114503816,0.28053435114503816,0.3155613842638321
sigi,2024,0333a6c684ab60f2855552f50f407fbe6c68c23e,sigi/apps/servicos/management/__init__.py,Python,7550e5d40dbbd535,0,0,0,0,0,0,0.3549618320610687,0.28053435114503816,0.28053435114503816,0.3155613842638321
sigi,2024,0333a6c684ab60f2855552f50f407fbe6c68c23e,sigi/apps/servicos/management/commands/__init__.py,Python,75791ba09f6c6350,0,0,0,0,0,0,0.3549618320610687,0.28053435114503816,0.28053435114503816,0.3155613842638321
sigi,2024,0333a6c684ab60f2855552f50f407fbe6c68c23e,sigi/apps/servicos/management/commands/atualiza_uso_servico.py,Python,8b59a60b3edc7dc8,21,5,0,0,0,0,0.3549618320610687,0.683206106870229,0.3549618320610687,0.4924551668629001
sigi,2024,0333a6c684ab60f2855552f50f407fbe6c68c23e,sigi/apps/servicos/management/commands/importa_servico.py,Python,7e6b9286602476b4,207,28,0,0,0,0,0.3549618320610687,0.8969465648854962,0.3549618320610687,0.5642533083045574
sigi,2024,0333a6c684ab60f2855552f50f407fbe6c68c23e,sigi/apps/servicos/models.py,Python,60bbe3d4752236bc,353,44,0,0,0,0,0.3549618320610687,0.9446564885496184,0.3549618320610687,0.5790656248163488
sigi,2024,0333a6c684ab60f2855552f50f407fbe6c68c23e,sigi/apps/servicos/serializers.py,Python,9dda081d9bd103d4,4,0,1,6,0,6,0.7977099236641222,0.28053435114503816,0.28053435114503816,0.4730592307915283
sigi,2024,0333a6c684ab60f2855552f50f407fbe6c68c23e,sigi/apps/servicos/urls.py,Python,2b19b523a1dc68ee,15,0,0,0,0,0,0.3549618320610687,0.28053435114503816,0.28053435114503816,0.3155613842638321
sigi,2024,0333a6c684ab60f2855552f50f407fbe6c68c23e,sigi/apps/servicos/views.py,Python,869c1ab319f0c66c,154,15,3,78,41,119,0.9255725190839694,0.8187022900763359,0.8187022900763359,0.8704989035063564
sigi,2024,0333a6c684ab60f2855552f50f407fbe6c68c23e,sigi/apps/servidores/__init__.py,Python,438a0f4c738e8f4c,0,0,0,0,0,0,0.3549618320610687,0.28053435114503816,0.28053435114503816,0.3155613842638321
sigi,2024,0333a6c684ab60f2855552f50f407fbe6c68c23e,sigi/apps/servidores/admin.py,Python,d133df57627c25a3,141,12,0,0,0,0,0.3549618320610687,0.7881679389312977,0.3549618320610687,0.528932448971369
sigi,2024,0333a6c684ab60f2855552f50f407fbe6c68c23e,sigi/apps/servidores/apps.py,Python,45046ca6b345308f,5,0,0,0,0,0,0.3549618320610687,0.28053435114503816,0.28053435114503816,0.3155613842638321
sigi,2024,0333a6c684ab60f2855552f50f407fbe6c68c23e,sigi/apps/servidores/filters.py,Python,b6b05d3f39739684,17,5,0,0,0,0,0.3549618320610687,0.683206106870229,0.3549618320610687,0.4924551668629001
sigi,2024,0333a6c684ab60f2855552f50f407fbe6c68c23e,sigi/apps/servidores/jobs/__init__.py,Python,4b1517eeea060d24,0,0,0,0,0,0,0.3549618320610687,0.28053435114503816,0.28053435114503816,0.3155613842638321
sigi,2024,0333a6c684ab60f2855552f50f407fbe6c68c23e,sigi/apps/servidores/jobs/daily/__init__.py,Python,d4205c7579520938,0,0,0,0,0,0,0.3549618320610687,0.28053435114503816,0.28053435114503816,0.3155613842638321
sigi,2024,0333a6c684ab60f2855552f50f407fbe6c68c23e,sigi/apps/servidores/jobs/daily/sync_ldap.py,Python,940f2f913e6b7f45,114,18,1,9,13,22,0.7977099236641222,0.8549618320610687,0.7977099236641222,0.8258398983999097
sigi,2024,0333a6c684ab60f2855552f50f407fbe6c68c23e,sigi/apps/servidores/jobs/hourly/__init__.py,Python,e6cdf065f9134180,0,0,0,0,0,0,0.3549618320610687,0.28053435114503816,0.28053435114503816,0.3155613842638321
sigi,2024,0333a6c684ab60f2855552f50f407fbe6c68c23e,sigi/apps/servidores/jobs/monthly/__init__.py,Python,032a982669ecd6e4,0,0,0,0,0,0,0.3549618320610687,0.28053435114503816,0.28053435114503816,0.3155613842638321
sigi,2024,0333a6c684ab60f2855552f50f407fbe6c68c23e,sigi/apps/servidores/jobs/weekly/__init__.py,Python,586ce3dba3b3dbd4,0,0,0,0,0,0,0.3549618320610687,0.28053435114503816,0.28053435114503816,0.3155613842638321
sigi,2024,0333a6c684ab60f2855552f50f407fbe6c68c23e,sigi/apps/servidores/jobs/yearly/__init__.py,Python,8d4d6596d76b9937,0,0,0,0,0,0,0.3549618320610687,0.28053435114503816,0.28053435114503816,0.3155613842638321
sigi,2024,0333a6c684ab60f2855552f50f407fbe6c68c23e,sigi/apps/servidores/management/__init__.py,Python,57a61bced5c9e26a,0,0,0,0,0,0,0.3549618320610687,0.28053435114503816,0.28053435114503816,0.3155613842638321
sigi,2024,0333a6c684ab60f2855552f50f407fbe6c68c23e,sigi/apps/servidores/management/commands/__init__.py,Python,5a860a10457f6d49,0,0,0,0,0,0,0.3549618320610687,0.28053435114503816,0.28053435114503816,0.3155613842638321
sigi,2024,0333a6c684ab60f2855552f50f407fbe6c68c23e,sigi/apps/servidores/management/commands/mescla_servidor.py,Python,a59edcbe3128220c,51,5,0,0,0,0,0.3549618320610687,0.683206106870229,0.3549618320610687,0.4924551668629001
sigi,2024,0333a6c684ab60f2855552f50f407fbe6c68c23e,sigi/apps/servidores/management/commands/mescla_usuarios.py,Python,c8bfa9ae41c47f30,52,5,0,0,0,0,0.3549618320610687,0.683206106870229,0.3549618320610687,0.4924551668629001
sigi,2024,0333a6c684ab60f2855552f50f407fbe6c68c23e,sigi/apps/servidores/models.py,Python,a5de56c766db1ec8,106,10,1,7,5,12,0.7977099236641222,0.7633587786259542,0.7633587786259542,0.7803453549717891
sigi,2024,0333a6c684ab60f2855552f50f407fbe6c68c23e,sigi/apps/servidores/utils.py,Python,c327281fb8bafe1b,137,30,0,0,0,0,0.3549618320610687,0.9064885496183206,0.3549618320610687,0.5672467155611393
sigi,2024,0333a6c684ab60f2855552f50f407fbe6c68c23e,sigi/apps/servidores/views.py,Python,44714062d8f6b885,0,0,0,0,0,0,0.3549618320610687,0.28053435114503816,0.28053435114503816,0.3155613842638321
sigi,2024,0333a6c684ab60f2855552f50f407fbe6c68c23e,sigi/apps/utils/__init__.py,Python,9b13fe7454f1f580,88,30,1,18,0,18,0.7977099236641222,0.9064885496183206,0.7977099236641222,0.8503616358458508
sigi,2024,0333a6c684ab60f2855552f50f407fbe6c68c23e,sigi/apps/utils/admin.py,Python,ded6e45a2b68649e,210,24,8,233,10,243,0.9923664122137404,0.8854961832061069,0.8854961832061069,0.9374095531608397
sigi,2024,0333a6c684ab60f2855552f50f407fbe6c68c23e,sigi/apps/utils/admin_urls.py,Python,12bcbd17acf92e4c,9,0,1,10,0,10,0.7977099236641222,0.28053435114503816,0.28053435114503816,0.4730592307915283
sigi,2024,0333a6c684ab60f2855552f50f407fbe6c68c23e,sigi/apps/utils/apps.py,Python,ce39ea742926ed7a,5,0,0,0,0,0,0.3549618320610687,0.28053435114503816,0.28053435114503816,0.3155613842638321
sigi,2024,0333a6c684ab60f2855552f50f407fbe6c68c23e,sigi/apps/utils/base_admin.py,Python,2e6ad19ead50dd4e,23,6,0,0,0,0,0.3549618320610687,0.7080152671755725,0.3549618320610687,0.5013166627630167
sigi,2024,0333a6c684ab60f2855552f50f407fbe6c68c23e,sigi/apps/utils/context_processors.py,Python,6eb5c12226af1f1d,3,2,0,0,0,0,0.3549618320610687,0.6030534351145038,0.3549618320610687,0.46266721534918065
sigi,2024,0333a6c684ab60f2855552f50f407fbe6c68c23e,sigi/apps/utils/decorators.py,Python,72f14aa02eb79878,42,12,0,0,0,0,0.3549618320610687,0.7881679389312977,0.3549618320610687,0.528932448971369
sigi,2024,0333a6c684ab60f2855552f50f407fbe6c68c23e,sigi/apps/utils/email.py,Python,8a0370758a40217e,21,5,0,0,0,0,0.3549618320610687,0.683206106870229,0.3549618320610687,0.4924551668629001
sigi,2024,0333a6c684ab60f2855552f50f407fbe6c68c23e,sigi/apps/utils/filters.py,Python,c58dee53678b1d52,208,44,1,54,31,85,0.7977099236641222,0.9446564885496184,0.7977099236641222,0.8680794061430865
sigi,2024,0333a6c684ab60f2855552f50f407fbe6c68c23e,sigi/apps/utils/forms/__init__.py,Python,a84cf89bd26b57f3,0,0,1,0,0,0,0.7977099236641222,0.28053435114503816,0.28053435114503816,0.4730592307915283
sigi,2024,0333a6c684ab60f2855552f50f407fbe6c68c23e,sigi/apps/utils/forms/fields.py,Python,09b089b523728756,12,1,1,15,0,15,0.7977099236641222,0.5725190839694656,0.5725190839694656,0.6757989011307547
sigi,2024,0333a6c684ab60f2855552f50f407fbe6c68c23e,sigi/apps/utils/forms/widgets.py,Python,00d528a1e83a6ad5,6,2,1,9,0,9,0.7977099236641222,0.6030534351145038,0.6030534351145038,0.6935861227638407
sigi,2024,0333a6c684ab60f2855552f50f407fbe6c68c23e,sigi/apps/utils/jobs/__init__.py,Python,ab5f1ab4f91b335c,0,0,1,0,0,0,0.7977099236641222,0.28053435114503816,0.28053435114503816,0.4730592307915283
sigi,2024,0333a6c684ab60f2855552f50f407fbe6c68c23e,sigi/apps/utils/jobs/daily/__init__.py,Python,650522506cc716ef,0,0,1,0,0,0,0.7977099236641222,0.28053435114503816,0.28053435114503816,0.4730592307915283
sigi,2024,0333a6c684ab60f2855552f50f407fbe6c68c23e,sigi/apps/utils/jobs/hourly/__init__.py,Python,71ebf5cd1e8c9102,0,0,1,0,0,0,0.7977099236641222,0.28053435114503816,0.28053435114503816,0.4730592307915283
sigi,2024,0333a6c684ab60f2855552f50f407fbe6c68c23e,sigi/apps/utils/jobs/job_controller.py,Python,09fd3d4c189d6dbf,88,17,2,105,0,105,0.9007633587786259,0.8416030534351145,0.8416030534351145,0.8706808790656662
sigi,2024,0333a6c684ab60f2855552f50f407fbe6c68c23e,sigi/apps/utils/jobs/monthly/__init__.py,Python,a7170e83589872f8,0,0,1,0,0,0,0.7977099236641222,0.28053435114503816,0.28053435114503816,0.4730592307915283
sigi,2024,0333a6c684ab60f2855552f50f407fbe6c68c23e,sigi/apps/utils/jobs/weekly/__init__.py,Python,9d457144b9907736,0,0,1,0,0,0,0.7977099236641222,0.28053435114503816,0.28053435114503816,0.4730592307915283
sigi,2024,0333a6c684ab60f2855552f50f407fbe6c68c23e,sigi/apps/utils/jobs/yearly/__init__.py,Python,12b1cb01cb403bff,0,0,1,0,0,0,0.7977099236641222,0.28053435114503816,0.28053435114503816,0.4730592307915283
sigi,2024,0333a6c684ab60f2855552f50f407fbe6c68c23e,sigi/apps/utils/management/__init__.py,Python,685402eb87ff8d88,0,0,0,0,0,0,0.3549618320610687,0.28053435114503816,0.28053435114503816,0.3155613842638321
sigi,2024,0333a6c684ab60f2855552f50f407fbe6c68c23e,sigi/apps/utils/management/jobs.py,Python,79ba13b486a8b65e,94,12,3,49,28,77,0.9255725190839694,0.7881679389312977,0.7881679389312977,0.8541115762579625
sigi,2024,0333a6c684ab60f2855552f50f407fbe6c68c23e,sigi/apps/utils/middleware.py,Python,cb808c8c2fb2fa63,46,14,0,0,0,0,0.3549618320610687,0.8072519083969466,0.3549618320610687,0.5352976894582809
sigi,2024,0333a6c684ab60f2855552f50f407fbe6c68c23e,sigi/apps/utils/mixins.py,Python,3fcea63a011060a7,95,21,1,1,262,263,0.7977099236641222,0.8740458015267175,0.7977099236641222,0.8350059937598199
sigi,2024,0333a6c684ab60f2855552f50f407fbe6c68c23e,sigi/apps/utils/models.py,Python,217b2af6ca62e447,308,35,8,388,59,447,0.9923664122137404,0.9274809160305344,0.9274809160305344,0.959375270182599
sigi,2024,0333a6c684ab60f2855552f50f407fbe6c68c23e,sigi/apps/utils/pagination.py,Python,6891d6802b7d9d3a,5,0,0,0,0,0,0.3549618320610687,0.28053435114503816,0.28053435114503816,0.3155613842638321
sigi,2024,0333a6c684ab60f2855552f50f407fbe6c68c23e,sigi/apps/utils/resources.py,Python,0a7d7c1c42a53704,13,3,1,18,0,18,0.7977099236641222,0.6335877862595419,0.6335877862595419,0.7109284525264264
sigi,2024,0333a6c684ab60f2855552f50f407fbe6c68c23e,sigi/apps/utils/templatetags/__init__.py,Python,4a6343cb9621526c,0,0,0,0,0,0,0.3549618320610687,0.28053435114503816,0.28053435114503816,0.3155613842638321
sigi,2024,0333a6c684ab60f2855552f50f407fbe6c68c23e,sigi/apps/utils/templatetags/action_icons.py,Python,9034c146aa7d1db3,21,4,0,0,0,0,0.3549618320610687,0.6564885496183206,0.3549618320610687,0.4827301298858741
sigi,2024,0333a6c684ab60f2855552f50f407fbe6c68c23e,sigi/apps/utils/templatetags/dict_get.py,Python,ab337351bd2b1a63,11,2,0,0,0,0,0.3549618320610687,0.6030534351145038,0.3549618320610687,0.46266721534918065
sigi,2024,0333a6c684ab60f2855552f50f407fbe6c68c23e,sigi/apps/utils/templatetags/file_image.py,Python,b580b96d1ccc27b1,21,6,0,0,0,0,0.3549618320610687,0.7080152671755725,0.3549618320610687,0.5013166627630167
sigi,2024,0333a6c684ab60f2855552f50f407fbe6c68c23e,sigi/apps/utils/templatetags/model_fields.py,Python,f444fdd30cd79092,10,3,0,0,0,0,0.3549618320610687,0.6335877862595419,0.3549618320610687,0.4742356812621798
sigi,2024,0333a6c684ab60f2855552f50f407fbe6c68c23e,sigi/apps/utils/templatetags/pdf.py,Python,af7f4bb3f78a8a1b,6,1,0,0,0,0,0.3549618320610687,0.5725190839694656,0.3549618320610687,0.45080197751976014
sigi,2024,0333a6c684ab60f2855552f50f407fbe6c68c23e,sigi/apps/utils/templatetags/sigi_tags.py,Python,a4cfe5ddc9b58f6e,48,16,4,30,9,39,0.9522900763358778,0.8320610687022901,0.8320610687022901,0.8901480206294995
sigi,2024,0333a6c684ab60f2855552f50f407fbe6c68c23e,sigi/apps/utils/views.py,Python,38a047445e3a6e6b,191,37,4,219,9,228,0.9522900763358778,0.9312977099236641,0.9312977099236641,0.9417354019440037
sigi,2024,0333a6c684ab60f2855552f50f407fbe6c68c23e,sigi/apps/whois/__init__.py,Python,439272f78178964d,0,0,0,0,0,0,0.3549618320610687,0.28053435114503816,0.28053435114503816,0.3155613842638321
sigi,2024,0333a6c684ab60f2855552f50f407fbe6c68c23e,sigi/apps/whois/admin.py,Python,e6e699d98f65d62c,1,0,0,0,0,0,0.3549618320610687,0.28053435114503816,0.28053435114503816,0.3155613842638321
sigi,2024,0333a6c684ab60f2855552f50f407fbe6c68c23e,sigi/apps/whois/models.py,Python,5d7c87f6a0ecb159,1,0,0,0,0,0,0.3549618320610687,0.28053435114503816,0.28053435114503816,0.3155613842638321
sigi,2024,0333a6c684ab60f2855552f50f407fbe6c68c23e,sigi/apps/whois/urls.py,Python,933b6cf474bf5754,7,0,0,0,0,0,0.3549618320610687,0.28053435114503816,0.28053435114503816,0.3155613842638321
sigi,2024,0333a6c684ab60f2855552f50f407fbe6c68c23e,sigi/apps/whois/views.py,Python,04a930cf1236da05,66,10,0,0,0,0,0.3549618320610687,0.7633587786259542,0.3549618320610687,0.5205412861444983
sigi,2024,0333a6c684ab60f2855552f50f407fbe6c68c23e,sigi/asgi.py,Python,bdc726e110c4b8bc,4,0,1,1,1,2,0.7977099236641222,0.28053435114503816,0.28053435114503816,0.4730592307915283
sigi,2024,0333a6c684ab60f2855552f50f407fbe6c68c23e,sigi/settings.py,Python,3f31b4cbfb6621d2,208,0,7,50,42,92,0.9847328244274809,0.28053435114503816,0.28053435114503816,0.5255962175967253
sigi,2024,0333a6c684ab60f2855552f50f407fbe6c68c23e,sigi/shortcuts.py,Python,6342ebb826410b9f,35,5,0,0,0,0,0.3549618320610687,0.683206106870229,0.3549618320610687,0.4924551668629001
sigi,2024,0333a6c684ab60f2855552f50f407fbe6c68c23e,sigi/urls.py,Python,ccf09753e7213f9b,64,0,4,5,1,6,0.9522900763358778,0.28053435114503816,0.28053435114503816,0.516865629217831
sigi,2024,0333a6c684ab60f2855552f50f407fbe6c68c23e,sigi/wsgi.py,Python,947a6d2d9cc9d758,4,0,1,1,1,2,0.7977099236641222,0.28053435114503816,0.28053435114503816,0.4730592307915283
sigi,2025,ff2c504d4b47b37e6c74ca54a05a8a86e0c857a6,etc/migracao/migra.py,Python,f3cf235d8440c123,336,55,0,0,0,0,0.44756554307116103,0.9588014981273408,0.44756554307116103,0.6550774864142456
sigi,2025,ff2c504d4b47b37e6c74ca54a05a8a86e0c857a6,manage.py,Python,59d9ace2172d7f29,15,2,0,0,0,0,0.44756554307116103,0.5917602996254682,0.44756554307116103,0.5146372701911761
sigi,2025,ff2c504d4b47b37e6c74ca54a05a8a86e0c857a6,scripts/__init__.py,Python,f56e49dd536a4c18,0,0,0,0,0,0,0.44756554307116103,0.2752808988764045,0.2752808988764045,0.351007471434349
sigi,2025,ff2c504d4b47b37e6c74ca54a05a8a86e0c857a6,scripts/casas_com_PM_e_SAPL.py,Python,e61d8ea0f239c0a5,48,2,0,0,0,0,0.44756554307116103,0.5917602996254682,0.44756554307116103,0.5146372701911761
sigi,2025,ff2c504d4b47b37e6c74ca54a05a8a86e0c857a6,scripts/casas_que_usam_LEGBR_ou_PM.py,Python,8b5b9d2184f078b4,46,7,0,0,0,0,0.44756554307116103,0.7116104868913857,0.44756554307116103,0.5643512505706676
sigi,2025,ff2c504d4b47b37e6c74ca54a05a8a86e0c857a6,scripts/contatos_de_casas_que_usam_portalmodelo.py,Python,a74843c186ab8dc7,81,7,0,0,0,0,0.44756554307116103,0.7116104868913857,0.44756554307116103,0.5643512505706676
sigi,2025,ff2c504d4b47b37e6c74ca54a05a8a86e0c857a6,scripts/csv_writer.py,Python,5dd6218c876bb3dc,27,7,0,0,0,0,0.44756554307116103,0.7116104868913857,0.44756554307116103,0.5643512505706676
sigi,2025,ff2c504d4b47b37e6c74ca54a05a8a86e0c857a6,scripts/importa_pesquisa.py,Python,ae9a0ee89dd8ca90,76,13,0,0,0,0,0.44756554307116103,0.7902621722846442,0.44756554307116103,0.5947218831581467
sigi,2025,ff2c504d4b47b37e6c74ca54a05a8a86e0c857a6,scripts/servicos_seit_ate_2013_2014.py,Python,28918bf2e5ad16d7,15,1,0,0,0,0,0.44756554307116103,0.5617977528089888,0.44756554307116103,0.5014392449062129
sigi,2025,ff2c504d4b47b37e6c74ca54a05a8a86e0c857a6,scripts/urls de portais modelo por estado municipio.py,Python,40e79634ea37a42a,15,0,0,0,0,0,0.44756554307116103,0.2752808988764045,0.2752808988764045,0.351007471434349
sigi,2025,ff2c504d4b47b37e6c74ca54a05a8a86e0c857a6,scripts/user_from_session.py,Python,77a4ef2d4b29ac2e,8,1,0,0,0,0,0.44756554307116103,0.5617977528089888,0.44756554307116103,0.5014392449062129
sigi,2025,ff2c504d4b47b37e6c74ca54a05a8a86e0c857a6,scripts/verificacao_arquivos_faltando_media.py,Python,15789ce2df9589d6,52,5,0,0,0,0,0.44756554307116103,0.6704119850187266,0.44756554307116103,0.5477712151585928
sigi,2025,ff2c504d4b47b37e6c74ca54a05a8a86e0c857a6,setup.py,Python,307d946fc1cb54f5,2,0,0,0,0,0,0.44756554307116103,0.2752808988764045,0.2752808988764045,0.351007471434349
sigi,2025,ff2c504d4b47b37e6c74ca54a05a8a86e0c857a6,sigi/__init__.py,Python,1a3e5af2e57e6675,0,0,0,0,0,0,0.44756554307116103,0.2752808988764045,0.2752808988764045,0.351007471434349
sigi,2025,ff2c504d4b47b37e6c74ca54a05a8a86e0c857a6,sigi/apps/__init__.py,Python,8a73921b744382c2,0,0,0,0,0,0,0.44756554307116103,0.2752808988764045,0.2752808988764045,0.351007471434349
sigi,2025,ff2c504d4b47b37e6c74ca54a05a8a86e0c857a6,sigi/apps/casas/__init__.py,Python,7b930d5254e224ee,0,0,0,0,0,0,0.44756554307116103,0.2752808988764045,0.2752808988764045,0.351007471434349
sigi,2025,ff2c504d4b47b37e6c74ca54a05a8a86e0c857a6,sigi/apps/casas/admin.py,Python,1cf477cc6f7c09f9,592,61,8,148,75,223,1.0,0.9700374531835206,0.9700374531835206,0.9849047939692043
sigi,2025,ff2c504d4b47b37e6c74ca54a05a8a86e0c857a6,sigi/apps/casas/admin_urls.py,Python,c7c3631e09500518,16,0,0,0,0,0,0.44756554307116103,0.2752808988764045,0.2752808988764045,0.351007471434349
sigi,2025,ff2c504d4b47b37e6c74ca54a05a8a86e0c857a6,sigi/apps/casas/api_urls.py,Python,02750aa979aad36b,7,0,0,0,0,0,0.44756554307116103,0.2752808988764045,0.2752808988764045,0.351007471434349
sigi,2025,ff2c504d4b47b37e6c74ca54a05a8a86e0c857a6,sigi/apps/casas/apps.py,Python,f86e5cc407c9a165,5,0,0,0,0,0,0.44756554307116103,0.2752808988764045,0.2752808988764045,0.351007471434349
sigi,2025,ff2c504d4b47b37e6c74ca54a05a8a86e0c857a6,sigi/apps/casas/dashboards.py,Python,50979800846adfe4,61,8,1,73,0,73,0.9213483146067416,0.7265917602996255,0.7265917602996255,0.818195632938239
sigi,2025,ff2c504d4b47b37e6c74ca54a05a8a86e0c857a6,sigi/apps/casas/filters.py,Python,2df2511295ec2bc3,44,10,0,0,0,0,0.44756554307116103,0.7490636704119851,0.44756554307116103,0.5790121660576893
sigi,2025,ff2c504d4b47b37e6c74ca54a05a8a86e0c857a6,sigi/apps/casas/forms.py,Python,fca3e46e968ae90c,118,12,2,33,5,38,0.9681647940074907,0.7752808988764045,0.7752808988764045,0.8663715552571059
sigi,2025,ff2c504d4b47b37e6c74ca54a05a8a86e0c857a6,sigi/apps/casas/jobs/__init__.py,Python,aa50adb1a44b0d29,0,0,0,0,0,0,0.44756554307116103,0.2752808988764045,0.2752808988764045,0.351007471434349
sigi,2025,ff2c504d4b47b37e6c74ca54a05a8a86e0c857a6,sigi/apps/casas/jobs/daily/__init__.py,Python,6fbd584465403b63,0,0,0,0,0,0,0.44756554307116103,0.2752808988764045,0.2752808988764045,0.351007471434349
sigi,2025,ff2c504d4b47b37e6c74ca54a05a8a86e0c857a6,sigi/apps/casas/jobs/daily/sanitiza_email_orgao.py,Python,4177f87fc4060e21,101,10,0,0,0,0,0.44756554307116103,0.7490636704119851,0.44756554307116103,0.5790121660576893
sigi,2025,ff2c504d4b47b37e6c74ca54a05a8a86e0c857a6,sigi/apps/casas/jobs/daily/usuario_contato.py,Python,3af0f1d58faad608,63,4,0,0,0,0,0.44756554307116103,0.6441947565543071,0.44756554307116103,0.5369537932269618
sigi,2025,ff2c504d4b47b37e6c74ca54a05a8a86e0c857a6,sigi/apps/casas/jobs/hourly/__init__.py,Python,b9c3c5eef75c45d4,0,0,0,0,0,0,0.44756554307116103,0.2752808988764045,0.2752808988764045,0.351007471434349
sigi,2025,ff2c504d4b47b37e6c74ca54a05a8a86e0c857a6,sigi/apps/casas/jobs/monthly/__init__.py,Python,111a623a176a1da1,0,0,0,0,0,0,0.44756554307116103,0.2752808988764045,0.2752808988764045,0.351007471434349
sigi,2025,ff2c504d4b47b37e6c74ca54a05a8a86e0c857a6,sigi/apps/casas/jobs/weekly/__init__.py,Python,92634744888ad357,0,0,0,0,0,0,0.44756554307116103,0.2752808988764045,0.2752808988764045,0.351007471434349
sigi,2025,ff2c504d4b47b37e6c74ca54a05a8a86e0c857a6,sigi/apps/casas/jobs/yearly/__init__.py,Python,0a3e4c707eaf499e,0,0,0,0,0,0,0.44756554307116103,0.2752808988764045,0.2752808988764045,0.351007471434349
sigi,2025,ff2c504d4b47b37e6c74ca54a05a8a86e0c857a6,sigi/apps/casas/management/__init__.py,Python,4328c1adc2c6f55d,0,0,0,0,0,0,0.44756554307116103,0.2752808988764045,0.2752808988764045,0.351007471434349
sigi,2025,ff2c504d4b47b37e6c74ca54a05a8a86e0c857a6,sigi/apps/casas/management/commands/__init__.py,Python,08aedd3ccf04b506,0,0,0,0,0,0,0.44756554307116103,0.2752808988764045,0.2752808988764045,0.351007471434349
sigi,2025,ff2c504d4b47b37e6c74ca54a05a8a86e0c857a6,sigi/apps/casas/management/commands/importa_gerentes.py,Python,603a39f4d9fc9708,71,8,0,0,0,0,0.44756554307116103,0.7265917602996255,0.44756554307116103,0.5702608489012135
sigi,2025,ff2c504d4b47b37e6c74ca54a05a8a86e0c857a6,sigi/apps/casas/models.py,Python,c8b1914885fb82b1,300,36,3,28,17,45,0.9906367041198502,0.9194756554307116,0.9194756554307116,0.9543931751717
sigi,2025,ff2c504d4b47b37e6c74ca54a05a8a86e0c857a6,sigi/apps/casas/scripts/importa_panorama.py,Python,0b835e0a6c29fbe8,76,25,0,0,0,0,0.44756554307116103,0.8857677902621723,0.44756554307116103,0.6296341335121781
sigi,2025,ff2c504d4b47b37e6c74ca54a05a8a86e0c857a6,sigi/apps/casas/serializers.py,Python,df1e9e3d493ecc26,116,12,0,0,0,0,0.44756554307116103,0.7752808988764045,0.44756554307116103,0.589057736167106
sigi,2025,ff2c504d4b47b37e6c74ca54a05a8a86e0c857a6,sigi/apps/casas/urls.py,Python,1a1eb5445fcb6e82,26,0,0,0,0,0,0.44756554307116103,0.2752808988764045,0.2752808988764045,0.351007471434349
sigi,2025,ff2c504d4b47b37e6c74ca54a05a8a86e0c857a6,sigi/apps/casas/views.py,Python,e8c4484217913e4f,611,86,2,35,19,54,0.9681647940074907,0.9812734082397003,0.9681647940074907,0.9746970642991687
sigi,2025,ff2c504d4b47b37e6c74ca54a05a8a86e0c857a6,sigi/apps/contatos/__init__.py,Python,430d06fc3d58547f,0,0,0,0,0,0,0.44756554307116103,0.2752808988764045,0.2752808988764045,0.351007471434349
sigi,2025,ff2c504d4b47b37e6c74ca54a05a8a86e0c857a6,sigi/apps/contatos/admin.py,Python,42cf26fda5b5f8f9,174,3,0,0,0,0,0.44756554307116103,0.6217228464419475,0.44756554307116103,0.5275051880385048
sigi,2025,ff2c504d4b47b37e6c74ca54a05a8a86e0c857a6,sigi/apps/contatos/apps.py,Python,4a5e1be40abcec20,5,0,0,0,0,0,0.44756554307116103,0.2752808988764045,0.2752808988764045,0.351007471434349
sigi,2025,ff2c504d4b47b37e6c74ca54a05a8a86e0c857a6,sigi/apps/contatos/jobs/__init__.py,Python,607fc607e4b55eed,0,0,0,0,0,0,0.44756554307116103,0.2752808988764045,0.2752808988764045,0.351007471434349
sigi,2025,ff2c504d4b47b37e6c74ca54a05a8a86e0c857a6,sigi/apps/contatos/jobs/daily/__init__.py,Python,67e748cc553cfc3e,0,0,0,0,0,0,0.44756554307116103,0.2752808988764045,0.2752808988764045,0.351007471434349
sigi,2025,ff2c504d4b47b37e6c74ca54a05a8a86e0c857a6,sigi/apps/contatos/jobs/hourly/__init__.py,Python,e6219323385f4e66,0,0,0,0,0,0,0.44756554307116103,0.2752808988764045,0.2752808988764045,0.351007471434349
sigi,2025,ff2c504d4b47b37e6c74ca54a05a8a86e0c857a6,sigi/apps/contatos/jobs/monthly/__init__.py,Python,305de8c56b98c575,0,0,0,0,0,0,0.44756554307116103,0.2752808988764045,0.2752808988764045,0.351007471434349
sigi,2025,ff2c504d4b47b37e6c74ca54a05a8a86e0c857a6,sigi/apps/contatos/jobs/monthly/atualiza_ibge.py,Python,3806bc676f8907c4,153,18,0,0,0,0,0.44756554307116103,0.8389513108614233,0.44756554307116103,0.6127688789877921
sigi,2025,ff2c504d4b47b37e6c74ca54a05a8a86e0c857a6,sigi/apps/contatos/jobs/weekly/__init__.py,Python,2b31fb7ce8783fe3,0,0,0,0,0,0,0.44756554307116103,0.2752808988764045,0.2752808988764045,0.351007471434349
sigi,2025,ff2c504d4b47b37e6c74ca54a05a8a86e0c857a6,sigi/apps/contatos/jobs/yearly/__init__.py,Python,c335023e075c43d8,0,0,0,0,0,0,0.44756554307116103,0.2752808988764045,0.2752808988764045,0.351007471434349
sigi,2025,ff2c504d4b47b37e6c74ca54a05a8a86e0c857a6,sigi/apps/contatos/management/__init__.py,Python,4bca5a699d443368,0,0,0,0,0,0,0.44756554307116103,0.2752808988764045,0.2752808988764045,0.351007471434349
sigi,2025,ff2c504d4b47b37e6c74ca54a05a8a86e0c857a6,sigi/apps/contatos/management/commands/__init__.py,Python,2e4c2445f3feb677,0,0,0,0,0,0,0.44756554307116103,0.2752808988764045,0.2752808988764045,0.351007471434349
sigi,2025,ff2c504d4b47b37e6c74ca54a05a8a86e0c857a6,sigi/apps/contatos/management/commands/importa_mesomicro.py,Python,b8476bdbd6894af6,108,9,0,0,0,0,0.44756554307116103,0.7359550561797753,0.44756554307116103,0.5739234482011237
sigi,2025,ff2c504d4b47b37e6c74ca54a05a8a86e0c857a6,sigi/apps/contatos/models.py,Python,49b0faee9f48afb6,299,7,0,0,0,0,0.44756554307116103,0.7116104868913857,0.44756554307116103,0.5643512505706676
sigi,2025,ff2c504d4b47b37e6c74ca54a05a8a86e0c857a6,sigi/apps/convenios/__init__.py,Python,86f7f55f254a167d,0,0,0,0,0,0,0.44756554307116103,0.2752808988764045,0.2752808988764045,0.351007471434349
sigi,2025,ff2c504d4b47b37e6c74ca54a05a8a86e0c857a6,sigi/apps/convenios/admin.py,Python,2ce2ec12d13318e6,316,19,2,42,15,57,0.9681647940074907,0.8520599250936329,0.8520599250936329,0.9082590059340535
sigi,2025,ff2c504d4b47b37e6c74ca54a05a8a86e0c857a6,sigi/apps/convenios/apps.py,Python,eb01423883428586,5,0,0,0,0,0,0.44756554307116103,0.2752808988764045,0.2752808988764045,0.351007471434349
sigi,2025,ff2c504d4b47b37e6c74ca54a05a8a86e0c857a6,sigi/apps/convenios/dashboards.py,Python,a7526c60ea2a2936,175,18,1,194,0,194,0.9213483146067416,0.8389513108614233,0.8389513108614233,0.8791850637376006
sigi,2025,ff2c504d4b47b37e6c74ca54a05a8a86e0c857a6,sigi/apps/convenios/filters.py,Python,983be6148b754221,95,22,0,0,0,0,0.44756554307116103,0.8689138576779026,0.44756554307116103,0.6236151879113176
sigi,2025,ff2c504d4b47b37e6c74ca54a05a8a86e0c857a6,sigi/apps/convenios/jobs/__init__.py,Python,b20f9318cffd68ff,0,0,0,0,0,0,0.44756554307116103,0.2752808988764045,0.2752808988764045,0.351007471434349
sigi,2025,ff2c504d4b47b37e6c74ca54a05a8a86e0c857a6,sigi/apps/convenios/jobs/daily/__init__.py,Python,7edad751cf628cbf,0,0,0,0,0,0,0.44756554307116103,0.2752808988764045,0.2752808988764045,0.351007471434349
sigi,2025,ff2c504d4b47b37e6c74ca54a05a8a86e0c857a6,sigi/apps/convenios/jobs/hourly/__init__.py,Python,fa50f2b896c15ac0,0,0,0,0,0,0,0.44756554307116103,0.2752808988764045,0.2752808988764045,0.351007471434349
sigi,2025,ff2c504d4b47b37e6c74ca54a05a8a86e0c857a6,sigi/apps/convenios/jobs/hourly/importa_gescon.py,Python,0ede4dfc0fd26e69,13,1,0,0,0,0,0.44756554307116103,0.5617977528089888,0.44756554307116103,0.5014392449062129
sigi,2025,ff2c504d4b47b37e6c74ca54a05a8a86e0c857a6,sigi/apps/convenios/jobs/monthly/__init__.py,Python,9bace3f967d8a754,0,0,0,0,0,0,0.44756554307116103,0.2752808988764045,0.2752808988764045,0.351007471434349
sigi,2025,ff2c504d4b47b37e6c74ca54a05a8a86e0c857a6,sigi/apps/convenios/jobs/weekly/__init__.py,Python,c7668cc04617f128,0,0,0,0,0,0,0.44756554307116103,0.2752808988764045,0.2752808988764045,0.351007471434349
sigi,2025,ff2c504d4b47b37e6c74ca54a05a8a86e0c857a6,sigi/apps/convenios/jobs/yearly/__init__.py,Python,508f736dc9c725f7,0,0,0,0,0,0,0.44756554307116103,0.2752808988764045,0.2752808988764045,0.351007471434349
sigi,2025,ff2c504d4b47b37e6c74ca54a05a8a86e0c857a6,sigi/apps/convenios/management/__init__.py,Python,67ec9e16f2a99eac,0,0,0,0,0,0,0.44756554307116103,0.2752808988764045,0.2752808988764045,0.351007471434349
sigi,2025,ff2c504d4b47b37e6c74ca54a05a8a86e0c857a6,sigi/apps/convenios/management/commands/__init__.py,Python,c13baf31fe917fe2,0,0,0,0,0,0,0.44756554307116103,0.2752808988764045,0.2752808988764045,0.351007471434349
sigi,2025,ff2c504d4b47b37e6c74ca54a05a8a86e0c857a6,sigi/apps/convenios/models.py,Python,c85b8fe8f692c4d7,944,127,2,15,22,37,0.9681647940074907,0.9850187265917603,0.9681647940074907,0.9765554016666091
sigi,2025,ff2c504d4b47b37e6c74ca54a05a8a86e0c857a6,sigi/apps/convenios/urls.py,Python,490e8d4ff65d8abb,15,0,0,0,0,0,0.44756554307116103,0.2752808988764045,0.2752808988764045,0.351007471434349
sigi,2025,ff2c504d4b47b37e6c74ca54a05a8a86e0c857a6,sigi/apps/convenios/views.py,Python,c1ce5805984baa30,184,15,0,0,0,0,0.44756554307116103,0.8052434456928839,0.44756554307116103,0.6003325912159263
sigi,2025,ff2c504d4b47b37e6c74ca54a05a8a86e0c857a6,sigi/apps/diagnosticos/__init__.py,Python,b83e1f02aadfa305,0,0,0,0,0,0,0.44756554307116103,0.2752808988764045,0.2752808988764045,0.351007471434349
sigi,2025,ff2c504d4b47b37e6c74ca54a05a8a86e0c857a6,sigi/apps/diagnosticos/admin.py,Python,cd49ef0e889b87a9,181,16,0,0,0,0,0.44756554307116103,0.8164794007490637,0.44756554307116103,0.604506448603049
sigi,2025,ff2c504d4b47b37e6c74ca54a05a8a86e0c857a6,sigi/apps/diagnosticos/decorators.py,Python,8a451c3b617266fa,16,4,0,0,0,0,0.44756554307116103,0.6441947565543071,0.44756554307116103,0.5369537932269618
sigi,2025,ff2c504d4b47b37e6c74ca54a05a8a86e0c857a6,sigi/apps/diagnosticos/forms.py,Python,c5d4c6bc5af85992,185,25,0,0,0,0,0.44756554307116103,0.8857677902621723,0.44756554307116103,0.6296341335121781
sigi,2025,ff2c504d4b47b37e6c74ca54a05a8a86e0c857a6,sigi/apps/diagnosticos/management/__init__.py,Python,2e81385cadccb290,0,0,0,0,0,0,0.44756554307116103,0.2752808988764045,0.2752808988764045,0.351007471434349
sigi,2025,ff2c504d4b47b37e6c74ca54a05a8a86e0c857a6,sigi/apps/diagnosticos/management/commands/__init__.py,Python,a7ff0ee5505b47c4,0,0,0,0,0,0,0.44756554307116103,0.2752808988764045,0.2752808988764045,0.351007471434349
sigi,2025,ff2c504d4b47b37e6c74ca54a05a8a86e0c857a6,sigi/apps/diagnosticos/management/commands/ls_export.py,Python,fc5eb1d5703320c5,728,41,0,0,0,0,0.44756554307116103,0.9307116104868914,0.44756554307116103,0.6454102938365645
sigi,2025,ff2c504d4b47b37e6c74ca54a05a8a86e0c857a6,sigi/apps/diagnosticos/models.py,Python,e980b52d58bce66c,193,23,0,0,0,0,0.44756554307116103,0.8764044943820225,0.44756554307116103,0.6262974161515408
sigi,2025,ff2c504d4b47b37e6c74ca54a05a8a86e0c857a6,sigi/apps/diagnosticos/templatetags/__init__.py,Python,9789c79108f08574,0,0,0,0,0,0,0.44756554307116103,0.2752808988764045,0.2752808988764045,0.351007471434349
sigi,2025,ff2c504d4b47b37e6c74ca54a05a8a86e0c857a6,sigi/apps/diagnosticos/templatetags/smart_if.py,Python,11f9a0ea0345871f,170,58,0,0,0,0,0.44756554307116103,0.9662921348314607,0.44756554307116103,0.6576314044289813
sigi,2025,ff2c504d4b47b37e6c74ca54a05a8a86e0c857a6,sigi/apps/diagnosticos/urls.py,Python,079aea8483c1136d,59,0,0,0,0,0,0.44756554307116103,0.2752808988764045,0.2752808988764045,0.351007471434349
sigi,2025,ff2c504d4b47b37e6c74ca54a05a8a86e0c857a6,sigi/apps/diagnosticos/views.py,Python,9e0b8dfa3274f0f3,336,51,0,0,0,0,0.44756554307116103,0.947565543071161,0.44756554307116103,0.6512278302408181
sigi,2025,ff2c504d4b47b37e6c74ca54a05a8a86e0c857a6,sigi/apps/diagnosticos/widgets.py,Python,da9cd9de76b82461,61,11,0,0,0,0,0.44756554307116103,0.7602996254681648,0.44756554307116103,0.5833385935882003
sigi,2025,ff2c504d4b47b37e6c74ca54a05a8a86e0c857a6,sigi/apps/espacos/__init__.py,Python,8a9b5231f76bf1e8,0,0,0,0,0,0,0.44756554307116103,0.2752808988764045,0.2752808988764045,0.351007471434349
sigi,2025,ff2c504d4b47b37e6c74ca54a05a8a86e0c857a6,sigi/apps/espacos/admin.py,Python,ab57cc553526c5a8,150,10,1,1,0,1,0.9213483146067416,0.7490636704119851,0.7490636704119851,0.8307517982329152
sigi,2025,ff2c504d4b47b37e6c74ca54a05a8a86e0c857a6,sigi/apps/espacos/admin_urls.py,Python,1871fb5bbf77218f,11,0,0,0,0,0,0.44756554307116103,0.2752808988764045,0.2752808988764045,0.351007471434349
sigi,2025,ff2c504d4b47b37e6c74ca54a05a8a86e0c857a6,sigi/apps/espacos/apps.py,Python,1e9c0b85b7e63333,7,0,0,0,0,0,0.44756554307116103,0.2752808988764045,0.2752808988764045,0.351007471434349
sigi,2025,ff2c504d4b47b37e6c74ca54a05a8a86e0c857a6,sigi/apps/espacos/forms.py,Python,6a41ba0939976fc4,57,4,0,0,0,0,0.44756554307116103,0.6441947565543071,0.44756554307116103,0.5369537932269618
sigi,2025,ff2c504d4b47b37e6c74ca54a05a8a86e0c857a6,sigi/apps/espacos/jobs/__init__.py,Python,c36e5954dae8e589,0,0,0,0,0,0,0.44756554307116103,0.2752808988764045,0.2752808988764045,0.351007471434349
sigi,2025,ff2c504d4b47b37e6c74ca54a05a8a86e0c857a6,sigi/apps/espacos/jobs/daily/__init__.py,Python,2b3eed0479eb8ec2,0,0,0,0,0,0,0.44756554307116103,0.2752808988764045,0.2752808988764045,0.351007471434349
sigi,2025,ff2c504d4b47b37e6c74ca54a05a8a86e0c857a6,sigi/apps/espacos/jobs/hourly/__init__.py,Python,9f59d9a03fb1e674,0,0,0,0,0,0,0.44756554307116103,0.2752808988764045,0.2752808988764045,0.351007471434349
sigi,2025,ff2c504d4b47b37e6c74ca54a05a8a86e0c857a6,sigi/apps/espacos/jobs/hourly/sincroniza_reservas.py,Python,9611b68f4a50c5da,556,56,0,0,0,0,0.44756554307116103,0.9625468164794008,0.44756554307116103,0.6563556876031624
sigi,2025,ff2c504d4b47b37e6c74ca54a05a8a86e0c857a6,sigi/apps/espacos/jobs/monthly/__init__.py,Python,5f5c7a371faf89c7,0,0,0,0,0,0,0.44756554307116103,0.2752808988764045,0.2752808988764045,0.351007471434349
sigi,2025,ff2c504d4b47b37e6c74ca54a05a8a86e0c857a6,sigi/apps/espacos/jobs/weekly/__init__.py,Python,5ac4c9973912cbf6,0,0,0,0,0,0,0.44756554307116103,0.2752808988764045,0.2752808988764045,0.351007471434349
sigi,2025,ff2c504d4b47b37e6c74ca54a05a8a86e0c857a6,sigi/apps/espacos/jobs/yearly/__init__.py,Python,efa0b7dde8985b91,0,0,0,0,0,0,0.44756554307116103,0.2752808988764045,0.2752808988764045,0.351007471434349
sigi,2025,ff2c504d4b47b37e6c74ca54a05a8a86e0c857a6,sigi/apps/espacos/models.py,Python,1cebe78c65930d30,222,22,3,40,30,70,0.9906367041198502,0.8689138576779026,0.8689138576779026,0.9277812027272928
sigi,2025,ff2c504d4b47b37e6c74ca54a05a8a86e0c857a6,sigi/apps/espacos/views.py,Python,afe0213102953fd6,282,36,1,44,6,50,0.9213483146067416,0.9194756554307116,0.9194756554307116,0.9204115087573684
sigi,2025,ff2c504d4b47b37e6c74ca54a05a8a86e0c857a6,sigi/apps/eventos/__init__.py,Python,05dd4f1574de7d3b,0,0,0,0,0,0,0.44756554307116103,0.2752808988764045,0.2752808988764045,0.351007471434349
sigi,2025,ff2c504d4b47b37e6c74ca54a05a8a86e0c857a6,sigi/apps/eventos/admin.py,Python,ce44b53bba4681d0,1630,152,2,58,6,64,0.9681647940074907,0.9925093632958801,0.9681647940074907,0.9802615075916535
sigi,2025,ff2c504d4b47b37e6c74ca54a05a8a86e0c857a6,sigi/apps/eventos/admin_urls.py,Python,ae7872ae12ab6e08,30,0,2,6,5,11,0.9681647940074907,0.2752808988764045,0.2752808988764045,0.5162531111333577
sigi,2025,ff2c504d4b47b37e6c74ca54a05a8a86e0c857a6,sigi/apps/eventos/api_urls.py,Python,a2793963958501d4,14,0,0,0,0,0,0.44756554307116103,0.2752808988764045,0.2752808988764045,0.351007471434349
sigi,2025,ff2c504d4b47b37e6c74ca54a05a8a86e0c857a6,sigi/apps/eventos/apps.py,Python,5cec9865a56a4604,5,0,0,0,0,0,0.44756554307116103,0.2752808988764045,0.2752808988764045,0.351007471434349
sigi,2025,ff2c504d4b47b37e6c74ca54a05a8a86e0c857a6,sigi/apps/eventos/dashboards.py,Python,ac5576f6d01fd4cb,125,22,1,153,0,153,0.9213483146067416,0.8689138576779026,0.8689138576779026,0.8947470694615198
sigi,2025,ff2c504d4b47b37e6c74ca54a05a8a86e0c857a6,sigi/apps/eventos/forms.py,Python,c3a21909f45ef8bb,226,17,0,0,0,0,0.44756554307116103,0.8258426966292135,0.44756554307116103,0.6079627743605739
sigi,2025,ff2c504d4b47b37e6c74ca54a05a8a86e0c857a6,sigi/apps/eventos/jobs/__init__.py,Python,ae1cabde8430f52d,0,0,0,0,0,0,0.44756554307116103,0.2752808988764045,0.2752808988764045,0.351007471434349
sigi,2025,ff2c504d4b47b37e6c74ca54a05a8a86e0c857a6,sigi/apps/eventos/jobs/daily/__init__.py,Python,da9e0e98268279a1,0,0,0,0,0,0,0.44756554307116103,0.2752808988764045,0.2752808988764045,0.351007471434349
sigi,2025,ff2c504d4b47b37e6c74ca54a05a8a86e0c857a6,sigi/apps/eventos/jobs/daily/encerra_inscricao.py,Python,66aa368a1c9e4406,70,3,0,0,0,0,0.44756554307116103,0.6217228464419475,0.44756554307116103,0.5275051880385048
sigi,2025,ff2c504d4b47b37e6c74ca54a05a8a86e0c857a6,sigi/apps/eventos/jobs/daily/sincroniza_saberes.py,Python,f91e9fa3e62d2de4,67,4,1,3,2,5,0.9213483146067416,0.6441947565543071,0.6441947565543071,0.7704075241259077
sigi,2025,ff2c504d4b47b37e6c74ca54a05a8a86e0c857a6,sigi/apps/eventos/jobs/hourly/__init__.py,Python,805b65dc352fdbb7,0,0,0,0,0,0,0.44756554307116103,0.2752808988764045,0.2752808988764045,0.351007471434349
sigi,2025,ff2c504d4b47b37e6c74ca54a05a8a86e0c857a6,sigi/apps/eventos/jobs/monthly/__init__.py,Python,1263793465df54e4,0,0,0,0,0,0,0.44756554307116103,0.2752808988764045,0.2752808988764045,0.351007471434349
sigi,2025,ff2c504d4b47b37e6c74ca54a05a8a86e0c857a6,sigi/apps/eventos/jobs/weekly/__init__.py,Python,6f42eb0e9f70469a,0,0,0,0,0,0,0.44756554307116103,0.2752808988764045,0.2752808988764045,0.351007471434349
sigi,2025,ff2c504d4b47b37e6c74ca54a05a8a86e0c857a6,sigi/apps/eventos/jobs/yearly/__init__.py,Python,edc63163974e59e9,0,0,0,0,0,0,0.44756554307116103,0.2752808988764045,0.2752808988764045,0.351007471434349
sigi,2025,ff2c504d4b47b37e6c74ca54a05a8a86e0c857a6,sigi/apps/eventos/management/__init__.py,Python,372eb697641a42ba,0,0,0,0,0,0,0.44756554307116103,0.2752808988764045,0.2752808988764045,0.351007471434349
sigi,2025,ff2c504d4b47b37e6c74ca54a05a8a86e0c857a6,sigi/apps/eventos/management/commands/__init__.py,Python,d6a5739a96118207,0,0,0,0,0,0,0.44756554307116103,0.2752808988764045,0.2752808988764045,0.351007471434349
sigi,2025,ff2c504d4b47b37e6c74ca54a05a8a86e0c857a6,sigi/apps/eventos/management/commands/carga_participantes.py,Python,10b343fcddcfcc4e,27,3,1,15,6,21,0.9213483146067416,0.6217228464419475,0.6217228464419475,0.756850907855566
sigi,2025,ff2c504d4b47b37e6c74ca54a05a8a86e0c857a6,sigi/apps/eventos/models.py,Python,419970de88378335,1066,81,2,80,85,165,0.9681647940074907,0.9775280898876404,0.9681647940074907,0.97283517708942
sigi,2025,ff2c504d4b47b37e6c74ca54a05a8a86e0c857a6,sigi/apps/eventos/saberes.py,Python,627fed5c1249f205,237,70,1,281,0,281,0.9213483146067416,0.9737827715355806,0.9213483146067416,0.9472027847020874
sigi,2025,ff2c504d4b47b37e6c74ca54a05a8a86e0c857a6,sigi/apps/eventos/serializers.py,Python,ed5390254108bcda,101,20,0,0,0,0,0.44756554307116103,0.8576779026217228,0.44756554307116103,0.6195700737342191
sigi,2025,ff2c504d4b47b37e6c74ca54a05a8a86e0c857a6,sigi/apps/eventos/urls.py,Python,a3b5aff9ba1ce54e,3,0,0,0,0,0,0.44756554307116103,0.2752808988764045,0.2752808988764045,0.351007471434349
sigi,2025,ff2c504d4b47b37e6c74ca54a05a8a86e0c857a6,sigi/apps/eventos/views.py,Python,8fbbf6d3f95d7b81,1212,153,2,736,695,1431,0.9681647940074907,0.9962546816479401,0.9681647940074907,0.9821093160319151
sigi,2025,ff2c504d4b47b37e6c74ca54a05a8a86e0c857a6,sigi/apps/financeiro/__init__.py,Python,251f1934651acd85,0,0,0,0,0,0,0.44756554307116103,0.2752808988764045,0.2752808988764045,0.351007471434349
sigi,2025,ff2c504d4b47b37e6c74ca54a05a8a86e0c857a6,sigi/apps/financeiro/admin.py,Python,6becb74c534ace66,21,0,0,0,0,0,0.44756554307116103,0.2752808988764045,0.2752808988764045,0.351007471434349
sigi,2025,ff2c504d4b47b37e6c74ca54a05a8a86e0c857a6,sigi/apps/financeiro/forms.py,Python,c0152d30ad6b391a,1,0,0,0,0,0,0.44756554307116103,0.2752808988764045,0.2752808988764045,0.351007471434349
sigi,2025,ff2c504d4b47b37e6c74ca54a05a8a86e0c857a6,sigi/apps/financeiro/models.py,Python,fb029c4528e1c79f,20,1,0,0,0,0,0.44756554307116103,0.5617977528089888,0.44756554307116103,0.5014392449062129
sigi,2025,ff2c504d4b47b37e6c74ca54a05a8a86e0c857a6,sigi/apps/financeiro/urls.py,Python,ba19cff85959562c,1,0,0,0,0,0,0.44756554307116103,0.2752808988764045,0.2752808988764045,0.351007471434349
sigi,2025,ff2c504d4b47b37e6c74ca54a05a8a86e0c857a6,sigi/apps/financeiro/views.py,Python,58a0338ae5ea2df9,0,0,0,0,0,0,0.44756554307116103,0.2752808988764045,0.2752808988764045,0.351007471434349
sigi,2025,ff2c504d4b47b37e6c74ca54a05a8a86e0c857a6,sigi/apps/home/__init__.py,Python,61af000091c41a48,0,0,0,0,0,0,0.44756554307116103,0.2752808988764045,0.2752808988764045,0.351007471434349
sigi,2025,ff2c504d4b47b37e6c74ca54a05a8a86e0c857a6,sigi/apps/home/accounts_urls.py,Python,2367713b07682c92,36,0,0,0,0,0,0.44756554307116103,0.2752808988764045,0.2752808988764045,0.351007471434349
sigi,2025,ff2c504d4b47b37e6c74ca54a05a8a86e0c857a6,sigi/apps/home/admin.py,Python,90556ae2e87886f6,23,5,0,0,0,0,0.44756554307116103,0.6704119850187266,0.44756554307116103,0.5477712151585928
sigi,2025,ff2c504d4b47b37e6c74ca54a05a8a86e0c857a6,sigi/apps/home/apps.py,Python,127b6e3e9d0d95e1,6,0,0,0,0,0,0.44756554307116103,0.2752808988764045,0.2752808988764045,0.351007471434349
sigi,2025,ff2c504d4b47b37e6c74ca54a05a8a86e0c857a6,sigi/apps/home/context_processors.py,Python,c33b2cb3f47f2744,56,12,0,0,0,0,0.44756554307116103,0.7752808988764045,0.44756554307116103,0.589057736167106
sigi,2025,ff2c504d4b47b37e6c74ca54a05a8a86e0c857a6,sigi/apps/home/forms.py,Python,d89e6c894bfce0d9,6,0,0,0,0,0,0.44756554307116103,0.2752808988764045,0.2752808988764045,0.351007471434349
sigi,2025,ff2c504d4b47b37e6c74ca54a05a8a86e0c857a6,sigi/apps/home/mixins.py,Python,3636681ff00fd0d4,30,9,0,0,0,0,0.44756554307116103,0.7359550561797753,0.44756554307116103,0.5739234482011237
sigi,2025,ff2c504d4b47b37e6c74ca54a05a8a86e0c857a6,sigi/apps/home/models.py,Python,c2913a909d69ddad,61,2,0,0,0,0,0.44756554307116103,0.5917602996254682,0.44756554307116103,0.5146372701911761
sigi,2025,ff2c504d4b47b37e6c74ca54a05a8a86e0c857a6,sigi/apps/home/templatetags/__init__.py,Python,34e491688dfd52d0,0,0,0,0,0,0,0.44756554307116103,0.2752808988764045,0.2752808988764045,0.351007471434349
sigi,2025,ff2c504d4b47b37e6c74ca54a05a8a86e0c857a6,sigi/apps/home/templatetags/smart_pagination.py,Python,f9419bc7b13faeae,33,6,0,0,0,0,0.44756554307116103,0.6947565543071161,0.44756554307116103,0.5576280969702953
sigi,2025,ff2c504d4b47b37e6c74ca54a05a8a86e0c857a6,sigi/apps/home/urls.py,Python,c3a073ae3ac4b2c0,85,0,0,0,0,0,0.44756554307116103,0.2752808988764045,0.2752808988764045,0.351007471434349
sigi,2025,ff2c504d4b47b37e6c74ca54a05a8a86e0c857a6,sigi/apps/home/views.py,Python,1fc983b8df7bd048,1245,146,1,1,1,2,0.9213483146067416,0.9887640449438202,0.9213483146067416,0.9544611497346203
sigi,2025,ff2c504d4b47b37e6c74ca54a05a8a86e0c857a6,sigi/apps/inventario/__init__.py,Python,52e9395def22b85a,0,0,0,0,0,0,0.44756554307116103,0.2752808988764045,0.2752808988764045,0.351007471434349
sigi,2025,ff2c504d4b47b37e6c74ca54a05a8a86e0c857a6,sigi/apps/inventario/admin.py,Python,38fea8932353ff5c,74,1,0,0,0,0,0.44756554307116103,0.5617977528089888,0.44756554307116103,0.5014392449062129
sigi,2025,ff2c504d4b47b37e6c74ca54a05a8a86e0c857a6,sigi/apps/inventario/apps.py,Python,81f7488365f2b038,5,0,0,0,0,0,0.44756554307116103,0.2752808988764045,0.2752808988764045,0.351007471434349
sigi,2025,ff2c504d4b47b37e6c74ca54a05a8a86e0c857a6,sigi/apps/inventario/models.py,Python,dec1ffd66e62d101,72,6,0,0,0,0,0.44756554307116103,0.6947565543071161,0.44756554307116103,0.5576280969702953
sigi,2025,ff2c504d4b47b37e6c74ca54a05a8a86e0c857a6,sigi/apps/metas/__init__.py,Python,2cdc9999138959d9,0,0,0,0,0,0,0.44756554307116103,0.2752808988764045,0.2752808988764045,0.351007471434349
sigi,2025,ff2c504d4b47b37e6c74ca54a05a8a86e0c857a6,sigi/apps/metas/admin.py,Python,7101fc2e2b0edb71,87,12,0,0,0,0,0.44756554307116103,0.7752808988764045,0.44756554307116103,0.589057736167106
sigi,2025,ff2c504d4b47b37e6c74ca54a05a8a86e0c857a6,sigi/apps/metas/forms.py,Python,d0f73212f4ced106,1,0,0,0,0,0,0.44756554307116103,0.2752808988764045,0.2752808988764045,0.351007471434349
sigi,2025,ff2c504d4b47b37e6c74ca54a05a8a86e0c857a6,sigi/apps/metas/management/__init__.py,Python,92e393dca2da3deb,0,0,0,0,0,0,0.44756554307116103,0.2752808988764045,0.2752808988764045,0.351007471434349
sigi,2025,ff2c504d4b47b37e6c74ca54a05a8a86e0c857a6,sigi/apps/metas/management/commands/__init__.py,Python,5d92e90f6ac2f160,0,0,0,0,0,0,0.44756554307116103,0.2752808988764045,0.2752808988764045,0.351007471434349
sigi,2025,ff2c504d4b47b37e6c74ca54a05a8a86e0c857a6,sigi/apps/metas/models.py,Python,83bf2adf89f46923,171,18,0,0,0,0,0.44756554307116103,0.8389513108614233,0.44756554307116103,0.6127688789877921
sigi,2025,ff2c504d4b47b37e6c74ca54a05a8a86e0c857a6,sigi/apps/metas/templatetags/__init__.py,Python,5de977f836383ddd,0,0,0,0,0,0,0.44756554307116103,0.2752808988764045,0.2752808988764045,0.351007471434349
sigi,2025,ff2c504d4b47b37e6c74ca54a05a8a86e0c857a6,sigi/apps/metas/templatetags/mapa_tags.py,Python,915a4285d0454702,13,3,0,0,0,0,0.44756554307116103,0.6217228464419475,0.44756554307116103,0.5275051880385048
sigi,2025,ff2c504d4b47b37e6c74ca54a05a8a86e0c857a6,sigi/apps/metas/urls.py,Python,ff6c355c2b324381,14,0,0,0,0,0,0.44756554307116103,0.2752808988764045,0.2752808988764045,0.351007471434349
sigi,2025,ff2c504d4b47b37e6c74ca54a05a8a86e0c857a6,sigi/apps/metas/views.py,Python,1701ef1f0e94f90e,284,33,0,0,0,0,0.44756554307116103,0.9101123595505618,0.44756554307116103,0.6382279627672411
sigi,2025,ff2c504d4b47b37e6c74ca54a05a8a86e0c857a6,sigi/apps/ocorrencias/__init__.py,Python,0e1912fb6922327a,0,0,0,0,0,0,0.44756554307116103,0.2752808988764045,0.2752808988764045,0.351007471434349
sigi,2025,ff2c504d4b47b37e6c74ca54a05a8a86e0c857a6,sigi/apps/ocorrencias/admin.py,Python,c8bdab2e2b0ebb9b,156,14,0,0,0,0,0.44756554307116103,0.795880149812734,0.44756554307116103,0.5968320797933815
sigi,2025,ff2c504d4b47b37e6c74ca54a05a8a86e0c857a6,sigi/apps/ocorrencias/admin_urls.py,Python,140cf21e14dafd23,19,0,0,0,0,0,0.44756554307116103,0.2752808988764045,0.2752808988764045,0.351007471434349
sigi,2025,ff2c504d4b47b37e6c74ca54a05a8a86e0c857a6,sigi/apps/ocorrencias/apps.py,Python,773689fefebc48fe,5,0,0,0,0,0,0.44756554307116103,0.2752808988764045,0.2752808988764045,0.351007471434349
sigi,2025,ff2c504d4b47b37e6c74ca54a05a8a86e0c857a6,sigi/apps/ocorrencias/filters.py,Python,2139457a6cf06339,10,2,0,0,0,0,0.44756554307116103,0.5917602996254682,0.44756554307116103,0.5146372701911761
sigi,2025,ff2c504d4b47b37e6c74ca54a05a8a86e0c857a6,sigi/apps/ocorrencias/forms.py,Python,28cb3966871d144b,218,7,0,0,0,0,0.44756554307116103,0.7116104868913857,0.44756554307116103,0.5643512505706676
sigi,2025,ff2c504d4b47b37e6c74ca54a05a8a86e0c857a6,sigi/apps/ocorrencias/models.py,Python,07e679d6422a12ba,277,30,0,0,0,0,0.44756554307116103,0.900749063670412,0.44756554307116103,0.6349364092981972
sigi,2025,ff2c504d4b47b37e6c74ca54a05a8a86e0c857a6,sigi/apps/ocorrencias/urls.py,Python,849a7b7d0372a8fd,45,0,0,0,0,0,0.44756554307116103,0.2752808988764045,0.2752808988764045,0.351007471434349
sigi,2025,ff2c504d4b47b37e6c74ca54a05a8a86e0c857a6,sigi/apps/ocorrencias/views.py,Python,b2c4c1c0368dd2fb,986,170,1,23,10,33,0.9213483146067416,1.0,0.9213483146067416,0.9598689049066761
sigi,2025,ff2c504d4b47b37e6c74ca54a05a8a86e0c857a6,sigi/apps/parlamentares/__init__.py,Python,7bb616c8663aff83,0,0,0,0,0,0,0.44756554307116103,0.2752808988764045,0.2752808988764045,0.351007471434349
sigi,2025,ff2c504d4b47b37e6c74ca54a05a8a86e0c857a6,sigi/apps/parlamentares/admin.py,Python,63dcd5f2a3cf7c25,270,30,1,3,7,10,0.9213483146067416,0.900749063670412,0.900749063670412,0.9109904674014623
sigi,2025,ff2c504d4b47b37e6c74ca54a05a8a86e0c857a6,sigi/apps/parlamentares/apps.py,Python,83f64b5341f402e0,5,0,0,0,0,0,0.44756554307116103,0.2752808988764045,0.2752808988764045,0.351007471434349
sigi,2025,ff2c504d4b47b37e6c74ca54a05a8a86e0c857a6,sigi/apps/parlamentares/forms.py,Python,cdc2c091496a3cb2,57,2,0,0,0,0,0.44756554307116103,0.5917602996254682,0.44756554307116103,0.5146372701911761
sigi,2025,ff2c504d4b47b37e6c74ca54a05a8a86e0c857a6,sigi/apps/parlamentares/jobs/__init__.py,Python,211f16d23b9cbbcb,3,0,0,0,0,0,0.44756554307116103,0.2752808988764045,0.2752808988764045,0.351007471434349
sigi,2025,ff2c504d4b47b37e6c74ca54a05a8a86e0c857a6,sigi/apps/parlamentares/jobs/daily/__init__.py,Python,06db33d7b75d0aad,0,0,0,0,0,0,0.44756554307116103,0.2752808988764045,0.2752808988764045,0.351007471434349
sigi,2025,ff2c504d4b47b37e6c74ca54a05a8a86e0c857a6,sigi/apps/parlamentares/jobs/hourly/__init__.py,Python,a18f90228f551f9e,0,0,0,0,0,0,0.44756554307116103,0.2752808988764045,0.2752808988764045,0.351007471434349
sigi,2025,ff2c504d4b47b37e6c74ca54a05a8a86e0c857a6,sigi/apps/parlamentares/jobs/minutely/__init__.py,Python,dd642c7c42883da7,0,0,0,0,0,0,0.44756554307116103,0.2752808988764045,0.2752808988764045,0.351007471434349
sigi,2025,ff2c504d4b47b37e6c74ca54a05a8a86e0c857a6,sigi/apps/parlamentares/jobs/minutely/importa_parlamentar.py,Python,692e9553d4613211,310,53,0,0,0,0,0.44756554307116103,0.9550561797752809,0.44756554307116103,0.6537967862911166
sigi,2025,ff2c504d4b47b37e6c74ca54a05a8a86e0c857a6,sigi/apps/parlamentares/jobs/monthly/__init__.py,Python,cbf3d8e09ce5306a,0,0,0,0,0,0,0.44756554307116103,0.2752808988764045,0.2752808988764045,0.351007471434349
sigi,2025,ff2c504d4b47b37e6c74ca54a05a8a86e0c857a6,sigi/apps/parlamentares/jobs/weekly/__init__.py,Python,df796c6bfed53cbe,0,0,0,0,0,0,0.44756554307116103,0.2752808988764045,0.2752808988764045,0.351007471434349
sigi,2025,ff2c504d4b47b37e6c74ca54a05a8a86e0c857a6,sigi/apps/parlamentares/jobs/yearly/__init__.py,Python,7797c57a341827fa,0,0,0,0,0,0,0.44756554307116103,0.2752808988764045,0.2752808988764045,0.351007471434349
sigi,2025,ff2c504d4b47b37e6c74ca54a05a8a86e0c857a6,sigi/apps/parlamentares/models.py,Python,630900e8ae7983d4,131,5,0,0,0,0,0.44756554307116103,0.6704119850187266,0.44756554307116103,0.5477712151585928
sigi,2025,ff2c504d4b47b37e6c74ca54a05a8a86e0c857a6,sigi/apps/parlamentares/reports.py,Python,3a5148f2dec927bb,655,18,0,0,0,0,0.44756554307116103,0.8389513108614233,0.44756554307116103,0.6127688789877921
sigi,2025,ff2c504d4b47b37e6c74ca54a05a8a86e0c857a6,sigi/apps/parlamentares/urls.py,Python,43b0c013197d7c11,21,0,0,0,0,0,0.44756554307116103,0.2752808988764045,0.2752808988764045,0.351007471434349
sigi,2025,ff2c504d4b47b37e6c74ca54a05a8a86e0c857a6,sigi/apps/parlamentares/views.py,Python,60d5f150cd167735,75,15,0,0,0,0,0.44756554307116103,0.8052434456928839,0.44756554307116103,0.6003325912159263
sigi,2025,ff2c504d4b47b37e6c74ca54a05a8a86e0c857a6,sigi/apps/relatorios/__init__.py,Python,78bc85c335111d94,0,0,0,0,0,0,0.44756554307116103,0.2752808988764045,0.2752808988764045,0.351007471434349
sigi,2025,ff2c504d4b47b37e6c74ca54a05a8a86e0c857a6,sigi/apps/relatorios/models.py,Python,57fedd4d710b0aa1,1,0,0,0,0,0,0.44756554307116103,0.2752808988764045,0.2752808988764045,0.351007471434349
sigi,2025,ff2c504d4b47b37e6c74ca54a05a8a86e0c857a6,sigi/apps/relatorios/reports.py,Python,11a12bda9603082a,113,0,0,0,0,0,0.44756554307116103,0.2752808988764045,0.2752808988764045,0.351007471434349
sigi,2025,ff2c504d4b47b37e6c74ca54a05a8a86e0c857a6,sigi/apps/relatorios/views.py,Python,cfa5ed591fa074b6,0,0,0,0,0,0,0.44756554307116103,0.2752808988764045,0.2752808988764045,0.351007471434349
sigi,2025,ff2c504d4b47b37e6c74ca54a05a8a86e0c857a6,sigi/apps/servicos/__init__.py,Python,c8fc5ddb43adb8f2,33,8,1,2,2,4,0.9213483146067416,0.7265917602996255,0.7265917602996255,0.818195632938239
sigi,2025,ff2c504d4b47b37e6c74ca54a05a8a86e0c857a6,sigi/apps/servicos/admin.py,Python,4053efda00216adf,179,16,0,0,0,0,0.44756554307116103,0.8164794007490637,0.44756554307116103,0.604506448603049
sigi,2025,ff2c504d4b47b37e6c74ca54a05a8a86e0c857a6,sigi/apps/servicos/api_urls.py,Python,bf328543d0cd2c7a,5,0,0,0,0,0,0.44756554307116103,0.2752808988764045,0.2752808988764045,0.351007471434349
sigi,2025,ff2c504d4b47b37e6c74ca54a05a8a86e0c857a6,sigi/apps/servicos/apps.py,Python,525cc1e7ff96e801,5,0,0,0,0,0,0.44756554307116103,0.2752808988764045,0.2752808988764045,0.351007471434349
sigi,2025,ff2c504d4b47b37e6c74ca54a05a8a86e0c857a6,sigi/apps/servicos/dashboards.py,Python,b3c7cc81c03f8e3d,344,52,2,429,24,453,0.9681647940074907,0.951310861423221,0.951310861423221,0.95970083056487
sigi,2025,ff2c504d4b47b37e6c74ca54a05a8a86e0c857a6,sigi/apps/servicos/filters.py,Python,a560bff07dfca4ee,82,19,0,0,0,0,0.44756554307116103,0.8520599250936329,0.44756554307116103,0.6175375803169428
sigi,2025,ff2c504d4b47b37e6c74ca54a05a8a86e0c857a6,sigi/apps/servicos/jobs/__init__.py,Python,3254dbf6cbeb84b8,0,0,0,0,0,0,0.44756554307116103,0.2752808988764045,0.2752808988764045,0.351007471434349
sigi,2025,ff2c504d4b47b37e6c74ca54a05a8a86e0c857a6,sigi/apps/servicos/jobs/daily/__init__.py,Python,0174f3cd9f9336e0,0,0,0,0,0,0,0.44756554307116103,0.2752808988764045,0.2752808988764045,0.351007471434349
sigi,2025,ff2c504d4b47b37e6c74ca54a05a8a86e0c857a6,sigi/apps/servicos/jobs/daily/atualiza_uso_servicos.py,Python,1d14723ab057524d,17,2,0,0,0,0,0.44756554307116103,0.5917602996254682,0.44756554307116103,0.5146372701911761
sigi,2025,ff2c504d4b47b37e6c74ca54a05a8a86e0c857a6,sigi/apps/servicos/jobs/daily/sincroniza_dns.py,Python,944779c85cc9de28,253,48,0,0,0,0,0.44756554307116103,0.9438202247191011,0.44756554307116103,0.64993954444852
sigi,2025,ff2c504d4b47b37e6c74ca54a05a8a86e0c857a6,sigi/apps/servicos/jobs/daily/sincroniza_rancher.py,Python,6d2c9f322f0a01fa,230,41,0,0,0,0,0.44756554307116103,0.9307116104868914,0.44756554307116103,0.6454102938365645
sigi,2025,ff2c504d4b47b37e6c74ca54a05a8a86e0c857a6,sigi/apps/servicos/jobs/daily/verifica_dominios.py,Python,fb8582f50c7b01a4,40,3,0,0,0,0,0.44756554307116103,0.6217228464419475,0.44756554307116103,0.5275051880385048
sigi,2025,ff2c504d4b47b37e6c74ca54a05a8a86e0c857a6,sigi/apps/servicos/jobs/hourly/__init__.py,Python,c7471d86469699a9,0,0,0,0,0,0,0.44756554307116103,0.2752808988764045,0.2752808988764045,0.351007471434349
sigi,2025,ff2c504d4b47b37e6c74ca54a05a8a86e0c857a6,sigi/apps/servicos/jobs/monthly/__init__.py,Python,c8a504c1f6247f72,0,0,0,0,0,0,0.44756554307116103,0.2752808988764045,0.2752808988764045,0.351007471434349
sigi,2025,ff2c504d4b47b37e6c74ca54a05a8a86e0c857a6,sigi/apps/servicos/jobs/weekly/__init__.py,Python,b3b91bb3264c4ba6,0,0,0,0,0,0,0.44756554307116103,0.2752808988764045,0.2752808988764045,0.351007471434349
sigi,2025,ff2c504d4b47b37e6c74ca54a05a8a86e0c857a6,sigi/apps/servicos/jobs/yearly/__init__.py,Python,23cfb570f7f1d04a,0,0,0,0,0,0,0.44756554307116103,0.2752808988764045,0.2752808988764045,0.351007471434349
sigi,2025,ff2c504d4b47b37e6c74ca54a05a8a86e0c857a6,sigi/apps/servicos/management/__init__.py,Python,7550e5d40dbbd535,0,0,0,0,0,0,0.44756554307116103,0.2752808988764045,0.2752808988764045,0.351007471434349
sigi,2025,ff2c504d4b47b37e6c74ca54a05a8a86e0c857a6,sigi/apps/servicos/management/commands/__init__.py,Python,75791ba09f6c6350,0,0,0,0,0,0,0.44756554307116103,0.2752808988764045,0.2752808988764045,0.351007471434349
sigi,2025,ff2c504d4b47b37e6c74ca54a05a8a86e0c857a6,sigi/apps/servicos/management/commands/atualiza_uso_servico.py,Python,8b59a60b3edc7dc8,21,5,0,0,0,0,0.44756554307116103,0.6704119850187266,0.44756554307116103,0.5477712151585928
sigi,2025,ff2c504d4b47b37e6c74ca54a05a8a86e0c857a6,sigi/apps/servicos/management/commands/importa_servico.py,Python,7e6b9286602476b4,207,28,0,0,0,0,0.44756554307116103,0.8913857677902621,0.44756554307116103,0.6316277030394982
sigi,2025,ff2c504d4b47b37e6c74ca54a05a8a86e0c857a6,sigi/apps/servicos/models.py,Python,60bbe3d4752236bc,353,44,0,0,0,0,0.44756554307116103,0.9382022471910112,0.44756554307116103,0.64800231347938
sigi,2025,ff2c504d4b47b37e6c74ca54a05a8a86e0c857a6,sigi/apps/servicos/serializers.py,Python,9dda081d9bd103d4,4,0,0,0,0,0,0.44756554307116103,0.2752808988764045,0.2752808988764045,0.351007471434349
sigi,2025,ff2c504d4b47b37e6c74ca54a05a8a86e0c857a6,sigi/apps/servicos/urls.py,Python,2b19b523a1dc68ee,15,0,0,0,0,0,0.44756554307116103,0.2752808988764045,0.2752808988764045,0.351007471434349
sigi,2025,ff2c504d4b47b37e6c74ca54a05a8a86e0c857a6,sigi/apps/servicos/views.py,Python,869c1ab319f0c66c,154,15,0,0,0,0,0.44756554307116103,0.8052434456928839,0.44756554307116103,0.6003325912159263
sigi,2025,ff2c504d4b47b37e6c74ca54a05a8a86e0c857a6,sigi/apps/servidores/__init__.py,Python,438a0f4c738e8f4c,0,0,0,0,0,0,0.44756554307116103,0.2752808988764045,0.2752808988764045,0.351007471434349
sigi,2025,ff2c504d4b47b37e6c74ca54a05a8a86e0c857a6,sigi/apps/servidores/admin.py,Python,d133df57627c25a3,141,12,0,0,0,0,0.44756554307116103,0.7752808988764045,0.44756554307116103,0.589057736167106
sigi,2025,ff2c504d4b47b37e6c74ca54a05a8a86e0c857a6,sigi/apps/servidores/apps.py,Python,45046ca6b345308f,5,0,0,0,0,0,0.44756554307116103,0.2752808988764045,0.2752808988764045,0.351007471434349
sigi,2025,ff2c504d4b47b37e6c74ca54a05a8a86e0c857a6,sigi/apps/servidores/filters.py,Python,b6b05d3f39739684,17,5,0,0,0,0,0.44756554307116103,0.6704119850187266,0.44756554307116103,0.5477712151585928
sigi,2025,ff2c504d4b47b37e6c74ca54a05a8a86e0c857a6,sigi/apps/servidores/jobs/__init__.py,Python,4b1517eeea060d24,0,0,0,0,0,0,0.44756554307116103,0.2752808988764045,0.2752808988764045,0.351007471434349
sigi,2025,ff2c504d4b47b37e6c74ca54a05a8a86e0c857a6,sigi/apps/servidores/jobs/daily/__init__.py,Python,d4205c7579520938,0,0,0,0,0,0,0.44756554307116103,0.2752808988764045,0.2752808988764045,0.351007471434349
sigi,2025,ff2c504d4b47b37e6c74ca54a05a8a86e0c857a6,sigi/apps/servidores/jobs/daily/sync_ldap.py,Python,940f2f913e6b7f45,114,18,0,0,0,0,0.44756554307116103,0.8389513108614233,0.44756554307116103,0.6127688789877921
sigi,2025,ff2c504d4b47b37e6c74ca54a05a8a86e0c857a6,sigi/apps/servidores/jobs/hourly/__init__.py,Python,e6cdf065f9134180,0,0,0,0,0,0,0.44756554307116103,0.2752808988764045,0.2752808988764045,0.351007471434349
sigi,2025,ff2c504d4b47b37e6c74ca54a05a8a86e0c857a6,sigi/apps/servidores/jobs/monthly/__init__.py,Python,032a982669ecd6e4,0,0,0,0,0,0,0.44756554307116103,0.2752808988764045,0.2752808988764045,0.351007471434349
sigi,2025,ff2c504d4b47b37e6c74ca54a05a8a86e0c857a6,sigi/apps/servidores/jobs/weekly/__init__.py,Python,586ce3dba3b3dbd4,0,0,0,0,0,0,0.44756554307116103,0.2752808988764045,0.2752808988764045,0.351007471434349
sigi,2025,ff2c504d4b47b37e6c74ca54a05a8a86e0c857a6,sigi/apps/servidores/jobs/yearly/__init__.py,Python,8d4d6596d76b9937,0,0,0,0,0,0,0.44756554307116103,0.2752808988764045,0.2752808988764045,0.351007471434349
sigi,2025,ff2c504d4b47b37e6c74ca54a05a8a86e0c857a6,sigi/apps/servidores/management/__init__.py,Python,57a61bced5c9e26a,0,0,0,0,0,0,0.44756554307116103,0.2752808988764045,0.2752808988764045,0.351007471434349
sigi,2025,ff2c504d4b47b37e6c74ca54a05a8a86e0c857a6,sigi/apps/servidores/management/commands/__init__.py,Python,5a860a10457f6d49,0,0,0,0,0,0,0.44756554307116103,0.2752808988764045,0.2752808988764045,0.351007471434349
sigi,2025,ff2c504d4b47b37e6c74ca54a05a8a86e0c857a6,sigi/apps/servidores/management/commands/mescla_servidor.py,Python,a59edcbe3128220c,51,5,0,0,0,0,0.44756554307116103,0.6704119850187266,0.44756554307116103,0.5477712151585928
sigi,2025,ff2c504d4b47b37e6c74ca54a05a8a86e0c857a6,sigi/apps/servidores/management/commands/mescla_usuarios.py,Python,c8bfa9ae41c47f30,52,5,0,0,0,0,0.44756554307116103,0.6704119850187266,0.44756554307116103,0.5477712151585928
sigi,2025,ff2c504d4b47b37e6c74ca54a05a8a86e0c857a6,sigi/apps/servidores/models.py,Python,a5de56c766db1ec8,106,10,0,0,0,0,0.44756554307116103,0.7490636704119851,0.44756554307116103,0.5790121660576893
sigi,2025,ff2c504d4b47b37e6c74ca54a05a8a86e0c857a6,sigi/apps/servidores/utils.py,Python,c327281fb8bafe1b,137,30,1,1,1,2,0.9213483146067416,0.900749063670412,0.900749063670412,0.9109904674014623
sigi,2025,ff2c504d4b47b37e6c74ca54a05a8a86e0c857a6,sigi/apps/servidores/views.py,Python,44714062d8f6b885,0,0,0,0,0,0,0.44756554307116103,0.2752808988764045,0.2752808988764045,0.351007471434349
sigi,2025,ff2c504d4b47b37e6c74ca54a05a8a86e0c857a6,sigi/apps/utils/__init__.py,Python,9b13fe7454f1f580,88,30,1,2,2,4,0.9213483146067416,0.900749063670412,0.900749063670412,0.9109904674014623
sigi,2025,ff2c504d4b47b37e6c74ca54a05a8a86e0c857a6,sigi/apps/utils/admin.py,Python,ded6e45a2b68649e,210,24,0,0,0,0,0.44756554307116103,0.8801498127340824,0.44756554307116103,0.6276342317945304
sigi,2025,ff2c504d4b47b37e6c74ca54a05a8a86e0c857a6,sigi/apps/utils/admin_urls.py,Python,12bcbd17acf92e4c,9,0,0,0,0,0,0.44756554307116103,0.2752808988764045,0.2752808988764045,0.351007471434349
sigi,2025,ff2c504d4b47b37e6c74ca54a05a8a86e0c857a6,sigi/apps/utils/apps.py,Python,ce39ea742926ed7a,5,0,0,0,0,0,0.44756554307116103,0.2752808988764045,0.2752808988764045,0.351007471434349
sigi,2025,ff2c504d4b47b37e6c74ca54a05a8a86e0c857a6,sigi/apps/utils/base_admin.py,Python,2e6ad19ead50dd4e,23,6,0,0,0,0,0.44756554307116103,0.6947565543071161,0.44756554307116103,0.5576280969702953
sigi,2025,ff2c504d4b47b37e6c74ca54a05a8a86e0c857a6,sigi/apps/utils/context_processors.py,Python,6eb5c12226af1f1d,3,2,0,0,0,0,0.44756554307116103,0.5917602996254682,0.44756554307116103,0.5146372701911761
sigi,2025,ff2c504d4b47b37e6c74ca54a05a8a86e0c857a6,sigi/apps/utils/decorators.py,Python,72f14aa02eb79878,42,12,0,0,0,0,0.44756554307116103,0.7752808988764045,0.44756554307116103,0.589057736167106
sigi,2025,ff2c504d4b47b37e6c74ca54a05a8a86e0c857a6,sigi/apps/utils/email.py,Python,8a0370758a40217e,21,5,0,0,0,0,0.44756554307116103,0.6704119850187266,0.44756554307116103,0.5477712151585928
sigi,2025,ff2c504d4b47b37e6c74ca54a05a8a86e0c857a6,sigi/apps/utils/filters.py,Python,c58dee53678b1d52,208,44,0,0,0,0,0.44756554307116103,0.9382022471910112,0.44756554307116103,0.64800231347938
sigi,2025,ff2c504d4b47b37e6c74ca54a05a8a86e0c857a6,sigi/apps/utils/forms/__init__.py,Python,a84cf89bd26b57f3,0,0,0,0,0,0,0.44756554307116103,0.2752808988764045,0.2752808988764045,0.351007471434349
sigi,2025,ff2c504d4b47b37e6c74ca54a05a8a86e0c857a6,sigi/apps/utils/forms/fields.py,Python,09b089b523728756,12,1,0,0,0,0,0.44756554307116103,0.5617977528089888,0.44756554307116103,0.5014392449062129
sigi,2025,ff2c504d4b47b37e6c74ca54a05a8a86e0c857a6,sigi/apps/utils/forms/widgets.py,Python,00d528a1e83a6ad5,6,2,0,0,0,0,0.44756554307116103,0.5917602996254682,0.44756554307116103,0.5146372701911761
sigi,2025,ff2c504d4b47b37e6c74ca54a05a8a86e0c857a6,sigi/apps/utils/jobs/__init__.py,Python,ab5f1ab4f91b335c,0,0,0,0,0,0,0.44756554307116103,0.2752808988764045,0.2752808988764045,0.351007471434349
sigi,2025,ff2c504d4b47b37e6c74ca54a05a8a86e0c857a6,sigi/apps/utils/jobs/daily/__init__.py,Python,650522506cc716ef,0,0,0,0,0,0,0.44756554307116103,0.2752808988764045,0.2752808988764045,0.351007471434349
sigi,2025,ff2c504d4b47b37e6c74ca54a05a8a86e0c857a6,sigi/apps/utils/jobs/hourly/__init__.py,Python,71ebf5cd1e8c9102,0,0,0,0,0,0,0.44756554307116103,0.2752808988764045,0.2752808988764045,0.351007471434349
sigi,2025,ff2c504d4b47b37e6c74ca54a05a8a86e0c857a6,sigi/apps/utils/jobs/job_controller.py,Python,09fd3d4c189d6dbf,88,17,0,0,0,0,0.44756554307116103,0.8258426966292135,0.44756554307116103,0.6079627743605739
sigi,2025,ff2c504d4b47b37e6c74ca54a05a8a86e0c857a6,sigi/apps/utils/jobs/monthly/__init__.py,Python,a7170e83589872f8,0,0,0,0,0,0,0.44756554307116103,0.2752808988764045,0.2752808988764045,0.351007471434349
sigi,2025,ff2c504d4b47b37e6c74ca54a05a8a86e0c857a6,sigi/apps/utils/jobs/weekly/__init__.py,Python,9d457144b9907736,0,0,0,0,0,0,0.44756554307116103,0.2752808988764045,0.2752808988764045,0.351007471434349
sigi,2025,ff2c504d4b47b37e6c74ca54a05a8a86e0c857a6,sigi/apps/utils/jobs/yearly/__init__.py,Python,12b1cb01cb403bff,0,0,0,0,0,0,0.44756554307116103,0.2752808988764045,0.2752808988764045,0.351007471434349
sigi,2025,ff2c504d4b47b37e6c74ca54a05a8a86e0c857a6,sigi/apps/utils/management/__init__.py,Python,685402eb87ff8d88,0,0,0,0,0,0,0.44756554307116103,0.2752808988764045,0.2752808988764045,0.351007471434349
sigi,2025,ff2c504d4b47b37e6c74ca54a05a8a86e0c857a6,sigi/apps/utils/management/jobs.py,Python,79ba13b486a8b65e,94,12,0,0,0,0,0.44756554307116103,0.7752808988764045,0.44756554307116103,0.589057736167106
sigi,2025,ff2c504d4b47b37e6c74ca54a05a8a86e0c857a6,sigi/apps/utils/middleware.py,Python,cb808c8c2fb2fa63,46,14,0,0,0,0,0.44756554307116103,0.795880149812734,0.44756554307116103,0.5968320797933815
sigi,2025,ff2c504d4b47b37e6c74ca54a05a8a86e0c857a6,sigi/apps/utils/mixins.py,Python,3fcea63a011060a7,83,21,1,5,17,22,0.9213483146067416,0.8614232209737828,0.8614232209737828,0.8908820532524525
sigi,2025,ff2c504d4b47b37e6c74ca54a05a8a86e0c857a6,sigi/apps/utils/models.py,Python,217b2af6ca62e447,308,35,0,0,0,0,0.44756554307116103,0.9138576779026217,0.44756554307116103,0.6395398407450759
sigi,2025,ff2c504d4b47b37e6c74ca54a05a8a86e0c857a6,sigi/apps/utils/pagination.py,Python,6891d6802b7d9d3a,5,0,0,0,0,0,0.44756554307116103,0.2752808988764045,0.2752808988764045,0.351007471434349
sigi,2025,ff2c504d4b47b37e6c74ca54a05a8a86e0c857a6,sigi/apps/utils/resources.py,Python,0a7d7c1c42a53704,13,3,0,0,0,0,0.44756554307116103,0.6217228464419475,0.44756554307116103,0.5275051880385048
sigi,2025,ff2c504d4b47b37e6c74ca54a05a8a86e0c857a6,sigi/apps/utils/templatetags/__init__.py,Python,4a6343cb9621526c,0,0,0,0,0,0,0.44756554307116103,0.2752808988764045,0.2752808988764045,0.351007471434349
sigi,2025,ff2c504d4b47b37e6c74ca54a05a8a86e0c857a6,sigi/apps/utils/templatetags/action_icons.py,Python,9034c146aa7d1db3,21,4,0,0,0,0,0.44756554307116103,0.6441947565543071,0.44756554307116103,0.5369537932269618
sigi,2025,ff2c504d4b47b37e6c74ca54a05a8a86e0c857a6,sigi/apps/utils/templatetags/dict_get.py,Python,ab337351bd2b1a63,11,2,0,0,0,0,0.44756554307116103,0.5917602996254682,0.44756554307116103,0.5146372701911761
sigi,2025,ff2c504d4b47b37e6c74ca54a05a8a86e0c857a6,sigi/apps/utils/templatetags/file_image.py,Python,b580b96d1ccc27b1,21,6,0,0,0,0,0.44756554307116103,0.6947565543071161,0.44756554307116103,0.5576280969702953
sigi,2025,ff2c504d4b47b37e6c74ca54a05a8a86e0c857a6,sigi/apps/utils/templatetags/model_fields.py,Python,f444fdd30cd79092,10,3,0,0,0,0,0.44756554307116103,0.6217228464419475,0.44756554307116103,0.5275051880385048
sigi,2025,ff2c504d4b47b37e6c74ca54a05a8a86e0c857a6,sigi/apps/utils/templatetags/pdf.py,Python,af7f4bb3f78a8a1b,6,1,0,0,0,0,0.44756554307116103,0.5617977528089888,0.44756554307116103,0.5014392449062129
sigi,2025,ff2c504d4b47b37e6c74ca54a05a8a86e0c857a6,sigi/apps/utils/templatetags/sigi_tags.py,Python,a4cfe5ddc9b58f6e,48,16,0,0,0,0,0.44756554307116103,0.8164794007490637,0.44756554307116103,0.604506448603049
sigi,2025,ff2c504d4b47b37e6c74ca54a05a8a86e0c857a6,sigi/apps/utils/views.py,Python,38a047445e3a6e6b,191,37,0,0,0,0,0.44756554307116103,0.9250936329588015,0.44756554307116103,0.6434594270246411
sigi,2025,ff2c504d4b47b37e6c74ca54a05a8a86e0c857a6,sigi/apps/whois/__init__.py,Python,439272f78178964d,0,0,0,0,0,0,0.44756554307116103,0.2752808988764045,0.2752808988764045,0.351007471434349
sigi,2025,ff2c504d4b47b37e6c74ca54a05a8a86e0c857a6,sigi/apps/whois/admin.py,Python,e6e699d98f65d62c,1,0,0,0,0,0,0.44756554307116103,0.2752808988764045,0.2752808988764045,0.351007471434349
sigi,2025,ff2c504d4b47b37e6c74ca54a05a8a86e0c857a6,sigi/apps/whois/models.py,Python,5d7c87f6a0ecb159,1,0,0,0,0,0,0.44756554307116103,0.2752808988764045,0.2752808988764045,0.351007471434349
sigi,2025,ff2c504d4b47b37e6c74ca54a05a8a86e0c857a6,sigi/apps/whois/urls.py,Python,933b6cf474bf5754,7,0,0,0,0,0,0.44756554307116103,0.2752808988764045,0.2752808988764045,0.351007471434349
sigi,2025,ff2c504d4b47b37e6c74ca54a05a8a86e0c857a6,sigi/apps/whois/views.py,Python,04a930cf1236da05,66,10,0,0,0,0,0.44756554307116103,0.7490636704119851,0.44756554307116103,0.5790121660576893
sigi,2025,ff2c504d4b47b37e6c74ca54a05a8a86e0c857a6,sigi/asgi.py,Python,bdc726e110c4b8bc,4,0,0,0,0,0,0.44756554307116103,0.2752808988764045,0.2752808988764045,0.351007471434349
sigi,2025,ff2c504d4b47b37e6c74ca54a05a8a86e0c857a6,sigi/settings.py,Python,3f31b4cbfb6621d2,227,0,4,23,4,27,0.9962546816479401,0.2752808988764045,0.2752808988764045,0.5236887284197276
sigi,2025,ff2c504d4b47b37e6c74ca54a05a8a86e0c857a6,sigi/shortcuts.py,Python,6342ebb826410b9f,35,5,0,0,0,0,0.44756554307116103,0.6704119850187266,0.44756554307116103,0.5477712151585928
sigi,2025,ff2c504d4b47b37e6c74ca54a05a8a86e0c857a6,sigi/urls.py,Python,ccf09753e7213f9b,69,0,2,8,2,10,0.9681647940074907,0.2752808988764045,0.2752808988764045,0.5162531111333577
sigi,2025,ff2c504d4b47b37e6c74ca54a05a8a86e0c857a6,sigi/wsgi.py,Python,947a6d2d9cc9d758,4,0,0,0,0,0,0.44756554307116103,0.2752808988764045,0.2752808988764045,0.351007471434349
sigi,2026,129a9dc1225e09d304cbbc9001c48d47aff11b5e,etc/migracao/migra.py,Python,f3cf235d8440c123,336,55,0,0,0,0,0.4042145593869732,0.9559386973180076,0.4042145593869732,0.6216143011042744
sigi,2026,129a9dc1225e09d304cbbc9001c48d47aff11b5e,manage.py,Python,59d9ace2172d7f29,15,2,0,0,0,0,0.4042145593869732,0.5881226053639846,0.4042145593869732,0.48757329684132805
sigi,2026,129a9dc1225e09d304cbbc9001c48d47aff11b5e,scripts/__init__.py,Python,f56e49dd536a4c18,0,0,0,0,0,0,0.4042145593869732,0.2739463601532567,0.2739463601532567,0.3327658444988213
sigi,2026,129a9dc1225e09d304cbbc9001c48d47aff11b5e,scripts/casas_com_PM_e_SAPL.py,Python,e61d8ea0f239c0a5,48,2,0,0,0,0,0.4042145593869732,0.5881226053639846,0.4042145593869732,0.48757329684132805
sigi,2026,129a9dc1225e09d304cbbc9001c48d47aff11b5e,scripts/casas_que_usam_LEGBR_ou_PM.py,Python,8b5b9d2184f078b4,46,7,0,0,0,0,0.4042145593869732,0.7088122605363985,0.4042145593869732,0.5352683771537459
sigi,2026,129a9dc1225e09d304cbbc9001c48d47aff11b5e,scripts/contatos_de_casas_que_usam_portalmodelo.py,Python,a74843c186ab8dc7,81,7,0,0,0,0,0.4042145593869732,0.7088122605363985,0.4042145593869732,0.5352683771537459
sigi,2026,129a9dc1225e09d304cbbc9001c48d47aff11b5e,scripts/csv_writer.py,Python,5dd6218c876bb3dc,27,7,0,0,0,0,0.4042145593869732,0.7088122605363985,0.4042145593869732,0.5352683771537459
sigi,2026,129a9dc1225e09d304cbbc9001c48d47aff11b5e,scripts/importa_pesquisa.py,Python,ae9a0ee89dd8ca90,76,13,0,0,0,0,0.4042145593869732,0.789272030651341,0.4042145593869732,0.5648320512384132
sigi,2026,129a9dc1225e09d304cbbc9001c48d47aff11b5e,scripts/servicos_seit_ate_2013_2014.py,Python,28918bf2e5ad16d7,15,1,0,0,0,0,0.4042145593869732,0.5574712643678161,0.4042145593869732,0.47469780018168994
sigi,2026,129a9dc1225e09d304cbbc9001c48d47aff11b5e,scripts/urls de portais modelo por estado municipio.py,Python,40e79634ea37a42a,15,0,0,0,0,0,0.4042145593869732,0.2739463601532567,0.2739463601532567,0.3327658444988213
sigi,2026,129a9dc1225e09d304cbbc9001c48d47aff11b5e,scripts/user_from_session.py,Python,77a4ef2d4b29ac2e,8,1,0,0,0,0,0.4042145593869732,0.5574712643678161,0.4042145593869732,0.47469780018168994
sigi,2026,129a9dc1225e09d304cbbc9001c48d47aff11b5e,scripts/verificacao_arquivos_faltando_media.py,Python,15789ce2df9589d6,52,5,0,0,0,0,0.4042145593869732,0.6609195402298851,0.4042145593869732,0.5168687461476694
sigi,2026,129a9dc1225e09d304cbbc9001c48d47aff11b5e,setup.py,Python,307d946fc1cb54f5,2,0,0,0,0,0,0.4042145593869732,0.2739463601532567,0.2739463601532567,0.3327658444988213
sigi,2026,129a9dc1225e09d304cbbc9001c48d47aff11b5e,sigi/__init__.py,Python,1a3e5af2e57e6675,0,0,0,0,0,0,0.4042145593869732,0.2739463601532567,0.2739463601532567,0.3327658444988213
sigi,2026,129a9dc1225e09d304cbbc9001c48d47aff11b5e,sigi/apps/__init__.py,Python,8a73921b744382c2,0,0,0,0,0,0,0.4042145593869732,0.2739463601532567,0.2739463601532567,0.3327658444988213
sigi,2026,129a9dc1225e09d304cbbc9001c48d47aff11b5e,sigi/apps/casas/__init__.py,Python,7b930d5254e224ee,0,0,0,0,0,0,0.4042145593869732,0.2739463601532567,0.2739463601532567,0.3327658444988213
sigi,2026,129a9dc1225e09d304cbbc9001c48d47aff11b5e,sigi/apps/casas/admin.py,Python,1cf477cc6f7c09f9,592,61,3,10,10,20,0.9808429118773946,0.9655172413793104,0.9655172413793104,0.9731499075180103
sigi,2026,129a9dc1225e09d304cbbc9001c48d47aff11b5e,sigi/apps/casas/admin_urls.py,Python,c7c3631e09500518,16,0,0,0,0,0,0.4042145593869732,0.2739463601532567,0.2739463601532567,0.3327658444988213
sigi,2026,129a9dc1225e09d304cbbc9001c48d47aff11b5e,sigi/apps/casas/api_urls.py,Python,02750aa979aad36b,8,0,1,1,0,1,0.8620689655172413,0.2739463601532567,0.2739463601532567,0.4859636357841311
sigi,2026,129a9dc1225e09d304cbbc9001c48d47aff11b5e,sigi/apps/casas/apps.py,Python,f86e5cc407c9a165,5,0,0,0,0,0,0.4042145593869732,0.2739463601532567,0.2739463601532567,0.3327658444988213
sigi,2026,129a9dc1225e09d304cbbc9001c48d47aff11b5e,sigi/apps/casas/dashboards.py,Python,50979800846adfe4,72,8,1,27,15,42,0.8620689655172413,0.7260536398467433,0.7260536398467433,0.7911436722951841
sigi,2026,129a9dc1225e09d304cbbc9001c48d47aff11b5e,sigi/apps/casas/filters.py,Python,2df2511295ec2bc3,73,10,2,34,2,36,0.9444444444444444,0.7528735632183908,0.7528735632183908,0.8432361793416495
sigi,2026,129a9dc1225e09d304cbbc9001c48d47aff11b5e,sigi/apps/casas/forms.py,Python,fca3e46e968ae90c,118,12,0,0,0,0,0.4042145593869732,0.7758620689655172,0.4042145593869732,0.5600131644452315
sigi,2026,129a9dc1225e09d304cbbc9001c48d47aff11b5e,sigi/apps/casas/jobs/__init__.py,Python,aa50adb1a44b0d29,0,0,0,0,0,0,0.4042145593869732,0.2739463601532567,0.2739463601532567,0.3327658444988213
sigi,2026,129a9dc1225e09d304cbbc9001c48d47aff11b5e,sigi/apps/casas/jobs/daily/__init__.py,Python,6fbd584465403b63,0,0,0,0,0,0,0.4042145593869732,0.2739463601532567,0.2739463601532567,0.3327658444988213
sigi,2026,129a9dc1225e09d304cbbc9001c48d47aff11b5e,sigi/apps/casas/jobs/daily/sanitiza_email_orgao.py,Python,4177f87fc4060e21,93,12,1,37,43,80,0.8620689655172413,0.7758620689655172,0.7758620689655172,0.8178304293538912
sigi,2026,129a9dc1225e09d304cbbc9001c48d47aff11b5e,sigi/apps/casas/jobs/hourly/__init__.py,Python,b9c3c5eef75c45d4,0,0,0,0,0,0,0.4042145593869732,0.2739463601532567,0.2739463601532567,0.3327658444988213
sigi,2026,129a9dc1225e09d304cbbc9001c48d47aff11b5e,sigi/apps/casas/jobs/monthly/__init__.py,Python,111a623a176a1da1,0,0,0,0,0,0,0.4042145593869732,0.2739463601532567,0.2739463601532567,0.3327658444988213
sigi,2026,129a9dc1225e09d304cbbc9001c48d47aff11b5e,sigi/apps/casas/jobs/weekly/__init__.py,Python,92634744888ad357,0,0,0,0,0,0,0.4042145593869732,0.2739463601532567,0.2739463601532567,0.3327658444988213
sigi,2026,129a9dc1225e09d304cbbc9001c48d47aff11b5e,sigi/apps/casas/jobs/yearly/__init__.py,Python,0a3e4c707eaf499e,0,0,0,0,0,0,0.4042145593869732,0.2739463601532567,0.2739463601532567,0.3327658444988213
sigi,2026,129a9dc1225e09d304cbbc9001c48d47aff11b5e,sigi/apps/casas/management/__init__.py,Python,4328c1adc2c6f55d,0,0,0,0,0,0,0.4042145593869732,0.2739463601532567,0.2739463601532567,0.3327658444988213
sigi,2026,129a9dc1225e09d304cbbc9001c48d47aff11b5e,sigi/apps/casas/management/commands/__init__.py,Python,08aedd3ccf04b506,0,0,0,0,0,0,0.4042145593869732,0.2739463601532567,0.2739463601532567,0.3327658444988213
sigi,2026,129a9dc1225e09d304cbbc9001c48d47aff11b5e,sigi/apps/casas/management/commands/importa_gerentes.py,Python,603a39f4d9fc9708,71,8,0,0,0,0,0.4042145593869732,0.7260536398467433,0.4042145593869732,0.5417392842705423
sigi,2026,129a9dc1225e09d304cbbc9001c48d47aff11b5e,sigi/apps/casas/models.py,Python,c8b1914885fb82b1,299,36,1,6,7,13,0.8620689655172413,0.9176245210727969,0.8620689655172413,0.8894130770426529
sigi,2026,129a9dc1225e09d304cbbc9001c48d47aff11b5e,sigi/apps/casas/scripts/importa_panorama.py,Python,0b835e0a6c29fbe8,76,25,0,0,0,0,0.4042145593869732,0.8773946360153256,0.4042145593869732,0.5955297525778445
sigi,2026,129a9dc1225e09d304cbbc9001c48d47aff11b5e,sigi/apps/casas/serializers.py,Python,df1e9e3d493ecc26,131,16,3,34,13,47,0.9808429118773946,0.8084291187739464,0.8084291187739464,0.8904728917292842
sigi,2026,129a9dc1225e09d304cbbc9001c48d47aff11b5e,sigi/apps/casas/urls.py,Python,1a1eb5445fcb6e82,26,0,0,0,0,0,0.4042145593869732,0.2739463601532567,0.2739463601532567,0.3327658444988213
sigi,2026,129a9dc1225e09d304cbbc9001c48d47aff11b5e,sigi/apps/casas/views.py,Python,e8c4484217913e4f,631,87,2,32,5,37,0.9444444444444444,0.9808429118773946,0.9444444444444444,0.9624716302288172
sigi,2026,129a9dc1225e09d304cbbc9001c48d47aff11b5e,sigi/apps/contatos/__init__.py,Python,430d06fc3d58547f,0,0,0,0,0,0,0.4042145593869732,0.2739463601532567,0.2739463601532567,0.3327658444988213
sigi,2026,129a9dc1225e09d304cbbc9001c48d47aff11b5e,sigi/apps/contatos/admin.py,Python,42cf26fda5b5f8f9,174,3,0,0,0,0,0.4042145593869732,0.6187739463601533,0.4042145593869732,0.5001174242996418
sigi,2026,129a9dc1225e09d304cbbc9001c48d47aff11b5e,sigi/apps/contatos/apps.py,Python,4a5e1be40abcec20,5,0,0,0,0,0,0.4042145593869732,0.2739463601532567,0.2739463601532567,0.3327658444988213
sigi,2026,129a9dc1225e09d304cbbc9001c48d47aff11b5e,sigi/apps/contatos/jobs/__init__.py,Python,607fc607e4b55eed,0,0,0,0,0,0,0.4042145593869732,0.2739463601532567,0.2739463601532567,0.3327658444988213
sigi,2026,129a9dc1225e09d304cbbc9001c48d47aff11b5e,sigi/apps/contatos/jobs/daily/__init__.py,Python,67e748cc553cfc3e,0,0,0,0,0,0,0.4042145593869732,0.2739463601532567,0.2739463601532567,0.3327658444988213
sigi,2026,129a9dc1225e09d304cbbc9001c48d47aff11b5e,sigi/apps/contatos/jobs/hourly/__init__.py,Python,e6219323385f4e66,0,0,0,0,0,0,0.4042145593869732,0.2739463601532567,0.2739463601532567,0.3327658444988213
sigi,2026,129a9dc1225e09d304cbbc9001c48d47aff11b5e,sigi/apps/contatos/jobs/monthly/__init__.py,Python,305de8c56b98c575,0,0,0,0,0,0,0.4042145593869732,0.2739463601532567,0.2739463601532567,0.3327658444988213
sigi,2026,129a9dc1225e09d304cbbc9001c48d47aff11b5e,sigi/apps/contatos/jobs/monthly/atualiza_ibge.py,Python,3806bc676f8907c4,234,24,1,167,86,253,0.8620689655172413,0.8697318007662835,0.8620689655172413,0.8658919065126071
sigi,2026,129a9dc1225e09d304cbbc9001c48d47aff11b5e,sigi/apps/contatos/jobs/weekly/__init__.py,Python,2b31fb7ce8783fe3,0,0,0,0,0,0,0.4042145593869732,0.2739463601532567,0.2739463601532567,0.3327658444988213
sigi,2026,129a9dc1225e09d304cbbc9001c48d47aff11b5e,sigi/apps/contatos/jobs/yearly/__init__.py,Python,c335023e075c43d8,0,0,0,0,0,0,0.4042145593869732,0.2739463601532567,0.2739463601532567,0.3327658444988213
sigi,2026,129a9dc1225e09d304cbbc9001c48d47aff11b5e,sigi/apps/contatos/management/__init__.py,Python,4bca5a699d443368,0,0,0,0,0,0,0.4042145593869732,0.2739463601532567,0.2739463601532567,0.3327658444988213
sigi,2026,129a9dc1225e09d304cbbc9001c48d47aff11b5e,sigi/apps/contatos/management/commands/__init__.py,Python,2e4c2445f3feb677,0,0,0,0,0,0,0.4042145593869732,0.2739463601532567,0.2739463601532567,0.3327658444988213
sigi,2026,129a9dc1225e09d304cbbc9001c48d47aff11b5e,sigi/apps/contatos/management/commands/importa_mesomicro.py,Python,b8476bdbd6894af6,108,9,0,0,0,0,0.4042145593869732,0.7394636015325671,0.4042145593869732,0.5467192642263403
sigi,2026,129a9dc1225e09d304cbbc9001c48d47aff11b5e,sigi/apps/contatos/models.py,Python,49b0faee9f48afb6,299,7,0,0,0,0,0.4042145593869732,0.7088122605363985,0.4042145593869732,0.5352683771537459
sigi,2026,129a9dc1225e09d304cbbc9001c48d47aff11b5e,sigi/apps/convenios/__init__.py,Python,86f7f55f254a167d,0,0,0,0,0,0,0.4042145593869732,0.2739463601532567,0.2739463601532567,0.3327658444988213
sigi,2026,129a9dc1225e09d304cbbc9001c48d47aff11b5e,sigi/apps/convenios/admin.py,Python,2ce2ec12d13318e6,323,19,3,15,8,23,0.9808429118773946,0.8409961685823755,0.8409961685823755,0.908231870653122
sigi,2026,129a9dc1225e09d304cbbc9001c48d47aff11b5e,sigi/apps/convenios/apps.py,Python,eb01423883428586,5,0,0,0,0,0,0.4042145593869732,0.2739463601532567,0.2739463601532567,0.3327658444988213
sigi,2026,129a9dc1225e09d304cbbc9001c48d47aff11b5e,sigi/apps/convenios/dashboards.py,Python,a7526c60ea2a2936,187,19,2,13,0,13,0.9444444444444444,0.8409961685823755,0.8409961685823755,0.8912206007586942
sigi,2026,129a9dc1225e09d304cbbc9001c48d47aff11b5e,sigi/apps/convenios/filters.py,Python,983be6148b754221,95,22,0,0,0,0,0.4042145593869732,0.8620689655172413,0.4042145593869732,0.5903057064417856
sigi,2026,129a9dc1225e09d304cbbc9001c48d47aff11b5e,sigi/apps/convenios/jobs/__init__.py,Python,b20f9318cffd68ff,0,0,0,0,0,0,0.4042145593869732,0.2739463601532567,0.2739463601532567,0.3327658444988213
sigi,2026,129a9dc1225e09d304cbbc9001c48d47aff11b5e,sigi/apps/convenios/jobs/daily/__init__.py,Python,7edad751cf628cbf,0,0,0,0,0,0,0.4042145593869732,0.2739463601532567,0.2739463601532567,0.3327658444988213
sigi,2026,129a9dc1225e09d304cbbc9001c48d47aff11b5e,sigi/apps/convenios/jobs/hourly/__init__.py,Python,fa50f2b896c15ac0,0,0,0,0,0,0,0.4042145593869732,0.2739463601532567,0.2739463601532567,0.3327658444988213
sigi,2026,129a9dc1225e09d304cbbc9001c48d47aff11b5e,sigi/apps/convenios/jobs/hourly/importa_gescon.py,Python,0ede4dfc0fd26e69,13,2,1,8,8,16,0.8620689655172413,0.5881226053639846,0.5881226053639846,0.7120409019174636
sigi,2026,129a9dc1225e09d304cbbc9001c48d47aff11b5e,sigi/apps/convenios/jobs/monthly/__init__.py,Python,9bace3f967d8a754,0,0,0,0,0,0,0.4042145593869732,0.2739463601532567,0.2739463601532567,0.3327658444988213
sigi,2026,129a9dc1225e09d304cbbc9001c48d47aff11b5e,sigi/apps/convenios/jobs/weekly/__init__.py,Python,c7668cc04617f128,0,0,0,0,0,0,0.4042145593869732,0.2739463601532567,0.2739463601532567,0.3327658444988213
sigi,2026,129a9dc1225e09d304cbbc9001c48d47aff11b5e,sigi/apps/convenios/jobs/yearly/__init__.py,Python,508f736dc9c725f7,0,0,0,0,0,0,0.4042145593869732,0.2739463601532567,0.2739463601532567,0.3327658444988213
sigi,2026,129a9dc1225e09d304cbbc9001c48d47aff11b5e,sigi/apps/convenios/management/__init__.py,Python,67ec9e16f2a99eac,0,0,0,0,0,0,0.4042145593869732,0.2739463601532567,0.2739463601532567,0.3327658444988213
sigi,2026,129a9dc1225e09d304cbbc9001c48d47aff11b5e,sigi/apps/convenios/management/commands/__init__.py,Python,c13baf31fe917fe2,0,0,0,0,0,0,0.4042145593869732,0.2739463601532567,0.2739463601532567,0.3327658444988213
sigi,2026,129a9dc1225e09d304cbbc9001c48d47aff11b5e,sigi/apps/convenios/management/commands/apaga_pml_duplicados.py,Python,82650959e4378770,88,25,1,96,0,96,0.8620689655172413,0.8773946360153256,0.8620689655172413,0.8696980431276756
sigi,2026,129a9dc1225e09d304cbbc9001c48d47aff11b5e,sigi/apps/convenios/models.py,Python,c85b8fe8f692c4d7,1015,136,10,412,318,730,1.0,0.9846743295019157,0.9846743295019157,0.9923075780734095
sigi,2026,129a9dc1225e09d304cbbc9001c48d47aff11b5e,sigi/apps/convenios/urls.py,Python,490e8d4ff65d8abb,20,0,1,5,0,5,0.8620689655172413,0.2739463601532567,0.2739463601532567,0.4859636357841311
sigi,2026,129a9dc1225e09d304cbbc9001c48d47aff11b5e,sigi/apps/convenios/views.py,Python,c1ce5805984baa30,280,33,1,116,25,141,0.8620689655172413,0.9099616858237548,0.8620689655172413,0.8856916670932438
sigi,2026,129a9dc1225e09d304cbbc9001c48d47aff11b5e,sigi/apps/diagnosticos/__init__.py,Python,b83e1f02aadfa305,0,0,0,0,0,0,0.4042145593869732,0.2739463601532567,0.2739463601532567,0.3327658444988213
sigi,2026,129a9dc1225e09d304cbbc9001c48d47aff11b5e,sigi/apps/diagnosticos/admin.py,Python,cd49ef0e889b87a9,179,16,1,5,7,12,0.8620689655172413,0.8084291187739464,0.8084291187739464,0.834818335996204
sigi,2026,129a9dc1225e09d304cbbc9001c48d47aff11b5e,sigi/apps/diagnosticos/decorators.py,Python,8a451c3b617266fa,16,4,0,0,0,0,0.4042145593869732,0.6360153256704981,0.4042145593869732,0.5070371333830124
sigi,2026,129a9dc1225e09d304cbbc9001c48d47aff11b5e,sigi/apps/diagnosticos/forms.py,Python,c5d4c6bc5af85992,185,25,0,0,0,0,0.4042145593869732,0.8773946360153256,0.4042145593869732,0.5955297525778445
sigi,2026,129a9dc1225e09d304cbbc9001c48d47aff11b5e,sigi/apps/diagnosticos/management/__init__.py,Python,2e81385cadccb290,0,0,0,0,0,0,0.4042145593869732,0.2739463601532567,0.2739463601532567,0.3327658444988213
sigi,2026,129a9dc1225e09d304cbbc9001c48d47aff11b5e,sigi/apps/diagnosticos/management/commands/__init__.py,Python,a7ff0ee5505b47c4,0,0,0,0,0,0,0.4042145593869732,0.2739463601532567,0.2739463601532567,0.3327658444988213
sigi,2026,129a9dc1225e09d304cbbc9001c48d47aff11b5e,sigi/apps/diagnosticos/management/commands/ls_export.py,Python,fc5eb1d5703320c5,728,41,0,0,0,0,0.4042145593869732,0.9348659003831418,0.4042145593869732,0.6147246603230406
sigi,2026,129a9dc1225e09d304cbbc9001c48d47aff11b5e,sigi/apps/diagnosticos/models.py,Python,e980b52d58bce66c,193,23,0,0,0,0,0.4042145593869732,0.8659003831417624,0.4042145593869732,0.5916160425856104
sigi,2026,129a9dc1225e09d304cbbc9001c48d47aff11b5e,sigi/apps/diagnosticos/templatetags/__init__.py,Python,9789c79108f08574,0,0,0,0,0,0,0.4042145593869732,0.2739463601532567,0.2739463601532567,0.3327658444988213
sigi,2026,129a9dc1225e09d304cbbc9001c48d47aff11b5e,sigi/apps/diagnosticos/templatetags/smart_if.py,Python,11f9a0ea0345871f,170,58,0,0,0,0,0.4042145593869732,0.9616858237547893,0.4042145593869732,0.6234800810914014
sigi,2026,129a9dc1225e09d304cbbc9001c48d47aff11b5e,sigi/apps/diagnosticos/urls.py,Python,079aea8483c1136d,59,0,0,0,0,0,0.4042145593869732,0.2739463601532567,0.2739463601532567,0.3327658444988213
sigi,2026,129a9dc1225e09d304cbbc9001c48d47aff11b5e,sigi/apps/diagnosticos/views.py,Python,9e0b8dfa3274f0f3,336,51,0,0,0,0,0.4042145593869732,0.9425287356321839,0.4042145593869732,0.6172388821057242
sigi,2026,129a9dc1225e09d304cbbc9001c48d47aff11b5e,sigi/apps/diagnosticos/widgets.py,Python,da9cd9de76b82461,61,11,0,0,0,0,0.4042145593869732,0.7624521072796935,0.4042145593869732,0.5551524498709616
sigi,2026,129a9dc1225e09d304cbbc9001c48d47aff11b5e,sigi/apps/espacos/__init__.py,Python,8a9b5231f76bf1e8,0,0,0,0,0,0,0.4042145593869732,0.2739463601532567,0.2739463601532567,0.3327658444988213
sigi,2026,129a9dc1225e09d304cbbc9001c48d47aff11b5e,sigi/apps/espacos/admin.py,Python,ab57cc553526c5a8,150,10,0,0,0,0,0.4042145593869732,0.7528735632183908,0.4042145593869732,0.5516542899592302
sigi,2026,129a9dc1225e09d304cbbc9001c48d47aff11b5e,sigi/apps/espacos/admin_urls.py,Python,1871fb5bbf77218f,11,0,0,0,0,0,0.4042145593869732,0.2739463601532567,0.2739463601532567,0.3327658444988213
sigi,2026,129a9dc1225e09d304cbbc9001c48d47aff11b5e,sigi/apps/espacos/apps.py,Python,1e9c0b85b7e63333,7,0,0,0,0,0,0.4042145593869732,0.2739463601532567,0.2739463601532567,0.3327658444988213
sigi,2026,129a9dc1225e09d304cbbc9001c48d47aff11b5e,sigi/apps/espacos/forms.py,Python,6a41ba0939976fc4,56,4,1,0,1,1,0.8620689655172413,0.6360153256704981,0.6360153256704981,0.7404654440646624
sigi,2026,129a9dc1225e09d304cbbc9001c48d47aff11b5e,sigi/apps/espacos/jobs/__init__.py,Python,c36e5954dae8e589,0,0,0,0,0,0,0.4042145593869732,0.2739463601532567,0.2739463601532567,0.3327658444988213
sigi,2026,129a9dc1225e09d304cbbc9001c48d47aff11b5e,sigi/apps/espacos/jobs/daily/__init__.py,Python,2b3eed0479eb8ec2,0,0,0,0,0,0,0.4042145593869732,0.2739463601532567,0.2739463601532567,0.3327658444988213
sigi,2026,129a9dc1225e09d304cbbc9001c48d47aff11b5e,sigi/apps/espacos/jobs/hourly/__init__.py,Python,9f59d9a03fb1e674,0,0,0,0,0,0,0.4042145593869732,0.2739463601532567,0.2739463601532567,0.3327658444988213
sigi,2026,129a9dc1225e09d304cbbc9001c48d47aff11b5e,sigi/apps/espacos/jobs/hourly/sincroniza_reservas.py,Python,9611b68f4a50c5da,561,55,1,177,175,352,0.8620689655172413,0.9559386973180076,0.8620689655172413,0.9077913217776618
sigi,2026,129a9dc1225e09d304cbbc9001c48d47aff11b5e,sigi/apps/espacos/jobs/monthly/__init__.py,Python,5f5c7a371faf89c7,0,0,0,0,0,0,0.4042145593869732,0.2739463601532567,0.2739463601532567,0.3327658444988213
sigi,2026,129a9dc1225e09d304cbbc9001c48d47aff11b5e,sigi/apps/espacos/jobs/weekly/__init__.py,Python,5ac4c9973912cbf6,0,0,0,0,0,0,0.4042145593869732,0.2739463601532567,0.2739463601532567,0.3327658444988213
sigi,2026,129a9dc1225e09d304cbbc9001c48d47aff11b5e,sigi/apps/espacos/jobs/yearly/__init__.py,Python,efa0b7dde8985b91,0,0,0,0,0,0,0.4042145593869732,0.2739463601532567,0.2739463601532567,0.3327658444988213
sigi,2026,129a9dc1225e09d304cbbc9001c48d47aff11b5e,sigi/apps/espacos/models.py,Python,1cebe78c65930d30,209,21,2,3,16,19,0.9444444444444444,0.8563218390804598,0.8563218390804598,0.8993043998424504
sigi,2026,129a9dc1225e09d304cbbc9001c48d47aff11b5e,sigi/apps/espacos/views.py,Python,afe0213102953fd6,282,36,0,0,0,0,0.4042145593869732,0.9176245210727969,0.4042145593869732,0.6090297131241815
sigi,2026,129a9dc1225e09d304cbbc9001c48d47aff11b5e,sigi/apps/eventos/__init__.py,Python,05dd4f1574de7d3b,0,0,0,0,0,0,0.4042145593869732,0.2739463601532567,0.2739463601532567,0.3327658444988213
sigi,2026,129a9dc1225e09d304cbbc9001c48d47aff11b5e,sigi/apps/eventos/admin.py,Python,ce44b53bba4681d0,1619,152,3,13,24,37,0.9808429118773946,0.9923371647509579,0.9808429118773946,0.9865732989689552
sigi,2026,129a9dc1225e09d304cbbc9001c48d47aff11b5e,sigi/apps/eventos/admin_urls.py,Python,ae7872ae12ab6e08,30,0,0,0,0,0,0.4042145593869732,0.2739463601532567,0.2739463601532567,0.3327658444988213
sigi,2026,129a9dc1225e09d304cbbc9001c48d47aff11b5e,sigi/apps/eventos/api_urls.py,Python,a2793963958501d4,14,0,0,0,0,0,0.4042145593869732,0.2739463601532567,0.2739463601532567,0.3327658444988213
sigi,2026,129a9dc1225e09d304cbbc9001c48d47aff11b5e,sigi/apps/eventos/apps.py,Python,5cec9865a56a4604,5,0,0,0,0,0,0.4042145593869732,0.2739463601532567,0.2739463601532567,0.3327658444988213
sigi,2026,129a9dc1225e09d304cbbc9001c48d47aff11b5e,sigi/apps/eventos/dashboards.py,Python,ac5576f6d01fd4cb,178,31,1,63,4,67,0.8620689655172413,0.9042145593869731,0.8620689655172413,0.8828903158469664
sigi,2026,129a9dc1225e09d304cbbc9001c48d47aff11b5e,sigi/apps/eventos/forms.py,Python,c3a21909f45ef8bb,226,17,0,0,0,0,0.4042145593869732,0.8180076628352491,0.4042145593869732,0.5750222665324517
sigi,2026,129a9dc1225e09d304cbbc9001c48d47aff11b5e,sigi/apps/eventos/jobs/__init__.py,Python,ae1cabde8430f52d,0,0,0,0,0,0,0.4042145593869732,0.2739463601532567,0.2739463601532567,0.3327658444988213
sigi,2026,129a9dc1225e09d304cbbc9001c48d47aff11b5e,sigi/apps/eventos/jobs/daily/__init__.py,Python,da9e0e98268279a1,0,0,0,0,0,0,0.4042145593869732,0.2739463601532567,0.2739463601532567,0.3327658444988213
sigi,2026,129a9dc1225e09d304cbbc9001c48d47aff11b5e,sigi/apps/eventos/jobs/daily/encerra_inscricao.py,Python,66aa368a1c9e4406,61,9,1,39,48,87,0.8620689655172413,0.7394636015325671,0.7394636015325671,0.7984163212327474
sigi,2026,129a9dc1225e09d304cbbc9001c48d47aff11b5e,sigi/apps/eventos/jobs/daily/sincroniza_saberes.py,Python,f91e9fa3e62d2de4,62,5,1,27,35,62,0.8620689655172413,0.6609195402298851,0.6609195402298851,0.7548233066990631
sigi,2026,129a9dc1225e09d304cbbc9001c48d47aff11b5e,sigi/apps/eventos/jobs/hourly/__init__.py,Python,805b65dc352fdbb7,0,0,0,0,0,0,0.4042145593869732,0.2739463601532567,0.2739463601532567,0.3327658444988213
sigi,2026,129a9dc1225e09d304cbbc9001c48d47aff11b5e,sigi/apps/eventos/jobs/monthly/__init__.py,Python,1263793465df54e4,0,0,0,0,0,0,0.4042145593869732,0.2739463601532567,0.2739463601532567,0.3327658444988213
sigi,2026,129a9dc1225e09d304cbbc9001c48d47aff11b5e,sigi/apps/eventos/jobs/weekly/__init__.py,Python,6f42eb0e9f70469a,0,0,0,0,0,0,0.4042145593869732,0.2739463601532567,0.2739463601532567,0.3327658444988213
sigi,2026,129a9dc1225e09d304cbbc9001c48d47aff11b5e,sigi/apps/eventos/jobs/yearly/__init__.py,Python,edc63163974e59e9,0,0,0,0,0,0,0.4042145593869732,0.2739463601532567,0.2739463601532567,0.3327658444988213
sigi,2026,129a9dc1225e09d304cbbc9001c48d47aff11b5e,sigi/apps/eventos/management/__init__.py,Python,372eb697641a42ba,0,0,0,0,0,0,0.4042145593869732,0.2739463601532567,0.2739463601532567,0.3327658444988213
sigi,2026,129a9dc1225e09d304cbbc9001c48d47aff11b5e,sigi/apps/eventos/management/commands/__init__.py,Python,d6a5739a96118207,0,0,0,0,0,0,0.4042145593869732,0.2739463601532567,0.2739463601532567,0.3327658444988213
sigi,2026,129a9dc1225e09d304cbbc9001c48d47aff11b5e,sigi/apps/eventos/management/commands/carga_participantes.py,Python,10b343fcddcfcc4e,27,3,0,0,0,0,0.4042145593869732,0.6187739463601533,0.4042145593869732,0.5001174242996418
sigi,2026,129a9dc1225e09d304cbbc9001c48d47aff11b5e,sigi/apps/eventos/models.py,Python,419970de88378335,1031,79,2,11,46,57,0.9444444444444444,0.9770114942528736,0.9444444444444444,0.9605899634628148
sigi,2026,129a9dc1225e09d304cbbc9001c48d47aff11b5e,sigi/apps/eventos/saberes.py,Python,627fed5c1249f205,233,70,1,3,7,10,0.8620689655172413,0.9731800766283525,0.8620689655172413,0.9159412327878865
sigi,2026,129a9dc1225e09d304cbbc9001c48d47aff11b5e,sigi/apps/eventos/serializers.py,Python,ed5390254108bcda,101,20,0,0,0,0,0.4042145593869732,0.8505747126436781,0.4042145593869732,0.5863571289725791
sigi,2026,129a9dc1225e09d304cbbc9001c48d47aff11b5e,sigi/apps/eventos/urls.py,Python,a3b5aff9ba1ce54e,3,0,0,0,0,0,0.4042145593869732,0.2739463601532567,0.2739463601532567,0.3327658444988213
sigi,2026,129a9dc1225e09d304cbbc9001c48d47aff11b5e,sigi/apps/eventos/views.py,Python,8fbbf6d3f95d7b81,1348,153,2,307,186,493,0.9444444444444444,0.9961685823754789,0.9444444444444444,0.9699617947912272
sigi,2026,129a9dc1225e09d304cbbc9001c48d47aff11b5e,sigi/apps/financeiro/__init__.py,Python,251f1934651acd85,0,0,0,0,0,0,0.4042145593869732,0.2739463601532567,0.2739463601532567,0.3327658444988213
sigi,2026,129a9dc1225e09d304cbbc9001c48d47aff11b5e,sigi/apps/financeiro/admin.py,Python,6becb74c534ace66,21,0,0,0,0,0,0.4042145593869732,0.2739463601532567,0.2739463601532567,0.3327658444988213
sigi,2026,129a9dc1225e09d304cbbc9001c48d47aff11b5e,sigi/apps/financeiro/forms.py,Python,c0152d30ad6b391a,1,0,0,0,0,0,0.4042145593869732,0.2739463601532567,0.2739463601532567,0.3327658444988213
sigi,2026,129a9dc1225e09d304cbbc9001c48d47aff11b5e,sigi/apps/financeiro/models.py,Python,fb029c4528e1c79f,20,1,0,0,0,0,0.4042145593869732,0.5574712643678161,0.4042145593869732,0.47469780018168994
sigi,2026,129a9dc1225e09d304cbbc9001c48d47aff11b5e,sigi/apps/financeiro/urls.py,Python,ba19cff85959562c,1,0,0,0,0,0,0.4042145593869732,0.2739463601532567,0.2739463601532567,0.3327658444988213
sigi,2026,129a9dc1225e09d304cbbc9001c48d47aff11b5e,sigi/apps/financeiro/views.py,Python,58a0338ae5ea2df9,0,0,0,0,0,0,0.4042145593869732,0.2739463601532567,0.2739463601532567,0.3327658444988213
sigi,2026,129a9dc1225e09d304cbbc9001c48d47aff11b5e,sigi/apps/home/__init__.py,Python,61af000091c41a48,0,0,0,0,0,0,0.4042145593869732,0.2739463601532567,0.2739463601532567,0.3327658444988213
sigi,2026,129a9dc1225e09d304cbbc9001c48d47aff11b5e,sigi/apps/home/accounts_urls.py,Python,2367713b07682c92,36,0,0,0,0,0,0.4042145593869732,0.2739463601532567,0.2739463601532567,0.3327658444988213
sigi,2026,129a9dc1225e09d304cbbc9001c48d47aff11b5e,sigi/apps/home/admin.py,Python,90556ae2e87886f6,23,5,0,0,0,0,0.4042145593869732,0.6609195402298851,0.4042145593869732,0.5168687461476694
sigi,2026,129a9dc1225e09d304cbbc9001c48d47aff11b5e,sigi/apps/home/apps.py,Python,127b6e3e9d0d95e1,6,0,0,0,0,0,0.4042145593869732,0.2739463601532567,0.2739463601532567,0.3327658444988213
sigi,2026,129a9dc1225e09d304cbbc9001c48d47aff11b5e,sigi/apps/home/context_processors.py,Python,c33b2cb3f47f2744,56,12,0,0,0,0,0.4042145593869732,0.7758620689655172,0.4042145593869732,0.5600131644452315
sigi,2026,129a9dc1225e09d304cbbc9001c48d47aff11b5e,sigi/apps/home/forms.py,Python,d89e6c894bfce0d9,6,0,0,0,0,0,0.4042145593869732,0.2739463601532567,0.2739463601532567,0.3327658444988213
sigi,2026,129a9dc1225e09d304cbbc9001c48d47aff11b5e,sigi/apps/home/mixins.py,Python,3636681ff00fd0d4,30,9,0,0,0,0,0.4042145593869732,0.7394636015325671,0.4042145593869732,0.5467192642263403
sigi,2026,129a9dc1225e09d304cbbc9001c48d47aff11b5e,sigi/apps/home/models.py,Python,c2913a909d69ddad,61,2,0,0,0,0,0.4042145593869732,0.5881226053639846,0.4042145593869732,0.48757329684132805
sigi,2026,129a9dc1225e09d304cbbc9001c48d47aff11b5e,sigi/apps/home/templatetags/__init__.py,Python,34e491688dfd52d0,0,0,0,0,0,0,0.4042145593869732,0.2739463601532567,0.2739463601532567,0.3327658444988213
sigi,2026,129a9dc1225e09d304cbbc9001c48d47aff11b5e,sigi/apps/home/templatetags/smart_pagination.py,Python,f9419bc7b13faeae,33,6,0,0,0,0,0.4042145593869732,0.6896551724137931,0.4042145593869732,0.5279854748439472
sigi,2026,129a9dc1225e09d304cbbc9001c48d47aff11b5e,sigi/apps/home/urls.py,Python,c3a073ae3ac4b2c0,85,0,0,0,0,0,0.4042145593869732,0.2739463601532567,0.2739463601532567,0.3327658444988213
sigi,2026,129a9dc1225e09d304cbbc9001c48d47aff11b5e,sigi/apps/home/views.py,Python,1fc983b8df7bd048,1245,146,0,0,0,0,0.4042145593869732,0.9885057471264368,0.4042145593869732,0.632114242068792
sigi,2026,129a9dc1225e09d304cbbc9001c48d47aff11b5e,sigi/apps/inventario/__init__.py,Python,52e9395def22b85a,0,0,0,0,0,0,0.4042145593869732,0.2739463601532567,0.2739463601532567,0.3327658444988213
sigi,2026,129a9dc1225e09d304cbbc9001c48d47aff11b5e,sigi/apps/inventario/admin.py,Python,38fea8932353ff5c,74,1,0,0,0,0,0.4042145593869732,0.5574712643678161,0.4042145593869732,0.47469780018168994
sigi,2026,129a9dc1225e09d304cbbc9001c48d47aff11b5e,sigi/apps/inventario/apps.py,Python,81f7488365f2b038,5,0,0,0,0,0,0.4042145593869732,0.2739463601532567,0.2739463601532567,0.3327658444988213
sigi,2026,129a9dc1225e09d304cbbc9001c48d47aff11b5e,sigi/apps/inventario/models.py,Python,dec1ffd66e62d101,72,6,0,0,0,0,0.4042145593869732,0.6896551724137931,0.4042145593869732,0.5279854748439472
sigi,2026,129a9dc1225e09d304cbbc9001c48d47aff11b5e,sigi/apps/metas/__init__.py,Python,2cdc9999138959d9,0,0,0,0,0,0,0.4042145593869732,0.2739463601532567,0.2739463601532567,0.3327658444988213
sigi,2026,129a9dc1225e09d304cbbc9001c48d47aff11b5e,sigi/apps/metas/admin.py,Python,7101fc2e2b0edb71,87,12,1,4,4,8,0.8620689655172413,0.7758620689655172,0.7758620689655172,0.8178304293538912
sigi,2026,129a9dc1225e09d304cbbc9001c48d47aff11b5e,sigi/apps/metas/forms.py,Python,d0f73212f4ced106,1,0,0,0,0,0,0.4042145593869732,0.2739463601532567,0.2739463601532567,0.3327658444988213
sigi,2026,129a9dc1225e09d304cbbc9001c48d47aff11b5e,sigi/apps/metas/management/__init__.py,Python,92e393dca2da3deb,0,0,0,0,0,0,0.4042145593869732,0.2739463601532567,0.2739463601532567,0.3327658444988213
sigi,2026,129a9dc1225e09d304cbbc9001c48d47aff11b5e,sigi/apps/metas/management/commands/__init__.py,Python,5d92e90f6ac2f160,0,0,0,0,0,0,0.4042145593869732,0.2739463601532567,0.2739463601532567,0.3327658444988213
sigi,2026,129a9dc1225e09d304cbbc9001c48d47aff11b5e,sigi/apps/metas/models.py,Python,83bf2adf89f46923,171,18,0,0,0,0,0.4042145593869732,0.8275862068965517,0.4042145593869732,0.5783791092142126
sigi,2026,129a9dc1225e09d304cbbc9001c48d47aff11b5e,sigi/apps/metas/templatetags/__init__.py,Python,5de977f836383ddd,0,0,0,0,0,0,0.4042145593869732,0.2739463601532567,0.2739463601532567,0.3327658444988213
sigi,2026,129a9dc1225e09d304cbbc9001c48d47aff11b5e,sigi/apps/metas/templatetags/mapa_tags.py,Python,915a4285d0454702,13,3,0,0,0,0,0.4042145593869732,0.6187739463601533,0.4042145593869732,0.5001174242996418
sigi,2026,129a9dc1225e09d304cbbc9001c48d47aff11b5e,sigi/apps/metas/urls.py,Python,ff6c355c2b324381,14,0,0,0,0,0,0.4042145593869732,0.2739463601532567,0.2739463601532567,0.3327658444988213
sigi,2026,129a9dc1225e09d304cbbc9001c48d47aff11b5e,sigi/apps/metas/views.py,Python,1701ef1f0e94f90e,284,33,0,0,0,0,0.4042145593869732,0.9099616858237548,0.4042145593869732,0.6064814604703729
sigi,2026,129a9dc1225e09d304cbbc9001c48d47aff11b5e,sigi/apps/ocorrencias/__init__.py,Python,0e1912fb6922327a,0,0,0,0,0,0,0.4042145593869732,0.2739463601532567,0.2739463601532567,0.3327658444988213
sigi,2026,129a9dc1225e09d304cbbc9001c48d47aff11b5e,sigi/apps/ocorrencias/admin.py,Python,c8bdab2e2b0ebb9b,156,14,0,0,0,0,0.4042145593869732,0.7931034482758621,0.4042145593869732,0.56620134306898
sigi,2026,129a9dc1225e09d304cbbc9001c48d47aff11b5e,sigi/apps/ocorrencias/admin_urls.py,Python,140cf21e14dafd23,19,0,0,0,0,0,0.4042145593869732,0.2739463601532567,0.2739463601532567,0.3327658444988213
sigi,2026,129a9dc1225e09d304cbbc9001c48d47aff11b5e,sigi/apps/ocorrencias/apps.py,Python,773689fefebc48fe,5,0,0,0,0,0,0.4042145593869732,0.2739463601532567,0.2739463601532567,0.3327658444988213
sigi,2026,129a9dc1225e09d304cbbc9001c48d47aff11b5e,sigi/apps/ocorrencias/filters.py,Python,2139457a6cf06339,10,2,0,0,0,0,0.4042145593869732,0.5881226053639846,0.4042145593869732,0.48757329684132805
sigi,2026,129a9dc1225e09d304cbbc9001c48d47aff11b5e,sigi/apps/ocorrencias/forms.py,Python,28cb3966871d144b,218,7,0,0,0,0,0.4042145593869732,0.7088122605363985,0.4042145593869732,0.5352683771537459
sigi,2026,129a9dc1225e09d304cbbc9001c48d47aff11b5e,sigi/apps/ocorrencias/models.py,Python,07e679d6422a12ba,277,30,0,0,0,0,0.4042145593869732,0.8946360153256705,0.4042145593869732,0.6013525611042023
sigi,2026,129a9dc1225e09d304cbbc9001c48d47aff11b5e,sigi/apps/ocorrencias/urls.py,Python,849a7b7d0372a8fd,45,0,0,0,0,0,0.4042145593869732,0.2739463601532567,0.2739463601532567,0.3327658444988213
sigi,2026,129a9dc1225e09d304cbbc9001c48d47aff11b5e,sigi/apps/ocorrencias/views.py,Python,b2c4c1c0368dd2fb,1007,170,2,40,19,59,0.9444444444444444,1.0,0.9444444444444444,0.97182531580755
sigi,2026,129a9dc1225e09d304cbbc9001c48d47aff11b5e,sigi/apps/parlamentares/__init__.py,Python,7bb616c8663aff83,0,0,0,0,0,0,0.4042145593869732,0.2739463601532567,0.2739463601532567,0.3327658444988213
sigi,2026,129a9dc1225e09d304cbbc9001c48d47aff11b5e,sigi/apps/parlamentares/admin.py,Python,63dcd5f2a3cf7c25,270,30,0,0,0,0,0.4042145593869732,0.8946360153256705,0.4042145593869732,0.6013525611042023
sigi,2026,129a9dc1225e09d304cbbc9001c48d47aff11b5e,sigi/apps/parlamentares/apps.py,Python,83f64b5341f402e0,5,0,0,0,0,0,0.4042145593869732,0.2739463601532567,0.2739463601532567,0.3327658444988213
sigi,2026,129a9dc1225e09d304cbbc9001c48d47aff11b5e,sigi/apps/parlamentares/forms.py,Python,cdc2c091496a3cb2,57,2,0,0,0,0,0.4042145593869732,0.5881226053639846,0.4042145593869732,0.48757329684132805
sigi,2026,129a9dc1225e09d304cbbc9001c48d47aff11b5e,sigi/apps/parlamentares/jobs/__init__.py,Python,211f16d23b9cbbcb,3,0,0,0,0,0,0.4042145593869732,0.2739463601532567,0.2739463601532567,0.3327658444988213
sigi,2026,129a9dc1225e09d304cbbc9001c48d47aff11b5e,sigi/apps/parlamentares/jobs/daily/__init__.py,Python,06db33d7b75d0aad,0,0,0,0,0,0,0.4042145593869732,0.2739463601532567,0.2739463601532567,0.3327658444988213
sigi,2026,129a9dc1225e09d304cbbc9001c48d47aff11b5e,sigi/apps/parlamentares/jobs/hourly/__init__.py,Python,a18f90228f551f9e,0,0,0,0,0,0,0.4042145593869732,0.2739463601532567,0.2739463601532567,0.3327658444988213
sigi,2026,129a9dc1225e09d304cbbc9001c48d47aff11b5e,sigi/apps/parlamentares/jobs/minutely/__init__.py,Python,dd642c7c42883da7,0,0,0,0,0,0,0.4042145593869732,0.2739463601532567,0.2739463601532567,0.3327658444988213
sigi,2026,129a9dc1225e09d304cbbc9001c48d47aff11b5e,sigi/apps/parlamentares/jobs/minutely/importa_parlamentar.py,Python,692e9553d4613211,312,53,1,11,9,20,0.8620689655172413,0.946360153256705,0.8620689655172413,0.9032318187069949
sigi,2026,129a9dc1225e09d304cbbc9001c48d47aff11b5e,sigi/apps/parlamentares/jobs/monthly/__init__.py,Python,cbf3d8e09ce5306a,0,0,0,0,0,0,0.4042145593869732,0.2739463601532567,0.2739463601532567,0.3327658444988213
sigi,2026,129a9dc1225e09d304cbbc9001c48d47aff11b5e,sigi/apps/parlamentares/jobs/weekly/__init__.py,Python,df796c6bfed53cbe,0,0,0,0,0,0,0.4042145593869732,0.2739463601532567,0.2739463601532567,0.3327658444988213
sigi,2026,129a9dc1225e09d304cbbc9001c48d47aff11b5e,sigi/apps/parlamentares/jobs/yearly/__init__.py,Python,7797c57a341827fa,0,0,0,0,0,0,0.4042145593869732,0.2739463601532567,0.2739463601532567,0.3327658444988213
sigi,2026,129a9dc1225e09d304cbbc9001c48d47aff11b5e,sigi/apps/parlamentares/models.py,Python,630900e8ae7983d4,131,5,0,0,0,0,0.4042145593869732,0.6609195402298851,0.4042145593869732,0.5168687461476694
sigi,2026,129a9dc1225e09d304cbbc9001c48d47aff11b5e,sigi/apps/parlamentares/reports.py,Python,3a5148f2dec927bb,655,18,0,0,0,0,0.4042145593869732,0.8275862068965517,0.4042145593869732,0.5783791092142126
sigi,2026,129a9dc1225e09d304cbbc9001c48d47aff11b5e,sigi/apps/parlamentares/urls.py,Python,43b0c013197d7c11,21,0,0,0,0,0,0.4042145593869732,0.2739463601532567,0.2739463601532567,0.3327658444988213
sigi,2026,129a9dc1225e09d304cbbc9001c48d47aff11b5e,sigi/apps/parlamentares/views.py,Python,60d5f150cd167735,75,15,0,0,0,0,0.4042145593869732,0.7988505747126436,0.4042145593869732,0.5682490942126538
sigi,2026,129a9dc1225e09d304cbbc9001c48d47aff11b5e,sigi/apps/relatorios/__init__.py,Python,78bc85c335111d94,0,0,0,0,0,0,0.4042145593869732,0.2739463601532567,0.2739463601532567,0.3327658444988213
sigi,2026,129a9dc1225e09d304cbbc9001c48d47aff11b5e,sigi/apps/relatorios/models.py,Python,57fedd4d710b0aa1,1,0,0,0,0,0,0.4042145593869732,0.2739463601532567,0.2739463601532567,0.3327658444988213
sigi,2026,129a9dc1225e09d304cbbc9001c48d47aff11b5e,sigi/apps/relatorios/reports.py,Python,11a12bda9603082a,113,0,0,0,0,0,0.4042145593869732,0.2739463601532567,0.2739463601532567,0.3327658444988213
sigi,2026,129a9dc1225e09d304cbbc9001c48d47aff11b5e,sigi/apps/relatorios/views.py,Python,cfa5ed591fa074b6,0,0,0,0,0,0,0.4042145593869732,0.2739463601532567,0.2739463601532567,0.3327658444988213
sigi,2026,129a9dc1225e09d304cbbc9001c48d47aff11b5e,sigi/apps/servicos/__init__.py,Python,c8fc5ddb43adb8f2,33,8,0,0,0,0,0.4042145593869732,0.7260536398467433,0.4042145593869732,0.5417392842705423
sigi,2026,129a9dc1225e09d304cbbc9001c48d47aff11b5e,sigi/apps/servicos/admin.py,Python,4053efda00216adf,180,17,4,12,11,23,0.9923371647509579,0.8180076628352491,0.8180076628352491,0.900965817821347
sigi,2026,129a9dc1225e09d304cbbc9001c48d47aff11b5e,sigi/apps/servicos/api_urls.py,Python,bf328543d0cd2c7a,6,0,1,1,0,1,0.8620689655172413,0.2739463601532567,0.2739463601532567,0.4859636357841311
sigi,2026,129a9dc1225e09d304cbbc9001c48d47aff11b5e,sigi/apps/servicos/apps.py,Python,525cc1e7ff96e801,5,0,0,0,0,0,0.4042145593869732,0.2739463601532567,0.2739463601532567,0.3327658444988213
sigi,2026,129a9dc1225e09d304cbbc9001c48d47aff11b5e,sigi/apps/servicos/dashboards.py,Python,b3c7cc81c03f8e3d,445,67,2,121,15,136,0.9444444444444444,0.9693486590038314,0.9444444444444444,0.9568155285768729
sigi,2026,129a9dc1225e09d304cbbc9001c48d47aff11b5e,sigi/apps/servicos/exceptions.py,Python,d610ef22180aa08e,2,0,1,2,0,2,0.8620689655172413,0.2739463601532567,0.2739463601532567,0.4859636357841311
sigi,2026,129a9dc1225e09d304cbbc9001c48d47aff11b5e,sigi/apps/servicos/filters.py,Python,a560bff07dfca4ee,101,19,1,25,3,28,0.8620689655172413,0.8409961685823755,0.8409961685823755,0.8514673787373019
sigi,2026,129a9dc1225e09d304cbbc9001c48d47aff11b5e,sigi/apps/servicos/jobs/__init__.py,Python,3254dbf6cbeb84b8,0,0,0,0,0,0,0.4042145593869732,0.2739463601532567,0.2739463601532567,0.3327658444988213
sigi,2026,129a9dc1225e09d304cbbc9001c48d47aff11b5e,sigi/apps/servicos/jobs/daily/__init__.py,Python,0174f3cd9f9336e0,0,0,0,0,0,0,0.4042145593869732,0.2739463601532567,0.2739463601532567,0.3327658444988213
sigi,2026,129a9dc1225e09d304cbbc9001c48d47aff11b5e,sigi/apps/servicos/jobs/daily/atualiza_dns.py,Python,22999ac4075f98d1,338,39,1,389,0,389,0.8620689655172413,0.9310344827586207,0.8620689655172413,0.8958883487425227
sigi,2026,129a9dc1225e09d304cbbc9001c48d47aff11b5e,sigi/apps/servicos/jobs/daily/atualiza_servicos.py,Python,14216ea971e9438f,406,54,3,477,10,487,0.9808429118773946,0.9501915708812261,0.9501915708812261,0.9653956014114098
sigi,2026,129a9dc1225e09d304cbbc9001c48d47aff11b5e,sigi/apps/servicos/jobs/daily/atualiza_uso_servicos.py,Python,1d14723ab057524d,17,2,0,0,0,0,0.4042145593869732,0.5881226053639846,0.4042145593869732,0.48757329684132805
sigi,2026,129a9dc1225e09d304cbbc9001c48d47aff11b5e,sigi/apps/servicos/jobs/daily/verifica_dominios.py,Python,fb8582f50c7b01a4,32,3,1,8,16,24,0.8620689655172413,0.6187739463601533,0.6187739463601533,0.7303600590309675
sigi,2026,129a9dc1225e09d304cbbc9001c48d47aff11b5e,sigi/apps/servicos/jobs/hourly/__init__.py,Python,c7471d86469699a9,0,0,0,0,0,0,0.4042145593869732,0.2739463601532567,0.2739463601532567,0.3327658444988213
sigi,2026,129a9dc1225e09d304cbbc9001c48d47aff11b5e,sigi/apps/servicos/jobs/monthly/__init__.py,Python,c8a504c1f6247f72,0,0,0,0,0,0,0.4042145593869732,0.2739463601532567,0.2739463601532567,0.3327658444988213
sigi,2026,129a9dc1225e09d304cbbc9001c48d47aff11b5e,sigi/apps/servicos/jobs/weekly/__init__.py,Python,b3b91bb3264c4ba6,0,0,0,0,0,0,0.4042145593869732,0.2739463601532567,0.2739463601532567,0.3327658444988213
sigi,2026,129a9dc1225e09d304cbbc9001c48d47aff11b5e,sigi/apps/servicos/jobs/yearly/__init__.py,Python,23cfb570f7f1d04a,0,0,0,0,0,0,0.4042145593869732,0.2739463601532567,0.2739463601532567,0.3327658444988213
sigi,2026,129a9dc1225e09d304cbbc9001c48d47aff11b5e,sigi/apps/servicos/management/__init__.py,Python,7550e5d40dbbd535,0,0,0,0,0,0,0.4042145593869732,0.2739463601532567,0.2739463601532567,0.3327658444988213
sigi,2026,129a9dc1225e09d304cbbc9001c48d47aff11b5e,sigi/apps/servicos/management/commands/__init__.py,Python,75791ba09f6c6350,0,0,0,0,0,0,0.4042145593869732,0.2739463601532567,0.2739463601532567,0.3327658444988213
sigi,2026,129a9dc1225e09d304cbbc9001c48d47aff11b5e,sigi/apps/servicos/management/commands/atualiza_uso_servico.py,Python,8b59a60b3edc7dc8,21,5,0,0,0,0,0.4042145593869732,0.6609195402298851,0.4042145593869732,0.5168687461476694
sigi,2026,129a9dc1225e09d304cbbc9001c48d47aff11b5e,sigi/apps/servicos/management/commands/importa_servico.py,Python,7e6b9286602476b4,207,28,0,0,0,0,0.4042145593869732,0.8850574712643678,0.4042145593869732,0.5981246657506069
sigi,2026,129a9dc1225e09d304cbbc9001c48d47aff11b5e,sigi/apps/servicos/models.py,Python,60bbe3d4752236bc,352,44,1,7,8,15,0.8620689655172413,0.9386973180076629,0.8620689655172413,0.8995675771550878
sigi,2026,129a9dc1225e09d304cbbc9001c48d47aff11b5e,sigi/apps/servicos/serializers.py,Python,9dda081d9bd103d4,51,0,1,54,0,54,0.8620689655172413,0.2739463601532567,0.2739463601532567,0.4859636357841311
sigi,2026,129a9dc1225e09d304cbbc9001c48d47aff11b5e,sigi/apps/servicos/urls.py,Python,2b19b523a1dc68ee,15,0,0,0,0,0,0.4042145593869732,0.2739463601532567,0.2739463601532567,0.3327658444988213
sigi,2026,129a9dc1225e09d304cbbc9001c48d47aff11b5e,sigi/apps/servicos/views.py,Python,869c1ab319f0c66c,180,15,2,36,6,42,0.9444444444444444,0.7988505747126436,0.7988505747126436,0.868602318226591
sigi,2026,129a9dc1225e09d304cbbc9001c48d47aff11b5e,sigi/apps/servidores/__init__.py,Python,438a0f4c738e8f4c,0,0,0,0,0,0,0.4042145593869732,0.2739463601532567,0.2739463601532567,0.3327658444988213
sigi,2026,129a9dc1225e09d304cbbc9001c48d47aff11b5e,sigi/apps/servidores/admin.py,Python,d133df57627c25a3,141,12,1,4,4,8,0.8620689655172413,0.7758620689655172,0.7758620689655172,0.8178304293538912
sigi,2026,129a9dc1225e09d304cbbc9001c48d47aff11b5e,sigi/apps/servidores/apps.py,Python,45046ca6b345308f,5,0,0,0,0,0,0.4042145593869732,0.2739463601532567,0.2739463601532567,0.3327658444988213
sigi,2026,129a9dc1225e09d304cbbc9001c48d47aff11b5e,sigi/apps/servidores/filters.py,Python,b6b05d3f39739684,17,5,0,0,0,0,0.4042145593869732,0.6609195402298851,0.4042145593869732,0.5168687461476694
sigi,2026,129a9dc1225e09d304cbbc9001c48d47aff11b5e,sigi/apps/servidores/jobs/__init__.py,Python,4b1517eeea060d24,0,0,0,0,0,0,0.4042145593869732,0.2739463601532567,0.2739463601532567,0.3327658444988213
sigi,2026,129a9dc1225e09d304cbbc9001c48d47aff11b5e,sigi/apps/servidores/jobs/daily/__init__.py,Python,d4205c7579520938,0,0,0,0,0,0,0.4042145593869732,0.2739463601532567,0.2739463601532567,0.3327658444988213
sigi,2026,129a9dc1225e09d304cbbc9001c48d47aff11b5e,sigi/apps/servidores/jobs/daily/sync_ldap.py,Python,940f2f913e6b7f45,103,19,1,23,34,57,0.8620689655172413,0.8409961685823755,0.8409961685823755,0.8514673787373019
sigi,2026,129a9dc1225e09d304cbbc9001c48d47aff11b5e,sigi/apps/servidores/jobs/hourly/__init__.py,Python,e6cdf065f9134180,0,0,0,0,0,0,0.4042145593869732,0.2739463601532567,0.2739463601532567,0.3327658444988213
sigi,2026,129a9dc1225e09d304cbbc9001c48d47aff11b5e,sigi/apps/servidores/jobs/monthly/__init__.py,Python,032a982669ecd6e4,0,0,0,0,0,0,0.4042145593869732,0.2739463601532567,0.2739463601532567,0.3327658444988213
sigi,2026,129a9dc1225e09d304cbbc9001c48d47aff11b5e,sigi/apps/servidores/jobs/weekly/__init__.py,Python,586ce3dba3b3dbd4,0,0,0,0,0,0,0.4042145593869732,0.2739463601532567,0.2739463601532567,0.3327658444988213
sigi,2026,129a9dc1225e09d304cbbc9001c48d47aff11b5e,sigi/apps/servidores/jobs/yearly/__init__.py,Python,8d4d6596d76b9937,0,0,0,0,0,0,0.4042145593869732,0.2739463601532567,0.2739463601532567,0.3327658444988213
sigi,2026,129a9dc1225e09d304cbbc9001c48d47aff11b5e,sigi/apps/servidores/management/__init__.py,Python,57a61bced5c9e26a,0,0,0,0,0,0,0.4042145593869732,0.2739463601532567,0.2739463601532567,0.3327658444988213
sigi,2026,129a9dc1225e09d304cbbc9001c48d47aff11b5e,sigi/apps/servidores/management/commands/__init__.py,Python,5a860a10457f6d49,0,0,0,0,0,0,0.4042145593869732,0.2739463601532567,0.2739463601532567,0.3327658444988213
sigi,2026,129a9dc1225e09d304cbbc9001c48d47aff11b5e,sigi/apps/servidores/management/commands/mescla_servidor.py,Python,a59edcbe3128220c,51,5,0,0,0,0,0.4042145593869732,0.6609195402298851,0.4042145593869732,0.5168687461476694
sigi,2026,129a9dc1225e09d304cbbc9001c48d47aff11b5e,sigi/apps/servidores/management/commands/mescla_usuarios.py,Python,c8bfa9ae41c47f30,52,5,0,0,0,0,0.4042145593869732,0.6609195402298851,0.4042145593869732,0.5168687461476694
sigi,2026,129a9dc1225e09d304cbbc9001c48d47aff11b5e,sigi/apps/servidores/models.py,Python,a5de56c766db1ec8,106,10,0,0,0,0,0.4042145593869732,0.7528735632183908,0.4042145593869732,0.5516542899592302
sigi,2026,129a9dc1225e09d304cbbc9001c48d47aff11b5e,sigi/apps/servidores/utils.py,Python,c327281fb8bafe1b,137,30,0,0,0,0,0.4042145593869732,0.8946360153256705,0.4042145593869732,0.6013525611042023
sigi,2026,129a9dc1225e09d304cbbc9001c48d47aff11b5e,sigi/apps/servidores/views.py,Python,44714062d8f6b885,0,0,0,0,0,0,0.4042145593869732,0.2739463601532567,0.2739463601532567,0.3327658444988213
sigi,2026,129a9dc1225e09d304cbbc9001c48d47aff11b5e,sigi/apps/utils/__init__.py,Python,9b13fe7454f1f580,123,37,2,42,1,43,0.9444444444444444,0.9252873563218391,0.9252873563218391,0.9348168286850895
sigi,2026,129a9dc1225e09d304cbbc9001c48d47aff11b5e,sigi/apps/utils/admin.py,Python,ded6e45a2b68649e,28,0,2,9,210,219,0.9444444444444444,0.2739463601532567,0.2739463601532567,0.5086522563820199
sigi,2026,129a9dc1225e09d304cbbc9001c48d47aff11b5e,sigi/apps/utils/admin_urls.py,Python,12bcbd17acf92e4c,9,0,0,0,0,0,0.4042145593869732,0.2739463601532567,0.2739463601532567,0.3327658444988213
sigi,2026,129a9dc1225e09d304cbbc9001c48d47aff11b5e,sigi/apps/utils/apps.py,Python,ce39ea742926ed7a,5,0,0,0,0,0,0.4042145593869732,0.2739463601532567,0.2739463601532567,0.3327658444988213
sigi,2026,129a9dc1225e09d304cbbc9001c48d47aff11b5e,sigi/apps/utils/base_admin.py,Python,2e6ad19ead50dd4e,23,6,0,0,0,0,0.4042145593869732,0.6896551724137931,0.4042145593869732,0.5279854748439472
sigi,2026,129a9dc1225e09d304cbbc9001c48d47aff11b5e,sigi/apps/utils/context_processors.py,Python,6eb5c12226af1f1d,3,2,0,0,0,0,0.4042145593869732,0.5881226053639846,0.4042145593869732,0.48757329684132805
sigi,2026,129a9dc1225e09d304cbbc9001c48d47aff11b5e,sigi/apps/utils/decorators.py,Python,72f14aa02eb79878,42,12,0,0,0,0,0.4042145593869732,0.7758620689655172,0.4042145593869732,0.5600131644452315
sigi,2026,129a9dc1225e09d304cbbc9001c48d47aff11b5e,sigi/apps/utils/email.py,Python,8a0370758a40217e,21,5,0,0,0,0,0.4042145593869732,0.6609195402298851,0.4042145593869732,0.5168687461476694
sigi,2026,129a9dc1225e09d304cbbc9001c48d47aff11b5e,sigi/apps/utils/filters.py,Python,c58dee53678b1d52,143,30,2,9,80,89,0.9444444444444444,0.8946360153256705,0.8946360153256705,0.9192029234473987
sigi,2026,129a9dc1225e09d304cbbc9001c48d47aff11b5e,sigi/apps/utils/forms/__init__.py,Python,a84cf89bd26b57f3,0,0,0,0,0,0,0.4042145593869732,0.2739463601532567,0.2739463601532567,0.3327658444988213
sigi,2026,129a9dc1225e09d304cbbc9001c48d47aff11b5e,sigi/apps/utils/forms/fields.py,Python,09b089b523728756,12,1,0,0,0,0,0.4042145593869732,0.5574712643678161,0.4042145593869732,0.47469780018168994
sigi,2026,129a9dc1225e09d304cbbc9001c48d47aff11b5e,sigi/apps/utils/forms/widgets.py,Python,00d528a1e83a6ad5,6,2,0,0,0,0,0.4042145593869732,0.5881226053639846,0.4042145593869732,0.48757329684132805
sigi,2026,129a9dc1225e09d304cbbc9001c48d47aff11b5e,sigi/apps/utils/management/__init__.py,Python,685402eb87ff8d88,0,0,0,0,0,0,0.4042145593869732,0.2739463601532567,0.2739463601532567,0.3327658444988213
sigi,2026,129a9dc1225e09d304cbbc9001c48d47aff11b5e,sigi/apps/utils/management/jobs.py,Python,79ba13b486a8b65e,42,8,2,21,108,129,0.9444444444444444,0.7260536398467433,0.7260536398467433,0.8280805072708355
sigi,2026,129a9dc1225e09d304cbbc9001c48d47aff11b5e,sigi/apps/utils/middleware.py,Python,cb808c8c2fb2fa63,59,18,1,22,8,30,0.8620689655172413,0.8275862068965517,0.8275862068965517,0.8446516354424752
sigi,2026,129a9dc1225e09d304cbbc9001c48d47aff11b5e,sigi/apps/utils/mixins.py,Python,3fcea63a011060a7,83,21,0,0,0,0,0.4042145593869732,0.8563218390804598,0.4042145593869732,0.5883347303001503
sigi,2026,129a9dc1225e09d304cbbc9001c48d47aff11b5e,sigi/apps/utils/models.py,Python,217b2af6ca62e447,100,6,2,38,281,319,0.9444444444444444,0.6896551724137931,0.6896551724137931,0.8070569968525039
sigi,2026,129a9dc1225e09d304cbbc9001c48d47aff11b5e,sigi/apps/utils/pagination.py,Python,6891d6802b7d9d3a,5,0,0,0,0,0,0.4042145593869732,0.2739463601532567,0.2739463601532567,0.3327658444988213
sigi,2026,129a9dc1225e09d304cbbc9001c48d47aff11b5e,sigi/apps/utils/resources.py,Python,0a7d7c1c42a53704,13,3,0,0,0,0,0.4042145593869732,0.6187739463601533,0.4042145593869732,0.5001174242996418
sigi,2026,129a9dc1225e09d304cbbc9001c48d47aff11b5e,sigi/apps/utils/templatetags/__init__.py,Python,4a6343cb9621526c,0,0,0,0,0,0,0.4042145593869732,0.2739463601532567,0.2739463601532567,0.3327658444988213
sigi,2026,129a9dc1225e09d304cbbc9001c48d47aff11b5e,sigi/apps/utils/templatetags/action_icons.py,Python,9034c146aa7d1db3,21,4,0,0,0,0,0.4042145593869732,0.6360153256704981,0.4042145593869732,0.5070371333830124
sigi,2026,129a9dc1225e09d304cbbc9001c48d47aff11b5e,sigi/apps/utils/templatetags/dict_get.py,Python,ab337351bd2b1a63,11,2,0,0,0,0,0.4042145593869732,0.5881226053639846,0.4042145593869732,0.48757329684132805
sigi,2026,129a9dc1225e09d304cbbc9001c48d47aff11b5e,sigi/apps/utils/templatetags/file_image.py,Python,b580b96d1ccc27b1,21,6,0,0,0,0,0.4042145593869732,0.6896551724137931,0.4042145593869732,0.5279854748439472
sigi,2026,129a9dc1225e09d304cbbc9001c48d47aff11b5e,sigi/apps/utils/templatetags/model_fields.py,Python,f444fdd30cd79092,10,3,0,0,0,0,0.4042145593869732,0.6187739463601533,0.4042145593869732,0.5001174242996418
sigi,2026,129a9dc1225e09d304cbbc9001c48d47aff11b5e,sigi/apps/utils/templatetags/pdf.py,Python,af7f4bb3f78a8a1b,6,1,0,0,0,0,0.4042145593869732,0.5574712643678161,0.4042145593869732,0.47469780018168994
sigi,2026,129a9dc1225e09d304cbbc9001c48d47aff11b5e,sigi/apps/utils/templatetags/sigi_tags.py,Python,a4cfe5ddc9b58f6e,48,16,0,0,0,0,0.4042145593869732,0.8084291187739464,0.4042145593869732,0.5716457119937224
sigi,2026,129a9dc1225e09d304cbbc9001c48d47aff11b5e,sigi/apps/utils/views.py,Python,38a047445e3a6e6b,191,37,0,0,0,0,0.4042145593869732,0.9252873563218391,0.4042145593869732,0.6115673479200548
sigi,2026,129a9dc1225e09d304cbbc9001c48d47aff11b5e,sigi/apps/whois/__init__.py,Python,439272f78178964d,0,0,0,0,0,0,0.4042145593869732,0.2739463601532567,0.2739463601532567,0.3327658444988213
sigi,2026,129a9dc1225e09d304cbbc9001c48d47aff11b5e,sigi/apps/whois/admin.py,Python,e6e699d98f65d62c,1,0,0,0,0,0,0.4042145593869732,0.2739463601532567,0.2739463601532567,0.3327658444988213
sigi,2026,129a9dc1225e09d304cbbc9001c48d47aff11b5e,sigi/apps/whois/models.py,Python,5d7c87f6a0ecb159,1,0,0,0,0,0,0.4042145593869732,0.2739463601532567,0.2739463601532567,0.3327658444988213
sigi,2026,129a9dc1225e09d304cbbc9001c48d47aff11b5e,sigi/apps/whois/urls.py,Python,933b6cf474bf5754,7,0,0,0,0,0,0.4042145593869732,0.2739463601532567,0.2739463601532567,0.3327658444988213
sigi,2026,129a9dc1225e09d304cbbc9001c48d47aff11b5e,sigi/apps/whois/views.py,Python,04a930cf1236da05,66,10,0,0,0,0,0.4042145593869732,0.7528735632183908,0.4042145593869732,0.5516542899592302
sigi,2026,129a9dc1225e09d304cbbc9001c48d47aff11b5e,sigi/asgi.py,Python,bdc726e110c4b8bc,4,0,0,0,0,0,0.4042145593869732,0.2739463601532567,0.2739463601532567,0.3327658444988213
sigi,2026,129a9dc1225e09d304cbbc9001c48d47aff11b5e,sigi/settings.py,Python,3f31b4cbfb6621d2,251,0,7,46,20,66,0.9961685823754789,0.2739463601532567,0.2739463601532567,0.5223952117322593
sigi,2026,129a9dc1225e09d304cbbc9001c48d47aff11b5e,sigi/shortcuts.py,Python,6342ebb826410b9f,35,5,0,0,0,0,0.4042145593869732,0.6609195402298851,0.4042145593869732,0.5168687461476694
sigi,2026,129a9dc1225e09d304cbbc9001c48d47aff11b5e,sigi/urls.py,Python,ccf09753e7213f9b,59,0,1,8,18,26,0.8620689655172413,0.2739463601532567,0.2739463601532567,0.4859636357841311
sigi,2026,129a9dc1225e09d304cbbc9001c48d47aff11b5e,sigi/wsgi.py,Python,947a6d2d9cc9d758,4,0,0,0,0,0,0.4042145593869732,0.2739463601532567,0.2739463601532567,0.3327658444988213
